Ground Truth,Response
( F get_help ) -> ( ! get_help U ( avoid_impending_gas_leak & ! get_help ) ),F get_help -> F avoid_impending_gas_leak
[]<>(house_2&&p_trash_can_4),G(F(house_2 & F(p_trash_can_4)))
F ( gather_pear ) -> F ( make_your_way_flag ),G(gather_pear -> F(make_your_way_flag))
G(( elevator_falls | motorbike_catches_fire ) -> F( brake_is_pressed & escalator_moves )),F((brake_is_pressed) & ((escalator_moves) U (elevator_falls | motorbike_catches_fire)))
F ( office_3 & F ( p_document_1 & F ( street_2 & G street_2 ) ) ),F(office_3 & X(p_document_1 & G street_2))
G(( car_enters & train_is_crossing ) -> F( train_has_arrived )),F(train_has_arrived & (car_enters & train_is_crossing))
G(( constructor_instantiate_objects ) -> G(( elevator_is_open ) -> F( elevator_is_blocked ))),constructor_instantiate_objects -> (elevator_is_open -> F elevator_is_blocked)
F ( ( red_room | blue_room ) & F green_room ),green_room & (red_room | blue_room)
F ( stop_by_trash_can ) & F ( go_to_home ),F stop_by_trash_can & G go_to_home
F ( landmark_9 & photo & G landmark_9 ),F(landmark_9 & photo) & G(landmark_9)
F ( street_4 & F ( p_traffic_cone_5 & F ( intersection_6 & pd ) ) ),p_traffic_cone_5 & F intersection_6
G ( get_help -> X G ! deliver_aid_injured_victim ),G(get_help -> G(!deliver_aid_injured_victim))
F ( table_4 & F ( p_tin_can_4 & F ( trash_can_5 & pd ) ) ) & G ! hallway_2,p_tin_can_4 & table_4 & F trash_can_5 & G !hallway_2
G ( ! ( let_go_orange ) ) & hold_pear,!(let_go_orange) & hold_pear
G ( ! ( drop_apple ) ) & secure_apple,G(!(drop_apple) & secure_apple)
( F deliver_aid_injured_victim ) -> ( ! deliver_aid_injured_victim U ( avoid_probable_fire_source & ! deliver_aid_injured_victim ) ),F deliver_aid_injured_victim -> F avoid_probable_fire_source
G(( semaphore_is_red ) -> G(( bar_has_to_be_repaired ) -> F( escalator_moves ))),G(semaphore_is_red -> (bar_has_to_be_repaired -> F(escalator_moves)))
G(( bridge_closes | car_starts ) -> F( elevator_falls | train_stops )),F((elevator_falls | train_stops) & (bridge_closes | car_starts))
! office_4 U p_pass_6 & F ( house_5 & F ( p_pass_6 & F ( office_4 & pd ) ) ),(!office_4 U p_pass_6) & F(house_5 & F(p_pass_6 & F(office_4)))
G ( F ( go_to_waste_basket ) ) | F ( touch_tree ),G(F(go_to_waste_basket) | touch_tree)
F ( capture_pear ) U venture_to_trash_can,capture_pear U venture_to_trash_can
G ( communicate_injured_victim -> ( get_help | X get_help ) ),communicate_injured_victim -> (get_help | X get_help)
F ( grasp_pear ) | G ( ! ( drop_orange ) ),F(grasp_pear | !drop_orange)
! G ( ! ( photo_fire_source & X photo_fire_source ) ),G (photo_fire_source | X photo_fire_source | X X photo_fire_source)
G ( change_light_west_green & X record_collision_south_9th_avenue -> X X record_vehicle_west_7th_street ),(change_light_west_green & X record_collision_south_9th_avenue) -> XX record_vehicle_west_7th_street
!room_2 U (kitchen_1&&<>(p_bottle_4&&<>(table_4&&pd))),(!room_2) U (p_bottle_4 & table_4)
[]!street_6&&<>(car_1&&photo),photo & G(!street_6)
G F ( area_51 & photo ) & G F charger_4,G(photo & charger_4)
F ( make_way_waste_basket ) | G ( hold_on_pear ),G((make_way_waste_basket | G(hold_on_pear)))
G ( get_help -> X G ! deliver_scissors_shelf ),G(get_help -> G(!deliver_scissors_shelf))
G(!( car_enters | motorbike_has_started )) | F(( car_enters | motorbike_has_started ) & F( bar_is_closing & elevator_is_blocked )),(car_enters | motorbike_has_started) & F(bar_is_closing & elevator_is_blocked)
G ( ! ( let_go_orange ) ) & F ( show_yourself_near_house ),G(!let_go_orange & show_yourself_near_house)
G F ( mall_5 & F ( p_crate_8 & F ( office_6 & pd ) ) ),G(pd -> (p_crate_8 & mall_5 & F office_6))
G(( sensor_captures_data | train_has_been_launched ) -> G( manager_collect_claims | escalator_speeds_up )),G((sensor_captures_data | train_has_been_launched) -> F(manager_collect_claims | escalator_speeds_up))
( F record_flood ) -> ( ! record_flood U ( communicate_safe_hostile & ! record_flood ) ),record_flood -> F communicate_safe_hostile
G(!( car_enters | motorbike_falls_down )) | F(( car_enters | motorbike_falls_down ) & F( table_is_brown & house_is_built )),F((car_enters | motorbike_falls_down) & F(table_is_brown & house_is_built))
G ( ! ( drop_orange ) ) | take_apple,G(!(drop_orange | take_apple))
G(( engine_stops | train_stops ) -> F( engine_breaks & semaphore_is_yellow )),((engine_stops | train_stops) -> F(engine_breaks & semaphore_is_yellow))
G ( moving ) U ! ( let_go_orange ),moving U !let_go_orange
G(( elevator_falls & bar_is_up ) -> G(!( train_is_crossing & manager_collect_claims ))),G((elevator_falls & bar_is_up) -> !(train_is_crossing & manager_collect_claims))
G ( go_home -> ( communicate_injured_rescuer | X communicate_injured_rescuer ) ),go_home -> (communicate_injured_rescuer | X communicate_injured_rescuer)
F ( have_pear ) & F ( migrate_to_tree ),G have_pear & G migrate_to_tree
G ( communicate_injured_victim -> ( record_safe_civilian | X record_safe_civilian ) ),communicate_injured_victim -> (record_safe_civilian | X record_safe_civilian)
G ( ( deliver_hot_dog_shelf <-> get_help ) -> ( get_help <-> pickup_potted_plant ) ),(deliver_hot_dog_shelf <-> get_help) -> (get_help <-> pickup_potted_plant)
F ( red_room & F green_room ),red_room & F green_room
F ( have_possession_of_apple ) | grasp_orange,F(have_possession_of_apple | grasp_orange)
F ( go_near_flag ) & F ( pick_up_apple ),G(go_near_flag -> F(pick_up_apple))
G ( communicate_safe_hostile -> F avoid_impending_unstable_beam ) -> G F get_help,G((communicate_safe_hostile -> F(!avoid_impending_unstable_beam)) -> G F get_help)
G(( motorbike_falls_down & escalator_is_blocked ) -> G( bar_is_up | elevator_rises )),((motorbike_falls_down & escalator_is_blocked) -> G(bar_is_up | elevator_rises))
<>(house_4&&<>(p_package_2&&<>(warehouse_5&&pd))),house_4 & p_package_2 & warehouse_5
G(( engine_starts | train_is_crossing ) -> G( elevator_is_blocked & escalator_is_blocked )),(train_is_crossing | engine_starts) -> G(elevator_is_blocked & escalator_is_blocked)
G(( brake_is_released | escalator_is_blocked ) -> G( semaphore_is_yellow )),((brake_is_released | escalator_is_blocked) -> G(semaphore_is_yellow))
F ( house_4 & F ( p_package_2 & F ( warehouse_5 & pd ) ) ),house_4 & pd & F warehouse_5
F ( pass_by_waste_receptacle ) -> go_visit_flag,G(pass_by_waste_receptacle -> go_visit_flag)
! ( let_go_orange ) & approach_trash_can,!(let_go_orange & approach_trash_can)
G(!( train_stops | engine_starts | semaphore_is_broken )),!(train_stops | engine_starts | semaphore_is_broken)
F ( come_home ) | F ( secure_pear ),F(come_home) | G(secure_pear)
F ( move_past_trash_can ) & G ( touch_flag ),G(move_past_trash_can -> G(touch_flag))
<>(street_5&&<>(building_2&&[]building_2)),street_5 & X(F(building_2 & G(building_2)))
F ( get_hold_orange ) | F ( visit_flag ),G(get_hold_orange | visit_flag)
G(( bar_is_closing & semaphore_is_green ) -> G(!( elevator_is_open | manager_handles_requests ))),G(!((bar_is_closing & semaphore_is_green) -> (elevator_is_open | manager_handles_requests)))
( record_injured_rescuer U photo_flood ),record_injured_rescuer & X photo_flood
[]!house_1,!house_1
G(!( bar_has_to_be_repaired & motorbike_has_stopped )),!(bar_has_to_be_repaired & motorbike_has_stopped)
G F photo_pedestrian_north_5th_avenue -> G F photo_car_northeast_8th_avenue,G(F(photo_pedestrian_north_5th_avenue) -> F(photo_car_northeast_8th_avenue))
communicate_safe_victim -> X ( ( deliver_aid_injured_rescuer U avoid_active_flood ) | G deliver_aid_injured_rescuer ),communicate_safe_victim -> (X(deliver_aid_injured_rescuer U avoid_active_flood) | G(deliver_aid_injured_rescuer))
G ( have_in_orange ) | F ( visit_trash_bin ),G(have_in_orange | F visit_trash_bin)
G(!( car_enters | motorbike_falls_down )) | F(( car_enters | motorbike_falls_down ) & F( brake_is_released & bar_is_up )),F((car_enters | motorbike_falls_down) & F(brake_is_released & X bar_is_up))
house_4 U room_2,!room_2 U house_4
G(( engine_starts & house_is_built ) -> G( table_has_been_moved & motorbike_has_stopped )),((engine_starts & house_is_built) -> (table_has_been_moved & motorbike_has_stopped))
G(( train_is_crossing | train_has_been_launched ) -> F( motorbike_catches_fire & semaphore_is_red )),F((train_is_crossing | train_has_been_launched) & motorbike_catches_fire & semaphore_is_red)
G(!( manager_collect_claims & sensor_captures_data )) | F(( manager_collect_claims & sensor_captures_data ) & F( motorbike_catches_fire | bridge_opens )),F((manager_collect_claims & sensor_captures_data) & F((motorbike_catches_fire | bridge_opens)))
G ( F ( go_to_waste_basket ) ) & F ( journey_to_flag ),G(F(go_to_waste_basket)) & G(journey_to_flag -> go_to_waste_basket)
G ( F ( grab_tree ) ) & approach_trash_can,G(F(grab_tree & approach_trash_can))
F ( stop_by_house ) & ! ( let_go_orange ),G((stop_by_house & !let_go_orange))
G(( motorbike_falls_down & escalator_is_blocked ) -> G( semaphore_is_yellow )),G((motorbike_falls_down & escalator_is_blocked) -> semaphore_is_yellow)
F ( parking_lot_2 & p_dish_2 ),p_dish_2 & parking_lot_2
[]<>(table_2&&<>(p_brochure_8&&<>(street_9&&pd)))&&[]<>charger_6,F(p_brochure_8 & table_2) & F(p_brochure_8 & street_9) & G F charger_6
F ( pick_up_peach ) | F ( gather_pear ),G(pick_up_peach) | G(gather_pear)
G(!( bridge_closes )) | F(( bridge_closes ) & F( elevator_is_blocked | house_is_open )),F bridge_closes & F (elevator_is_blocked | house_is_open)
G(( manager_collect_claims & bar_is_up ) -> F( semaphore_is_yellow )),(manager_collect_claims & bar_is_up) -> F semaphore_is_yellow
[]<>charging_station_9&&[]<>(warehouse_5&&<>(p_crate_4&&<>(mall_4&&pd))),G((p_crate_4 & warehouse_5 & !mall_4) -> F(charging_station_9))
[]<>(mall_5&&<>(p_crate_8&&<>(office_6&&pd))),G(F(p_crate_8 & mall_5 & F(office_6)))
[]<>charger_4&&[]<>(area_5&&photo),G(photo & area_5 -> charger_4)
G area_2 & G F ( building_8 & photo ),G(area_2 -> F(building_8 & photo))
G(!( elevator_is_open & engine_starts )),!(elevator_is_open & engine_starts)
G ( photo_car_southeast_5th_street <-> X record_person_north_6th_avenue ),G(photo_car_southeast_5th_street -> X record_person_north_6th_avenue)
F ( ( red_room | yellow_room ) & F blue_room ),(yellow_room & blue_room) & (red_room & blue_room)
G(!( table_is_old | bar_has_to_be_repaired )) | F(( table_is_old | bar_has_to_be_repaired ) & F( manager_handles_requests | manager_collect_claims )),F((table_is_old | bar_has_to_be_repaired) & F(manager_handles_requests | manager_collect_claims))
G ( stay ) & come_to_tree,G(stay & come_to_tree)
<>(statue_6&&photo&&<>(bench_4&&[]bench_4)),photo & statue_6 & X(bench_4 & G(bench_4))
G(!( train_is_crossing | elevator_rises )) | F(( train_is_crossing | elevator_rises ) & F( engine_starts & constructor_creates_instances )),F(train_is_crossing | elevator_rises) & F(engine_starts & constructor_creates_instances)
G(( motorbike_falls_down & escalator_speeds_up ) -> F( motorbike_falls_down & constructor_creates_instances )),((motorbike_falls_down & escalator_speeds_up) -> F(motorbike_falls_down & constructor_creates_instances))
G(!( constructor_creates_instances & motorbike_has_stopped )) | F(( constructor_creates_instances & motorbike_has_stopped ) & F( bridge_closes )),F((constructor_creates_instances & motorbike_has_stopped) & F(bridge_closes))
G ( ! ( let_go_orange ) ) | F ( arrive_at_tree ),G(!let_go_orange | F(arrive_at_tree))
G(( motorbike_catches_fire & bar_has_to_be_repaired ) -> F( elevator_is_blocked | constructor_creates_instances )),((motorbike_catches_fire & bar_has_to_be_repaired) -> F(elevator_is_blocked | constructor_creates_instances))
G(!( elevator_rises & bar_is_closing )) | F(( elevator_rises & bar_is_closing ) & F( elevator_rises | car_stops )),F((elevator_rises & bar_is_closing) & F((elevator_rises | car_stops)))
! get_help U idle,G(get_help -> (!get_help U idle))
! G ( ! ( deliver_zebra_loading_dock & X deliver_zebra_loading_dock ) ),G(deliver_zebra_loading_dock | X(deliver_zebra_loading_dock) | X(X(deliver_zebra_loading_dock)))
<>(monument_3&&photo&&<>(pathway_8&&[]pathway_8)),photo & monument_3 & X(pathway_8 & G(pathway_8))
G(!( sensor_gathers_information )) | F(( sensor_gathers_information ) & F( engine_starts | elevator_falls )),F(sensor_gathers_information & F(engine_starts | elevator_falls))
G(( train_derails ) -> F( semaphore_is_red & motorbike_falls_down )),train_derails -> F(semaphore_is_red & motorbike_falls_down)
G ( F ( go_to_waste_basket ) ) U hold_orange,(go_to_waste_basket) U (hold_orange)
G(( motorbike_catches_fire ) -> G(( engine_starts ) -> F( semaphore_is_green ))),motorbike_catches_fire -> G(engine_starts -> F(semaphore_is_green))
<>[]intersection_4,G(intersection_4)
G(( bar_has_to_be_repaired ) -> G(( semaphore_is_green ) -> F( table_is_brown ))),G(semaphore_is_green -> F(table_is_brown))
record_unsafe_rescuer -> X ( ( photo_unsafe_person U deliver_aid_injured_rescuer ) | G photo_unsafe_person ),record_unsafe_rescuer -> (X(photo_unsafe_person U deliver_aid_injured_rescuer) | G(photo_unsafe_person))
F ( ! avoid_inactive_unstable_beam ),F avoid_inactive_unstable_beam
F G house_5,F house_5 & G house_5
F ( steal_apple ) -> F ( stop_by_trash_can ),G(steal_apple -> G(stop_by_trash_can))
G(( elevator_is_open | bar_is_closing ) -> G(!( house_is_open & semaphore_is_green ))),G((elevator_is_open | bar_is_closing) -> !(house_is_open & semaphore_is_green))
G ( F ( go_to_apple_trashcan ) ) & snatch_up_pear,G(F(go_to_apple_trashcan & snatch_up_pear))
G F ( warehouse_3 & F ( p_crate_4 & F ( store_9 & pd ) ) ) & G F charger_3,G(F(warehouse_3 & p_crate_4 & pd & store_9) & F(charger_3))
G(( semaphore_is_red ) -> G(( sensor_retrieves_data ) -> F( sensor_captures_data ))),semaphore_is_red -> F(sensor_retrieves_data & X sensor_captures_data)
G(!( sensor_retrieves_data | train_has_been_launched )) | F(( sensor_retrieves_data | train_has_been_launched ) & F( bridge_closes )),F((sensor_retrieves_data | train_has_been_launched) & F(bridge_closes))
<>(arch_4&&photo)&&[]!park_2,photo & G(!park_2)
G(( escalator_moves & motorbike_has_stopped ) -> F( semaphore_is_yellow )),F((escalator_moves & motorbike_has_stopped) -> semaphore_is_yellow)
G ( ! ( deliver_bicycle_shelf & get_help ) -> F search_apple ),G((!deliver_bicycle_shelf & !get_help) -> F(search_apple))
photo_unsafe_civilian U ( G ( F photo_safe_rescuer ) ),photo_unsafe_civilian -> (photo_unsafe_civilian U G F photo_safe_rescuer)
F ( bring_pear ) U secure_apple,bring_pear U secure_apple
G(( sensor_gathers_information | train_derails ) -> F( train_has_arrived )),((sensor_gathers_information | train_derails) -> F(train_has_arrived))
( pickup_mouse U deliver_traffic_light_shelf ) | G pickup_mouse,(deliver_traffic_light_shelf U pickup_mouse) | G pickup_mouse
G ( ! ( idle & search_dining_table ) -> F get_help ),G((!idle & !search_dining_table) -> F(get_help))
G(( manager_handles_requests | motorbike_has_started ) -> G( semaphore_is_yellow )),G((manager_handles_requests | motorbike_has_started) -> semaphore_is_yellow)
G(!( car_enters & table_is_brown )) | F(( car_enters & table_is_brown ) & F( bar_is_closing | motorbike_has_stopped )),F((car_enters & table_is_brown) & F(bar_is_closing | motorbike_has_stopped))
go_by_waste_bin -> F ( reach_flag ),G(go_by_waste_bin -> F(reach_flag))
G F charging_station_9 & G F ( warehouse_5 & F ( p_crate_4 & F ( mall_4 & pd ) ) ),G(F(charging_station_9) & F(p_crate_4 & warehouse_5 & F(mall_4)))
G(!( bridge_closes & elevator_falls )) | F(( bridge_closes & elevator_falls ) & F( engine_stops & brake_is_pressed )),F(bridge_closes & elevator_falls & F(engine_stops & F(brake_is_pressed)))
photo_debris -> X ( ( deliver_aid_safe_hostile U get_help ) | G deliver_aid_safe_hostile ),photo_debris -> (X(deliver_aid_safe_hostile U get_help) | G(deliver_aid_safe_hostile))
G ( record_fire_source -> X G ! deliver_aid_safe_rescuer ),G(record_fire_source -> G(!deliver_aid_safe_rescuer))
F ( go_by_waste_basket ) U G ( ! ( drop_apple ) ),go_by_waste_basket U !drop_apple
G(!( train_has_arrived )) | F(( train_has_arrived ) & F( sensor_retrieves_data | engine_starts )),F(train_has_arrived & F(sensor_retrieves_data | engine_starts))
put_in_apple_bucket & F ( have_possession_of_apple ),put_in_apple_bucket & G have_possession_of_apple
G(( sensor_captures_data & brake_is_released ) -> G(!( constructor_instantiate_objects & escalator_speeds_up ))),!((constructor_instantiate_objects & escalator_speeds_up) & (sensor_captures_data & brake_is_released))
photo_safe_victim -> X ( ( deliver_aid_injured_hostile U communicate_safe_rescuer ) | G deliver_aid_injured_hostile ),photo_safe_victim -> (X(deliver_aid_injured_hostile U communicate_safe_rescuer) | G(deliver_aid_injured_hostile))
G(!( bridge_closes )) | F(( bridge_closes ) & F( semaphore_is_green | bar_is_up )),F(bridge_closes & F(semaphore_is_green | bar_is_up))
F ( have_pear ) | G ( F ( go_to_apple_trashcan ) ),F(have_pear | go_to_apple_trashcan)
parking_lot_4 U (car_5&&photo),parking_lot_4 U photo
( F ( blue_room ) & G ( ! green_room ) ),blue_room & !green_room
park_5 U bench_4&&<>(store_2&&<>(p_bottle_5&&<>(bench_4&&pd))),(park_5 U (bench_4 & p_bottle_5))
G(( motorbike_falls_down & engine_starts ) -> G(!( constructor_instantiate_objects & escalator_speeds_up ))),G((motorbike_falls_down & engine_starts) -> !(constructor_instantiate_objects & escalator_speeds_up))
!building_3 U street_6&&<>(store_3&&<>(p_box_8&&<>(house_2&&pd))),(!building_3 U street_6) & (street_6 -> F(p_box_8 & !store_3 U house_2))
G(!( escalator_speeds_up | house_collapses )) | F(( escalator_speeds_up | house_collapses ) & F( train_has_arrived )),F((escalator_speeds_up | house_collapses) & F(train_has_arrived))
G ( stay ) | get_to_tree,G(stay | get_to_tree)
!office_4 U p_pass_6&&<>(house_5&&<>(p_pass_6&&<>(office_4&&pd))),(!office_4 U p_pass_6) & F(house_5 & p_pass_6 & F office_4)
G(!( sensor_gathers_information )) | F(( sensor_gathers_information ) & F( elevator_is_open | train_derails )),F(sensor_gathers_information & F(elevator_is_open | train_derails))
( F pickup_spoon ) -> ( ! pickup_spoon U ( pickup_apple & ! pickup_spoon ) ),G(pickup_spoon -> F pickup_apple)
F ( go_to_trashcan ) & F ( get_near_flag ),G((go_to_trashcan) -> F(get_near_flag))
F ( get_near_flag ) | G ( F ( go_to_apple_trashcan ) ),F(get_near_flag | G(go_to_apple_trashcan))
G ( F ( go_to_apple_trashcan ) ) | ! ( let_go_orange ),G(F(go_to_apple_trashcan) | !let_go_orange)
F ( spend_time_at_tree ) U G ( ! ( drop_orange ) ),G(spend_time_at_tree U !drop_orange)
F ( green_room & F blue_room ),green_room & X blue_room
G(( bar_is_up | sensor_retrieves_data ) -> G(!( bridge_opens & elevator_is_blocked ))),((bar_is_up | sensor_retrieves_data) -> !(bridge_opens & elevator_is_blocked))
[]<>(storage_4&&<>(p_crate_1&&<>(office_2&&pd))),G(p_crate_1 -> (storage_4 & F office_2))
G(( motorbike_has_stopped & constructor_creates_instances ) -> F( train_has_arrived )),F(train_has_arrived & motorbike_has_stopped & constructor_creates_instances)
F ( clutch_orange ) U grab_hold_pear,clutch_orange U grab_hold_pear
<>(kitchen_1&&<>(p_bottle_2&&<>(hall_2&&[]hall_2))),p_bottle_2 & X(hall_2 & G(hall_2))
G ( photo_safe_person -> X avoid_nearest_debris ),G(photo_safe_person -> X(!avoid_nearest_debris))
! change_light_west_red U get_help,change_light_west_red -> get_help
F ( house_3 & F ( p_box_8 & F ( office_2 & pd ) ) ),F(pd & p_box_8 & house_3 & F(office_2))
F ( arrive_at_tree ) | G ( ! ( let_go_orange ) ),(arrive_at_tree | G !let_go_orange)
G ( ! ( drop_apple ) ) & F ( show_yourself_near_house ),!drop_apple & F show_yourself_near_house
( F photo_fire_source ) -> ( ! photo_fire_source U ( photo_unstable_beam & ! photo_fire_source ) ),photo_fire_source -> F photo_unstable_beam
G ( ! ( get_help & record_safe_rescuer ) -> F photo_flood ),G((!get_help & !record_safe_rescuer) -> F(photo_flood))
G ( ! ( drop_orange ) ) & grip_apple,G(!(drop_orange & grip_apple))
G(!( bar_has_to_be_repaired & sensor_retrieves_data )) | F(( bar_has_to_be_repaired & sensor_retrieves_data ) & F( elevator_falls | brake_is_pressed )),F((bar_has_to_be_repaired & sensor_retrieves_data) & F(elevator_falls | brake_is_pressed))
<>(arch_2&&photo&&<>(park_8&&[]park_8)),photo & F(park_8 & G park_8)
G(!( house_is_open & constructor_creates_instances )),!(house_is_open & constructor_creates_instances)
G ( ! ( let_go ) ) U ! ( let_go_pear ),!let_go U !let_go_pear
G( bridge_closes & train_has_been_launched & escalator_moves ),G(bridge_closes -> (train_has_been_launched & escalator_moves))
! photo_car_northwest_5th_street U photo_car_southwest_9th_street,photo_car_northwest_5th_street -> photo_car_southwest_9th_street
[]<>(area_4&&photo)&&[]<>(area_3&&photo),G(photo & area_4) & G F area_3
( communicate_safe_hostile U avoid_active_flood ),communicate_safe_hostile -> X !avoid_active_flood
G ( move_around ) | G ( ! ( drop_orange ) ),G(move_around | !drop_orange)
G(( elevator_rises ) -> G(( elevator_falls ) -> F( bar_has_to_be_repaired ))),elevator_rises -> G(elevator_falls -> F(bar_has_to_be_repaired))
F ( go_to_tree ) -> reach_trash_can,G(go_to_tree -> reach_trash_can)
[]county_4&&[]<>(office_3&&<>(p_package_4&&<>(office_8&&pd))),G(county_4 & (p_package_4 -> (office_3 U office_8)))
G(( train_has_been_launched & bar_is_closing ) -> G( semaphore_is_yellow )),G((train_has_been_launched & bar_is_closing) -> semaphore_is_yellow)
F ( go_near_flag ) & F ( go_near_pear ),G(go_near_flag -> G(go_near_pear))
F G street_2,G(street_2)
F blue_room,blue_room
F ( proceed_to_flag ) U F ( visit_flag ),G(proceed_to_flag U visit_flag)
( F ( green_room ) & G ( ! red_room ) ),!red_room & F green_room
G(!( bridge_closes )) | F(( bridge_closes ) & F( manager_handles_requests | manager_collect_claims )),F(bridge_closes & F(manager_handles_requests | manager_collect_claims))
F ( ( red_room | blue_room ) & F yellow_room ),yellow_room & (red_room | blue_room)
<>(p_luggage_2&&<>(room_402&&pd)),p_luggage_2 & pd & room_402
G(( sensor_captures_data ) -> F( bar_is_down & elevator_is_open )),sensor_captures_data -> F(bar_is_down & elevator_is_open)
( get_help U change_light_south_yellow ),get_help & X(change_light_south_yellow)
G(!( semaphore_is_red & table_has_been_moved )),!(semaphore_is_red & table_has_been_moved)
G ( change_light_north_green & X change_light_east_green -> X X photo_cyclist_east_3rd_avenue ),(change_light_north_green & X change_light_east_green) -> X X photo_cyclist_east_3rd_avenue
G(( house_is_built & motorbike_has_stopped ) -> G(!( escalator_moves | table_is_old ))),G((house_is_built & motorbike_has_stopped) -> (!escalator_moves | !table_is_old))
go_to_orange -> F ( procure_orange ),go_to_orange -> G(procure_orange)
G(( motorbike_is_driven | escalator_speeds_up ) -> G(!( bar_is_closing & elevator_is_blocked ))),G((motorbike_is_driven | escalator_speeds_up) -> !(bar_is_closing & elevator_is_blocked))
G(!( sensor_gathers_information )) | F(( sensor_gathers_information ) & F( train_has_arrived & elevator_falls )),F(sensor_gathers_information & F(train_has_arrived & elevator_falls))
<>[]intersection_5,G(intersection_5)
F ( bring_pear ) -> venture_towards_house,G(bring_pear -> venture_towards_house)
( deliver_clock_loading_dock U idle ),deliver_clock_loading_dock -> X idle
F ( make_your_way_flag ) | take_apple,F(make_your_way_flag | take_apple)
G ( ( record_jaywalker_southeast_10th_street <-> record_person_southeast_4th_avenue ) -> ( record_person_southeast_4th_avenue <-> record_cyclist_southwest_5th_avenue ) ),G((record_jaywalker_southeast_10th_street & record_person_southeast_4th_avenue) -> (record_person_southeast_4th_avenue & record_cyclist_southwest_5th_avenue))
G ( ! ( drop_pear ) ) & F ( going_to_house ),G(going_to_house -> !drop_pear)
parking_lot_9 U ( car_2 & photo ),parking_lot_9 U photo
( record_person_west_8th_street U record_cyclist_east_10th_avenue ),record_person_west_8th_street & X record_cyclist_east_10th_avenue
G(( escalator_is_blocked & manager_collect_claims ) -> F( sensor_captures_data )),F((escalator_is_blocked & manager_collect_claims) -> sensor_captures_data)
G(( house_is_open | train_is_crossing ) -> F( car_starts & table_is_brown )),F((house_is_open | train_is_crossing) -> (car_starts & table_is_brown))
F ( get_hold_apple ) -> G ( ! ( drop_orange ) ),get_hold_apple -> G !drop_orange
G ( get_help -> ( communicate_injured_victim | X communicate_injured_victim ) ),get_help -> (communicate_injured_victim | X communicate_injured_victim)
G(!( train_has_arrived )) | F(( train_has_arrived ) & F( manager_collect_claims & semaphore_is_broken )),F(train_has_arrived) & F(manager_collect_claims & semaphore_is_broken)
! G ( ! ( communicate_safe_rescuer & X communicate_safe_rescuer ) ),G(communicate_safe_rescuer | X communicate_safe_rescuer | X X communicate_safe_rescuer)
G(( motorbike_has_started & train_is_crossing ) -> G(!( bar_is_closing & elevator_is_blocked ))),G((motorbike_has_started & train_is_crossing) -> !(bar_is_closing & elevator_is_blocked))
G(!( table_is_old & bar_has_to_be_repaired )) | F(( table_is_old & bar_has_to_be_repaired ) & F( engine_breaks | car_enters )),F(table_is_old & bar_has_to_be_repaired & (engine_breaks | X car_enters))
G ( F ( make_way_to_house ) ) -> G ( F ( go_to_waste_basket ) ),G(make_way_to_house -> F(go_to_waste_basket))
G(( sensor_captures_data ) -> F( motorbike_is_driven | elevator_falls )),F((sensor_captures_data) -> ((motorbike_is_driven) | (elevator_falls)))
F ( grab_flag ) | G ( F ( grab_tree ) ),G(grab_flag | G F grab_tree)
( F photo_car_northeast_3rd_avenue ) -> ( ! photo_car_northeast_3rd_avenue U ( record_motorcycle_east_9th_street & ! photo_car_northeast_3rd_avenue ) ),F photo_car_northeast_3rd_avenue -> F record_motorcycle_east_9th_street
<>(house_4&&<>(p_package_2&&<>(warehouse_5&&pd))),F(p_package_2 & pd & house_4 & F(warehouse_5 & pd))
G(( motorbike_has_stopped & elevator_rises ) -> F( bar_is_down & elevator_is_open )),F((motorbike_has_stopped & elevator_rises) & (bar_is_down & elevator_is_open))
G(( escalator_is_blocked | motorbike_has_started ) -> G(!( motorbike_falls_down & engine_starts ))),G((escalator_is_blocked | motorbike_has_started) -> !(motorbike_falls_down & engine_starts))
G(!( bar_has_to_be_repaired | table_is_old )) | F(( bar_has_to_be_repaired | table_is_old ) & F( house_is_open & bar_is_up )),F(bar_has_to_be_repaired | (table_is_old & (house_is_open & X bar_is_up)))
F ( bedroom_2 & F ( p_bottle_3 & F ( kitchen_4 & pd ) ) ),F(pd & bedroom_2 & p_bottle_3 & F(kitchen_4))
[]locality_2&&<>(office_4&&<>(p_document_5&&<>(office_9&&pd))),G(locality_2 & (p_document_5 -> F(office_4 & X(p_document_5))) & (p_document_5 -> F(office_9)))
G(!( car_stops | motorbike_has_started )) | F(( car_stops | motorbike_has_started ) & F( engine_stops | train_is_crossing )),F((car_stops | motorbike_has_started) & X(train_is_crossing | engine_stops))
<>[]house_5,F house_5 & G house_5
G(!( table_has_been_moved & train_derails )) | F(( table_has_been_moved & train_derails ) & F( bridge_closes )),F((table_has_been_moved & train_derails) & F(bridge_closes))
gather_orange U F ( withold_apple ),gather_orange U withold_apple
[]<>(monument_8&&photo)&&!monument_8 U park_4,G(photo -> (!monument_8 U park_4))
F ( present_at_flag ) -> venture_towards_house,G(present_at_flag -> venture_towards_house)
G ( deliver_cake_shelf -> X F get_help ),deliver_cake_shelf -> X F get_help
G ( get_help -> X G ! deliver_refrigerator_shelf ),G(get_help -> G(!deliver_refrigerator_shelf))
[]<>(warehouse_3&&<>(p_crate_4&&<>(store_9&&pd)))&&[]<>charger_3,G(F(warehouse_3 & p_crate_4 & pd & store_9) & F(charger_3))
F ( ( red_room | green_room ) & F blue_room ),F(blue_room)
! ( F ( pick_up_anything ) ) | F ( go_to_peach ),!pick_up_anything | go_to_peach
G ( hold_on_pear ) -> F ( get_to_flag ),G(hold_on_pear -> F(get_to_flag))
G(( engine_breaks & semaphore_is_yellow ) -> F( brake_is_released & semaphore_is_yellow )),((engine_breaks & semaphore_is_yellow) -> F(brake_is_released & semaphore_is_yellow))
<>(statue_5&&photo),statue_5 -> F photo
G(( motorbike_has_stopped & car_starts ) -> G(!( bridge_opens & sensor_retrieves_data ))),(car_starts & motorbike_has_stopped) -> G !(bridge_opens & sensor_retrieves_data)
G(( escalator_speeds_up & motorbike_falls_down ) -> F( sensor_retrieves_data | car_enters )),(escalator_speeds_up & motorbike_falls_down) -> F(sensor_retrieves_data | car_enters)
F ( lay_hold_of_apple ) & F ( get_to_flag ),G(get_to_flag) & F(lay_hold_of_apple)
G(!( engine_stops | elevator_is_open )) | F(( engine_stops | elevator_is_open ) & F( car_enters & table_is_brown )),F((engine_stops | elevator_is_open) & F(car_enters & table_is_brown))
G(( table_is_old & house_is_built ) -> G(!( sensor_captures_data | table_has_been_moved ))),G(!(table_is_old & house_is_built -> (sensor_captures_data | table_has_been_moved)))
G ( F ( grab_tree ) ) & snatch_up_pear,G(F(grab_tree & snatch_up_pear))
!garage_1 U photo&&<>(landmark_5&&photo),(!garage_1) U (photo & landmark_5)
[]<>charging_station_5&&[]<>(warehouse_1&&<>(p_package_5&&<>(store_5&&pd))),G((p_package_5 & warehouse_1) -> F(charging_station_5))
G(( train_derails ) -> F( elevator_falls & escalator_is_blocked )),train_derails -> F(elevator_falls & escalator_is_blocked)
take_pear -> F ( steal_apple ),take_pear -> G steal_apple
G(( bar_is_down & semaphore_is_red ) -> G( house_is_built & train_derails )),(semaphore_is_red & bar_is_down) -> G(house_is_built & train_derails)
G(!( bridge_closes )) | F(( bridge_closes ) & F( train_is_crossing & house_collapses )),F(bridge_closes & F(train_is_crossing & house_collapses))
G(!( table_is_old | constructor_creates_instances )) | F(( table_is_old | constructor_creates_instances ) & F( semaphore_is_yellow | bar_is_up )),F((table_is_old | constructor_creates_instances) & F(semaphore_is_yellow | bar_is_up))
G(( bridge_opens & constructor_creates_instances ) -> G( manager_collect_claims & escalator_is_blocked )),G(((bridge_opens & constructor_creates_instances) -> (manager_collect_claims & escalator_is_blocked)))
F ( getting_pear ) -> F ( obtain_apple ),G(getting_pear -> F(obtain_apple))
! get_help U change_light_east_yellow,get_help -> change_light_east_yellow
G(( house_is_open & motorbike_has_started ) -> G(!( semaphore_is_green | bar_is_up ))),((house_is_open & motorbike_has_started) -> !(semaphore_is_green | bar_is_up))
go_by_waste_bin U F ( bring_pear ),go_by_waste_bin U bring_pear
G ( ! ( drop_orange ) ) & F ( venture_house ),G(!drop_orange) & G(venture_house)
change_light_east_red -> X ( ( photo_jaywalker_southeast_6th_avenue U change_light_east_green ) | G photo_jaywalker_southeast_6th_avenue ),(change_light_east_red -> (X(photo_jaywalker_southeast_6th_avenue U change_light_east_green) | G photo_jaywalker_southeast_6th_avenue))
G ( ! ( get_help & photo_collision_northwest_10th_avenue ) -> F photo_person_east_7th_avenue ),G((!get_help & !photo_collision_northwest_10th_avenue) -> F(photo_person_east_7th_avenue))
travel_to_apple U F ( spend_time_at_tree ),travel_to_apple U G spend_time_at_tree
<>(house_5&&<>(p_box_4&&<>(office_2&&pd))),F(house_5 & p_box_4 & F(office_2))
G ( ! ( drop_apple ) ) | venture_towards_house,G(!(drop_apple | venture_towards_house))
G(( elevator_is_open ) -> G(( semaphore_is_yellow ) -> F( train_stops ))),elevator_is_open -> G(semaphore_is_yellow -> F(train_stops))
G(!( bridge_closes )) | F(( bridge_closes ) & F( brake_is_pressed & motorbike_has_stopped )),F(bridge_closes & F(brake_is_pressed & motorbike_has_stopped))
park_5 U ( monument_2 & photo & F ( intersection_5 & G intersection_5 ) ),(park_5 U (photo & X (intersection_5 & G intersection_5)))
G(( motorbike_is_driven & bar_is_up ) -> G(!( sensor_captures_data | table_has_been_moved ))),((motorbike_is_driven & bar_is_up) -> G(!(sensor_captures_data | table_has_been_moved)))
G(!( manager_handles_requests | manager_collect_claims )) | F(( manager_handles_requests | manager_collect_claims ) & F( bridge_closes )),F((manager_handles_requests | manager_collect_claims) & F(bridge_closes))
<>(office_4&&<>(p_box_2&&<>(house_1&&pd))),F(pd & office_4 & p_box_2 & house_1)
move_towards_trash_can -> F ( approach_flag ),move_towards_trash_can -> approach_flag
G(( sensor_captures_data | escalator_moves ) -> G(!( motorbike_catches_fire | bar_has_to_be_repaired ))),((sensor_captures_data | escalator_moves) -> G(!(motorbike_catches_fire | bar_has_to_be_repaired)))
G(!( bridge_closes )) | F(( bridge_closes ) & F( engine_starts & constructor_creates_instances )),F(bridge_closes & F(engine_starts & constructor_creates_instances))
F G parking_lot_5,F(parking_lot_5)
! ( let_go_orange ) | snatch_up_pear,!(let_go_orange | snatch_up_pear)
! ( let_go_pear ) U F ( get_to_flag ),!let_go_pear U get_to_flag
( F ( red_room ) & G ( ! blue_room ) ),G(!red_room -> !blue_room) & F red_room
G ( record_car_northwest_3rd_street & X change_light_south_red -> X X record_cyclist_southwest_6th_street ),(record_car_northwest_3rd_street & X change_light_south_red) -> XX record_cyclist_southwest_6th_street
G(!( train_derails & house_is_built )) | F(( train_derails & house_is_built ) & F( brake_is_released & bar_is_up )),F(train_derails & house_is_built & F(brake_is_released & bar_is_up))
park_8 U (monument_2&&photo&&<>(bench_5&&[]bench_5)),(park_8 U photo) & (photo -> X(bench_5 & G bench_5))
travel_to_tree | G ( ! ( let_go_orange ) ),travel_to_tree | !let_go_orange
G(!( train_has_arrived )) | F(( train_has_arrived ) & F( train_has_been_launched & escalator_is_blocked )),F(train_has_arrived & F(train_has_been_launched & G(escalator_is_blocked)))
G F record_cyclist_south_6th_avenue | G F get_help,G F get_help | record_cyclist_south_6th_avenue
G ( hold_on_pear ) | get_to_tree,G(hold_on_pear | get_to_tree)
F ( tax_apple ) -> F ( proceed_to_house ),F(tax_apple -> F(proceed_to_house))
G ( ! ( let_go ) ) -> F ( travel_to_flag ),G(!let_go -> F travel_to_flag)
G ( record_pedestrian_southwest_7th_street <-> X record_vehicle_northwest_1st_street ),G(record_pedestrian_southwest_7th_street -> X record_vehicle_northwest_1st_street)
F ( withdraw_pear ) U get_to_tree,withdraw_pear U get_to_tree
G ( ! ( let_go_orange ) ) | G ( ! ( drop_orange ) ),!(drop_orange) | !(let_go_orange)
F ( post_office_1 & F ( p_letter_3 & F ( house_2 & pd ) ) ),post_office_1 & F(p_letter_3 & F(house_2))
G(( train_has_arrived ) -> F( motorbike_is_driven | semaphore_is_green )),F((motorbike_is_driven | semaphore_is_green) & train_has_arrived)
G(( escalator_is_blocked | constructor_creates_instances ) -> F( train_derails )),((escalator_is_blocked | constructor_creates_instances) -> F train_derails)
F ( table_4 & F ( p_tin_can_4 & F ( trash_can_5 & pd ) ) ) & G ! hallway_2,pd & table_4 & F(trash_can_5) & G(!hallway_2)
! ( F ( pick_up_anything ) ) & go_visit_flag,!pick_up_anything & go_visit_flag
G ( search_frisbee -> F idle ) -> G F pickup_hot_dog,G((search_frisbee -> F idle) -> G F pickup_hot_dog)
! G ( ! ( pickup_baseball_glove & X pickup_baseball_glove ) ),G(pickup_baseball_glove | X(pickup_baseball_glove) | X X(pickup_baseball_glove))
G ( move_around ) & reach_trash_can,G(move_around & reach_trash_can)
F ( collect_orange ) -> F ( touch_tree ),G(collect_orange -> F touch_tree)
F red_room,X red_room
G F ( warehouse_4 & F ( p_crate_3 & F ( mall_3 & pd ) ) ),G F (p_crate_3 & warehouse_4 & F mall_3)
G ( go_by_trash_can ) & F ( go_near_pear ),G(go_by_trash_can & F(go_near_pear))
G(!( sensor_gathers_information )) | F(( sensor_gathers_information ) & F( constructor_instantiate_objects & elevator_rises )),F(sensor_gathers_information & F(constructor_instantiate_objects & F(elevator_rises)))
! street_4 U intersection_2 & F ( house_13 & p_trash_13 ),!street_4 U (intersection_2 & p_trash_13)
communicate_safe_rescuer -> X ( ( get_help U communicate_safe_hostile ) | G get_help ),communicate_safe_rescuer -> (X(get_help U communicate_safe_hostile) | G(get_help))
G(( train_has_been_launched & semaphore_is_green ) -> G(!( constructor_instantiate_objects & escalator_speeds_up ))),!(constructor_instantiate_objects & (train_has_been_launched & semaphore_is_green) -> F escalator_speeds_up)
( F ( yellow_room ) & G ( ! blue_room ) ),!blue_room U yellow_room
F ( bring_pear ) -> venture_towards_house,F(bring_pear -> venture_towards_house)
F ( move_to_flag ) -> F ( scoop_up_apple ),F(move_to_flag -> G(scoop_up_apple))
F ( park_5 & F ( statue_2 & photo ) ),park_5 -> (!photo U statue_2)
get_help U ( G ( F record_jaywalker_southwest_2nd_street ) ),get_help U F G record_jaywalker_southwest_2nd_street
F ( present_at_flag ) & F ( present_at_flag ),G(present_at_flag -> F(present_at_flag))
G(( semaphore_is_yellow | car_stops ) -> G(!( house_is_open | manager_collect_claims ))),G(((semaphore_is_yellow | car_stops) -> !(house_is_open | manager_collect_claims)))
F ( intersection_5 & F ( p_cone_5 & F ( street_2 & pd ) ) ),F(intersection_5 & p_cone_5 & F(street_2))
!landmark_5 U park_5&&<>(landmark_5&&photo),(!park_5 U photo) & F photo
F ( spend_time_at_tree ) U ! ( let_go_orange ),spend_time_at_tree U !let_go_orange
G(( table_is_brown | constructor_instantiate_objects ) -> F( elevator_falls | elevator_is_open )),((table_is_brown | constructor_instantiate_objects) -> F(elevator_falls | elevator_is_open))
G(!( elevator_is_blocked | house_is_open )) | F(( elevator_is_blocked | house_is_open ) & F( car_stops | brake_is_released )),F((elevator_is_blocked | house_is_open) & F(car_stops | brake_is_released))
F ( green_room & F red_room ),green_room & X red_room
F yellow_room,yellow_room
G ( have_in_orange ) & F ( make_way_waste_basket ),G(have_in_orange & make_way_waste_basket)
<>(table_4&&<>(p_tin_can_4&&<>(trash_can_5&&pd)))&&[]!hallway_2,pd & table_4 & F trash_can_5 & G !hallway_2
<>[]hotel_3,G(hotel_3)
G(!( table_is_brown & bar_is_down )) | F(( table_is_brown & bar_is_down ) & F( engine_starts & constructor_creates_instances )),(table_is_brown & bar_is_down) & F(engine_starts & constructor_creates_instances)
F ( red_room & F green_room ),red_room -> F green_room
G ( avoid_impending_flood & X photo_safe_victim -> X X get_help ),(avoid_impending_flood & X photo_safe_victim) -> X X get_help
<>[]mall_5,G mall_5
G ( go_by_trash_can ) & F ( snatch_pear ),G(go_by_trash_can & F snatch_pear)
! G ( ! ( photo_unstable_beam & X photo_unstable_beam ) ),G(photo_unstable_beam | X photo_unstable_beam | X X photo_unstable_beam)
F ( travel_by_tree ) | ! ( F ( pick_up_anything ) ),G(travel_by_tree | !pick_up_anything)
G(!( sensor_captures_data | sensor_gathers_information )) | F(( sensor_captures_data | sensor_gathers_information ) & F( house_is_built | bridge_opens )),F((sensor_captures_data | sensor_gathers_information) & F(house_is_built | bridge_opens))
G ( ! ( drop_orange ) ) -> travel_to_waste_bin,G(!drop_orange -> travel_to_waste_bin)
G ( ! ( drop_apple ) ) | F ( get_pear ),G(!drop_apple) | G(get_pear)
street_4 U ( house_1 & photo ),street_4 U photo
[]<>(area_9&&photo)&&[]<>(camp_4&&<>(p_ordnance_3&&<>(camp_9&&pd))),G(photo & area_9) & G(F(p_ordnance_3 & camp_4 & X(!camp_4 U camp_9)))
F ( make_contact_flag ) U F ( come_home ),make_contact_flag U come_home
G(( sensor_captures_data | train_has_been_launched ) -> G( car_starts | bar_is_closing )),G(((sensor_captures_data | train_has_been_launched) -> (car_starts | bar_is_closing)))
acquire_apple U G ( ! ( let_go_orange ) ),acquire_apple U !let_go_orange
G(( semaphore_is_yellow ) -> G( bar_has_to_be_repaired & bridge_opens )),semaphore_is_yellow -> G(bar_has_to_be_repaired & bridge_opens)
<>[]mall_5,F mall_5 & G mall_5
G F ( intersection_4 & photo ),G F photo
F ( go_to_transh_can ) -> G ( F ( grab_tree ) ),G(go_to_transh_can -> F grab_tree)
F ( house_1 & F ( p_trash_can_4 & F ( garbage_dump_3 & pd ) ) ),p_trash_can_4 & house_1 & F garbage_dump_3
G(!( manager_collect_claims & engine_starts & sensor_gathers_information )),G(!manager_collect_claims & engine_starts & sensor_gathers_information)
G(!( car_enters | motorbike_has_started )) | F(( car_enters | motorbike_has_started ) & F( sensor_gathers_information )),F(car_enters | (motorbike_has_started & F(sensor_gathers_information)))
! ( let_go_pear ) | F ( migrate_to_tree ),!let_go_pear | migrate_to_tree
F ( obtain_pear ) U F ( be_at_house ),G(obtain_pear U be_at_house)
F ( intersection_7 & photo & G intersection_7 ),F(photo & intersection_7)
G ( ! ( let_go ) ) -> take_apple,G(!let_go -> take_apple)
G(!( train_is_crossing | elevator_rises )) | F(( train_is_crossing | elevator_rises ) & F( sensor_retrieves_data & house_collapses )),F(train_is_crossing | (elevator_rises & F(sensor_retrieves_data & F(house_collapses))))
[]<>charger_2&&<>(table_2&&<>(p_plate_4&&<>(table_4&&pd))),G charger_2 & F (table_2 & p_plate_4 & table_4)
<>section_3&&[]!hall_5,F(section_3 & G(!hall_5))
! ( F ( pick_up_anything ) ) -> put_in_bucket,!pick_up_anything -> put_in_bucket
G ( ( change_light_north_red <-> change_light_west_yellow ) -> ( change_light_west_yellow <-> record_person_south_8th_avenue ) ),G((change_light_north_red & change_light_west_yellow) -> (change_light_west_yellow & record_person_south_8th_avenue))
go_by_waste_bin | F ( go_by_waste_basket ),go_by_waste_bin | go_by_waste_basket
G(( semaphore_is_yellow ) -> F( brake_is_pressed | semaphore_is_broken )),F((brake_is_pressed | semaphore_is_broken) & semaphore_is_yellow)
( F communicate_safe_rescuer ) -> ( ! communicate_safe_rescuer U ( avoid_impending_gas_leak & ! communicate_safe_rescuer ) ),communicate_safe_rescuer -> F avoid_impending_gas_leak
G ( get_help -> ( photo_motorcycle_northeast_4th_street | X photo_motorcycle_northeast_4th_street ) ),get_help -> (photo_motorcycle_northeast_4th_street | X photo_motorcycle_northeast_4th_street)
[]<>charger_5&&[]<>(region_4&&photo),G F charger_5 & G F photo
F ( arch_4 & photo ) & G ! park_2,F(photo & !park_2 & arch_4)
F ( migrate_to_tree ) & ! ( let_go_pear ),G(migrate_to_tree & !let_go_pear)
G(!( escalator_is_blocked | table_is_old )) | F(( escalator_is_blocked | table_is_old ) & F( bridge_closes )),F((escalator_is_blocked | table_is_old) & F(bridge_closes))
! street_4 U intersection_2 & F ( house_13 & p_trash_13 ),(!street_4) U (intersection_2 & house_13 & p_trash_13)
( pickup_knife U idle ),pickup_knife & X idle
! ( let_go_orange ) | F ( snag_orange ),!(let_go_orange) | G(snag_orange)
G(( sensor_captures_data ) -> F( bar_is_down | semaphore_is_green )),sensor_captures_data -> F(bar_is_down | semaphore_is_green)
G ( get_help -> ( photo_flood | X photo_flood ) ),get_help -> (photo_flood | X photo_flood)
F ( red_room & F green_room ),red_room -> green_room
G ( ! ( let_go ) ) | F ( contact_house ),G(!let_go | contact_house)
G locality_5 & F ( office_3 & F ( p_package_5 & F ( office_6 & pd ) ) ),G((pd & office_3 & p_package_5) -> (locality_5 U office_6))
G(!( escalator_speeds_up | bar_is_closing )) | F(( escalator_speeds_up | bar_is_closing ) & F( bridge_closes )),F((escalator_speeds_up | bar_is_closing) & F(bridge_closes))
( F record_flood ) -> ( ! record_flood U ( communicate_safe_rescuer & ! record_flood ) ),record_flood -> F communicate_safe_rescuer
G ( search_person -> X G ! search_donut ),G(search_person -> G(!search_donut))
[]!street_4&&<>(store_7&&<>(p_package_8&&<>(house_2&&pd))),G(!(pd & street_4))
F ( venture_flag ) -> travel_to_apple,F(venture_flag -> travel_to_apple)
G ( avoid_active_debris & X photo_unstable_beam -> X X deliver_aid_safe_rescuer ),(avoid_active_debris & X photo_unstable_beam) -> XX deliver_aid_safe_rescuer
G(!( manager_handles_requests | sensor_captures_data )),!(manager_handles_requests | sensor_captures_data)
G(!( train_has_arrived )) | F(( train_has_arrived ) & F( engine_stops & car_stops )),F(train_has_arrived & F(engine_stops & car_stops))
<>(intersection_7&&photo&&[]intersection_7),F(intersection_7 & photo)
G ( ! ( get_help & record_jaywalker_south_10th_street ) -> F change_light_east_red ),G((!get_help & !record_jaywalker_south_10th_street) -> F(change_light_east_red))
[]!building_2&&<>(office_6&&p_letter_5),G(!building_2 & p_letter_5)
G ( ! ( get_help & change_light_south_red ) -> F change_light_east_red ),G((!get_help & !change_light_south_red) -> F(change_light_east_red))
G(( train_derails ) -> F( engine_breaks & semaphore_is_yellow )),train_derails -> F(engine_breaks & semaphore_is_yellow)
G(( train_derails ) -> F( house_is_open | manager_handles_requests )),train_derails -> F(house_is_open | manager_handles_requests)
F ( proceed_to_house ) U F ( tax_apple ),proceed_to_house U tax_apple
F ( withhold_apple ) -> venture_towards_house,G(withhold_apple -> venture_towards_house)
photo_flood U ( G ( F deliver_aid_safe_victim ) ),photo_flood U F deliver_aid_safe_victim
G(!( table_is_old & bar_has_to_be_repaired )) | F(( table_is_old & bar_has_to_be_repaired ) & F( table_is_brown & bar_is_down )),F((table_is_old & bar_has_to_be_repaired) & X(table_is_brown & bar_is_down))
G(!( constructor_creates_instances & sensor_captures_data )) | F(( constructor_creates_instances & sensor_captures_data ) & F( train_has_arrived )),F((constructor_creates_instances & sensor_captures_data) & F(train_has_arrived))
[]<>(area_51&&photo)&&[]<>charger_4,G(photo & charger_4 & area_51)
F ( proceed_to_tree ) U acquire_orange,G(proceed_to_tree U acquire_orange)
G(( motorbike_is_driven | escalator_speeds_up ) -> G(!( elevator_is_open | bar_is_closing ))),G(!(elevator_is_open | bar_is_closing) | !(motorbike_is_driven | escalator_speeds_up))
F ( proceed_to_flag ) & G ( touch_flag ),G(proceed_to_flag -> touch_flag)
F ( ( blue_room | yellow_room ) & F green_room ),F green_room
area_5 U (store_2&&<>(p_package_8&&<>(house_9&&pd))),(!p_package_8 U area_5) & (p_package_8 -> (store_2 & X(!store_2 U house_9)))
F ( proceed_to_house ) U F ( yield_pear ),G(proceed_to_house U yield_pear)
G ( F ( go_to_waste_basket ) ) | take_orange,G(F(go_to_waste_basket | take_orange))
( F ( blue_room ) & G ( ! red_room ) ),blue_room & !red_room
<>(pd&&<>parking_lot_2),pd & parking_lot_2
G(!( elevator_falls | bar_is_up )) | F(( elevator_falls | bar_is_up ) & F( sensor_gathers_information )),F((elevator_falls | bar_is_up) & X(sensor_gathers_information))
travel_to_waste_bin & F ( go_to_peach ),travel_to_waste_bin & G(go_to_peach)
G(( escalator_moves | table_is_old ) -> G(!( engine_starts | train_is_crossing ))),G(((escalator_moves | table_is_old) -> !(engine_starts | train_is_crossing)))
G ( ! ( let_go ) ) | take_to_tree,G(!(let_go | take_to_tree))
G(( constructor_instantiate_objects | train_has_been_launched ) -> F( brake_is_pressed & sensor_captures_data )),F((brake_is_pressed & sensor_captures_data) | (constructor_instantiate_objects | train_has_been_launched))
deliver_backpack_loading_dock -> X ( ( search_truck U search_spoon ) | G search_truck ),deliver_backpack_loading_dock -> (X(search_truck U search_spoon) | G(search_truck))
G ( ( get_help <-> record_injured_civilian ) -> ( record_injured_civilian <-> avoid_inactive_debris ) ),(get_help <-> record_injured_civilian) -> (record_injured_civilian <-> !avoid_inactive_debris)
G(( semaphore_is_yellow ) -> G( bar_has_to_be_repaired | bar_is_up )),G(semaphore_is_yellow -> F(bar_has_to_be_repaired | bar_is_up))
grab_hold_pear | F ( stop_by_house ),grab_hold_pear | stop_by_house
<>(intersection_5&&<>(p_cone_5&&<>(street_2&&pd))),F(intersection_5 & p_cone_5 & F(street_2 & pd))
G ( ! ( record_flood & avoid_probable_flood ) -> F get_help ),G((!record_flood & !avoid_probable_flood) -> F(get_help))
G(!( sensor_gathers_information )) | F(( sensor_gathers_information ) & F( manager_handles_requests | motorbike_has_started )),F(sensor_gathers_information & F(manager_handles_requests | motorbike_has_started))
G ( F ( go_to_apple_trashcan ) ) | F ( go_to_transh_can ),G(F(go_to_apple_trashcan | go_to_transh_can))
F ( grasp_apple ) & take_to_tree,F(grasp_apple & take_to_tree)
G ( F ( go_to_waste_basket ) ) | put_in_bucket,G(F(go_to_waste_basket | put_in_bucket))
G ( ! ( drop_apple ) ) & F ( bring_pear ),G(!drop_apple) & G(bring_pear)
F ( green_room & F yellow_room ),green_room -> X yellow_room
G ( hold_onto_orange ) | F ( journey_to_house ),G(hold_onto_orange | journey_to_house)
G F charger_3 & G F ( area_3 & photo ),G(photo -> F charger_3)
[]<>charger_9&&[]<>(warehouse_8&&<>(p_crate_2&&<>(store_2&&pd))),G((p_crate_2 & warehouse_8 & !store_2) -> F(store_2 & !warehouse_8)) & G((store_2 & !warehouse_8) -> F(warehouse_8 & !store_2)) & G(F(charger_9))
street_4 U (house_1&&photo),street_4 U photo
G(!( car_enters | motorbike_falls_down )) | F(( car_enters | motorbike_falls_down ) & F( engine_starts & train_has_been_launched )),(car_enters | motorbike_falls_down) & F(engine_starts & F(train_has_been_launched))
G(!( motorbike_catches_fire & semaphore_is_red )) | F(( motorbike_catches_fire & semaphore_is_red ) & F( sensor_gathers_information )),F((motorbike_catches_fire & semaphore_is_red) & F(sensor_gathers_information))
G ( have_apple ) | travel_to_waste_bin,G(have_apple | travel_to_waste_bin)
<>(park_7&&<>(monument_4&&photo)),park_7 & photo
G(( car_stops | bar_has_to_be_repaired ) -> G( motorbike_falls_down | escalator_is_blocked )),(car_stops | bar_has_to_be_repaired) -> G(motorbike_falls_down | escalator_is_blocked)
G(( sensor_captures_data | train_is_crossing ) -> G(!( house_is_built & motorbike_has_stopped ))),G(!(house_is_built & motorbike_has_stopped & (sensor_captures_data | train_is_crossing)))
keep_apple U F ( start_going_to_house ),keep_apple U start_going_to_house
F ( make_way_for_tree ) U F ( going_to_house ),make_way_for_tree U going_to_house
F ( reach_flag ) | G ( ! ( drop_apple ) ),G(reach_flag | G(!drop_apple))
G ( ! ( drop_orange ) ) & F ( move_past_trash_can ),!drop_orange & F move_past_trash_can
[]!parking_lot_8&&<>street_5,G(!parking_lot_8)
G(!( escalator_speeds_up | train_derails )),!(escalator_speeds_up | train_derails)
G ! street_5 & F ( house_2 & p_box_4 ),G(!(street_5 & p_box_4))
procure_apple | F ( procure_orange ),procure_apple | G(procure_orange)
reach_trash_can | F ( move_past_trash_can ),reach_trash_can | move_past_trash_can
F ( venture_to_house ) U secure_apple,G(venture_to_house U secure_apple)
F ( acquire_pear ) & G ( F ( go_to_waste_basket ) ),F(acquire_pear & G(go_to_waste_basket))
F ( bring_pear ) U go_by_waste_bin,bring_pear U go_by_waste_bin
F ( ( red_room | yellow_room ) & F blue_room ),(red_room | yellow_room) -> blue_room
G(( semaphore_is_yellow ) -> G( elevator_is_open & train_has_been_launched )),G(elevator_is_open & (semaphore_is_yellow -> F(train_has_been_launched)))
! G ( ! ( deliver_aid_safe_rescuer & X deliver_aid_safe_rescuer ) ),G(deliver_aid_safe_rescuer | X(deliver_aid_safe_rescuer) | XX(deliver_aid_safe_rescuer))
G(!( elevator_is_open | train_derails )) | F(( elevator_is_open | train_derails ) & F( train_has_arrived )),F((elevator_is_open | train_derails) & F(train_has_arrived))
F ( secure_pear ) & F ( get_apple ),G(get_apple -> secure_pear)
take_pear -> F ( go_by_tree ),take_pear -> G go_by_tree
F ( venture_to_house ) U F ( go_by_waste_basket ),G(venture_to_house -> (venture_to_house U go_by_waste_basket))
( F ( blue_room ) & G ( ! red_room ) ),blue_room & (!red_room)
! communicate_injured_victim U communicate_safe_hostile,G(communicate_injured_victim -> communicate_safe_hostile)
G F ( car_1 & photo ) & G ! parking_lot_9,G(photo & car_1 & !parking_lot_9)
F ( withdraw_pear ) | F ( go_near_house ),G(withdraw_pear | go_near_house)
G(!( train_derails & manager_handles_requests )) | F(( train_derails & manager_handles_requests ) & F( train_has_arrived )),F(train_derails & manager_handles_requests & F(train_has_arrived))
G ( ! ( photo_flood & deliver_aid_safe_rescuer ) -> F photo_gas_leak ),G((!photo_flood & !deliver_aid_safe_rescuer) -> F(photo_gas_leak))
F ( pass_by_waste_receptacle ) U take_orange,G(pass_by_waste_receptacle U take_orange)
F ( capture_pear ) & take_orange,G(capture_pear & take_orange)
F ( withhold_apple ) -> F ( reach_flag ),G(withhold_apple -> G(reach_flag))
F ( shop_1 & F ( p_bottle_3 & F ( hospital_2 & pd ) ) ),F(p_bottle_3 & hospital_2)
record_fire_source U ( G ( F go_home ) ),record_fire_source U F go_home
G ( ( go_home <-> deliver_aid_injured_hostile ) -> ( deliver_aid_injured_hostile <-> communicate_injured_hostile ) ),(go_home <-> deliver_aid_injured_hostile) -> (deliver_aid_injured_hostile <-> communicate_injured_hostile)
[]<>(storage_4&&<>(p_crate_1&&<>(office_2&&pd))),G(F(pd & p_crate_1 & storage_4 & office_2))
<>(arch_1&&photo),F photo
[]!park_3&&<>(monument_3&&photo),photo -> !park_3
G(( motorbike_falls_down & escalator_is_blocked ) -> G( bridge_opens | motorbike_has_started )),G((motorbike_falls_down & escalator_is_blocked) -> (bridge_opens | motorbike_has_started))
G(!( constructor_creates_instances | motorbike_is_driven )) | F(( constructor_creates_instances | motorbike_is_driven ) & F( bar_is_down | motorbike_is_driven )),F((constructor_creates_instances | motorbike_is_driven) & F(bar_is_down | motorbike_is_driven))
take_orange -> F ( acquire_pear ),take_orange -> G(acquire_pear)
( F avoid_impending_gas_leak ) -> ( ! avoid_impending_gas_leak U ( photo_unsafe_person & ! avoid_impending_gas_leak ) ),G(avoid_impending_gas_leak -> F(photo_unsafe_person))
F ( red_room & F blue_room ),red_room & X blue_room
G(( motorbike_has_started & elevator_rises ) -> F( house_is_built | motorbike_falls_down )),F((motorbike_has_started & elevator_rises) -> (house_is_built | motorbike_falls_down))
G ( ! ( drop_orange ) ) | F ( touch_house ),G(!drop_orange) | G(touch_house)
F ( ( red_room | yellow_room ) & F blue_room ),(red_room | yellow_room) U blue_room
<>(kitchen_1&&<>(p_bottle_2&&<>(hall_2&&[]hall_2))),p_bottle_2 & X(!kitchen_1 U hall_2) & G(hall_2)
G ( ! ( drop_apple ) ) & F ( snatch_pear ),G(!drop_apple) & G(snatch_pear)
! locality_5 U ( house_2 & F ( p_pass_5 & F ( office_3 & pd ) ) ),(!locality_5) U (p_pass_5 & office_3)
G(( sensor_retrieves_data ) -> G(( elevator_rises ) -> F( car_enters ))),sensor_retrieves_data & G(elevator_rises -> F(car_enters))
take_to_trash_can U F ( go_past_house ),take_to_trash_can U go_past_house
G(!( car_starts & bar_is_down )) | F(( car_starts & bar_is_down ) & F( train_is_crossing | manager_collect_claims )),F((car_starts & bar_is_down) & (train_is_crossing | F(manager_collect_claims)))
( F get_help ) -> ( ! get_help U ( record_vehicle_east_8th_street & ! get_help ) ),F get_help -> F record_vehicle_east_8th_street
[]<>street_4,G street_4
building_4 U (room_43&&<>(p_folder_3&&<>(room_12&&pd))),building_4 U (pd & p_folder_3 & room_43 & room_12)
G(!( table_is_brown & escalator_moves )) | F(( table_is_brown & escalator_moves ) & F( train_is_crossing & house_collapses )),F((table_is_brown & escalator_moves) & F(train_is_crossing & house_collapses))
F ( collect_apple ) | G ( ! ( let_go_apple ) ),G(collect_apple | G(!let_go_apple))
G ( touch_flag ) & F ( go_to_apple ),G(touch_flag & go_to_apple)
G(( train_is_crossing & manager_collect_claims ) -> G(!( escalator_is_blocked & house_is_open ))),G(((train_is_crossing & manager_collect_claims) -> !(escalator_is_blocked & house_is_open)))
G(( train_has_been_launched | train_has_arrived ) -> G(!( semaphore_is_yellow | car_stops ))),G(((train_has_been_launched | train_has_arrived)) -> !(semaphore_is_yellow | car_stops))
G(!( train_derails & manager_handles_requests )) | F(( train_derails & manager_handles_requests ) & F( bridge_closes )),F(train_derails & manager_handles_requests) & F(bridge_closes)
G ( record_vehicle_north_9th_street & X photo_motorcycle_east_10th_street -> X X get_help ),(record_vehicle_north_9th_street & X photo_motorcycle_east_10th_street) -> XX get_help
G county_4 & G F ( office_3 & F ( p_package_4 & F ( office_8 & pd ) ) ),G(county_4 & p_package_4)
travel_to_tree | G ( ! ( drop_apple ) ),travel_to_tree | !drop_apple
take_orange U F ( go_to_home ),take_orange U go_to_home
! G ( ! ( photo_vehicle_west_1st_avenue & X photo_vehicle_west_1st_avenue ) ),G(photo_vehicle_west_1st_avenue | X(photo_vehicle_west_1st_avenue) | X X(photo_vehicle_west_1st_avenue))
F ( contact_house ) | G ( ! ( drop_orange ) ),G(contact_house | !drop_orange)
G ( ! ( drop_orange ) ) | F ( track_towards_tree ),G(!drop_orange | track_towards_tree)
hold_orange U F ( touch_tree ),hold_orange U touch_tree
F ( steal_apple ) U G ( hold_onto_orange ),steal_apple U G hold_onto_orange
G(!( bridge_closes )) | F(( bridge_closes ) & F( sensor_gathers_information )),bridge_closes & F sensor_gathers_information
G ( go_by_trash_can ) | F ( go_home ),G(go_by_trash_can | go_home)
F ( make_contact_flag ) -> G ( ! ( drop_orange ) ),make_contact_flag -> G !drop_orange
( F record_safe_person ) -> ( ! record_safe_person U ( avoid_active_unstable_beam & ! record_safe_person ) ),record_safe_person -> F avoid_active_unstable_beam
F ( ! avoid_probable_flood ),F avoid_probable_flood
G(!( escalator_moves | manager_collect_claims )) | F(( escalator_moves | manager_collect_claims ) & F( manager_collect_claims | constructor_creates_instances )),F(escalator_moves | (manager_collect_claims & F(manager_collect_claims | constructor_creates_instances)))
F ( venture_flag ) | ! ( let_go_pear ),G(venture_flag | !let_go_pear)
G(( escalator_speeds_up | semaphore_is_broken ) -> F( sensor_captures_data )),((escalator_speeds_up | semaphore_is_broken) -> F(sensor_captures_data))
<>(store_6&&<>(p_box_1&&<>(house_9&&pd)))&&<>(intersection_5&&[]intersection_5),pd & store_6 & F(house_9 & F(intersection_5 & G(intersection_5)))
G(!( sensor_gathers_information & motorbike_catches_fire )) | F(( sensor_gathers_information & motorbike_catches_fire ) & F( bridge_closes )),F(sensor_gathers_information & motorbike_catches_fire & F(bridge_closes))
go_home U ( G ( F deliver_aid_injured_victim ) ),go_home U F G deliver_aid_injured_victim
G(( engine_breaks & semaphore_is_yellow ) -> F( sensor_retrieves_data | car_enters )),((engine_breaks & semaphore_is_yellow) -> F(sensor_retrieves_data | car_enters))
G(( bridge_opens & constructor_creates_instances ) -> G( sensor_captures_data | engine_breaks )),((bridge_opens & constructor_creates_instances) -> G(sensor_captures_data | engine_breaks))
G locality_2 & F ( office_4 & F ( p_document_5 & F ( office_9 & pd ) ) ),G(locality_2 & p_document_5 & X(office_4) & X(F(office_9)))
G ( photo_motorcycle_southwest_10th_avenue <-> X change_light_east_yellow ),G(photo_motorcycle_southwest_10th_avenue -> X(change_light_east_yellow))
F ( be_at_house ) & move_to_tree,F(be_at_house & move_to_tree)
F ( statue_7 & photo ),statue_7 -> F photo
F ( blue_room & F red_room ),blue_room U red_room
communicate_safe_rescuer -> X ( ( avoid_impending_debris U get_help ) | G avoid_impending_debris ),communicate_safe_rescuer -> (X(avoid_impending_debris U get_help) | G(avoid_impending_debris))
[]area_2&&[]<>(building_8&&photo),G(area_2 -> F(building_8 & photo))
G(!( elevator_rises & constructor_instantiate_objects )),!(elevator_rises & constructor_instantiate_objects)
F ( touch_tree ) & put_in_bucket,F(touch_tree & put_in_bucket)
! ( F ( pick_up_anything ) ) & G ( F ( go_to_pear ) ),!pick_up_anything & G F go_to_pear
[]<>(car_1&&photo)&&[]!parking_lot_9,G(photo & car_1 & !parking_lot_9)
F ( have_possession_of_apple ) | G ( ! ( drop_pear ) ),G(have_possession_of_apple | !drop_pear)
G ( deliver_chair_shelf -> X G ! search_dog ),G(deliver_chair_shelf -> G(!search_dog))
G(( train_has_been_launched & bar_is_closing ) -> G( semaphore_is_green & elevator_falls )),G(semaphore_is_green & ((train_has_been_launched & bar_is_closing) -> X elevator_falls))
F ( statue_6 & photo & F ( bench_4 & G bench_4 ) ),photo & statue_6 & X(bench_4 & G(bench_4))
!locality_5 U (house_2&&<>(p_pass_5&&<>(office_3&&pd))),(!locality_5) U (p_pass_5 & house_2 & office_3)
G F car_3 & F building_2,G(F car_3 & F building_2)
G(( house_is_built | elevator_is_open ) -> G( manager_handles_requests & house_collapses )),((house_is_built | elevator_is_open) -> G(manager_handles_requests & house_collapses))
G ( ! ( drop_apple ) ) & go_by_waste_bin,G(!(drop_apple & go_by_waste_bin))
G(( train_is_crossing & bar_has_to_be_repaired ) -> G(!( semaphore_is_red & bar_is_up ))),G((train_is_crossing & bar_has_to_be_repaired) -> !(semaphore_is_red & bar_is_up))
F ( journey_by_flag ) | G ( hold_on_pear ),G((journey_by_flag | hold_on_pear))
G ( ! ( let_go_orange ) ) U F ( gather_pear ),(!let_go_orange) U gather_pear
! G ( ! ( search_dining_table & X search_dining_table ) ),G(search_dining_table | X(search_dining_table) | XX(search_dining_table))
F ( house_3 & F ( p_pass_2 & F ( office_2 & pd ) ) ) & ! street_5 U p_pass_2,(p_pass_2 -> (!street_5 U pd))
F ( gather_pear ) -> F ( take_possession_of_bear ),G(gather_pear -> F(take_possession_of_bear))
G(!( train_is_crossing | manager_collect_claims )) | F(( train_is_crossing | manager_collect_claims ) & F( sensor_retrieves_data | train_has_been_launched )),F((train_is_crossing | manager_collect_claims) & F(sensor_retrieves_data | train_has_been_launched))
G(( semaphore_is_green | house_collapses ) -> G( manager_collect_claims & escalator_is_blocked )),((semaphore_is_green | house_collapses) -> G(manager_collect_claims & escalator_is_blocked))
G(( table_is_brown & car_starts ) -> G( semaphore_is_yellow )),((table_is_brown & car_starts) -> G(semaphore_is_yellow))
F ( bring_pear ) | G ( ! ( drop_apple ) ),G(bring_pear | G(!drop_apple))
G(!( bridge_closes )) | F(( bridge_closes ) & F( brake_is_pressed | motorbike_has_started )),F(bridge_closes & F(brake_is_pressed | motorbike_has_started))
G ( moving ) | F ( stop_by_house ),G(moving | stop_by_house)
G(( manager_handles_requests & constructor_creates_instances ) -> G(!( semaphore_is_green | motorbike_falls_down ))),G((manager_handles_requests & constructor_creates_instances) -> !(semaphore_is_green | motorbike_falls_down))
( get_help U idle ),get_help & X idle
G ! street_4 & F ( store_7 & F ( p_package_8 & F ( house_2 & pd ) ) ),p_package_8 & !street_4 & F house_2
G ( avoid_active_unstable_beam -> X G ! record_debris ),G(avoid_active_unstable_beam -> G(!record_debris))
G(!( bar_has_to_be_repaired & sensor_retrieves_data )) | F(( bar_has_to_be_repaired & sensor_retrieves_data ) & F( table_has_been_moved & motorbike_is_driven )),F((bar_has_to_be_repaired & sensor_retrieves_data) & F(table_has_been_moved & motorbike_is_driven))
G(( train_has_arrived | constructor_instantiate_objects ) -> F( engine_starts & semaphore_is_broken )),((train_has_arrived | constructor_instantiate_objects) -> F(engine_starts & semaphore_is_broken))
G(!( brake_is_pressed & bridge_opens & motorbike_catches_fire )),!(brake_is_pressed & bridge_opens & motorbike_catches_fire)
pick_up_flag -> G ( have_apple ),G(pick_up_flag -> G(have_apple))
capture_orange & F ( contact_house ),capture_orange & G(contact_house)
G(!( house_collapses & house_is_open )) | F(( house_collapses & house_is_open ) & F( house_is_open | motorbike_is_driven )),F(house_collapses & house_is_open & F(house_is_open | X motorbike_is_driven))
G(( train_has_arrived ) -> F( train_derails )),train_has_arrived -> F train_derails
G ( go_home -> X G ! avoid_inactive_unstable_beam ),G(go_home -> G(!avoid_inactive_unstable_beam))
F ( scoop_up_apple ) -> take_pear,G(scoop_up_apple -> take_pear)
G(( manager_collect_claims | escalator_speeds_up ) -> G( car_starts | bar_is_closing )),G((car_starts | bar_is_closing) | manager_collect_claims | escalator_speeds_up)
G(( engine_stops | train_stops ) -> G(!( sensor_captures_data | table_has_been_moved ))),G((engine_stops | train_stops) -> !(sensor_captures_data | table_has_been_moved))
G ( move ) | F ( go_to_apple ),G(move | go_to_apple)
<>(house_1&&<>(p_trash_can_4&&<>(garbage_dump_3&&pd))),house_1 & p_trash_can_4 & F pd & F garbage_dump_3
F ( have_pear ) | ! ( let_go_pear ),F(have_pear | !let_go_pear)
! office_4 U p_pass_6 & F ( house_5 & F ( p_pass_6 & F ( office_4 & pd ) ) ),(!office_4) U p_pass_6
G(( sensor_captures_data & escalator_is_blocked ) -> G(!( semaphore_is_green | motorbike_falls_down ))),G((sensor_captures_data & escalator_is_blocked) -> !(semaphore_is_green | motorbike_falls_down))
( F idle ) -> ( ! idle U ( search_broccoli & ! idle ) ),G(idle -> search_broccoli)
travel_to_apple | G ( F ( go_to_apple_trashcan ) ),travel_to_apple | go_to_apple_trashcan
G(( semaphore_is_yellow | engine_breaks ) -> G( engine_stops | car_enters )),G((semaphore_is_yellow | engine_breaks) -> (engine_stops | car_enters))
<>(kitchen_2&&p_bottle_3)&&[]!living_room_1,kitchen_2 & p_bottle_3 & !living_room_1
G ( stay ) | F ( spend_time_at_tree ),G(stay | spend_time_at_tree)
F ( pick_up_apple ) & G ( F ( go_to_waste_basket ) ),G(pick_up_apple -> F go_to_waste_basket)
<>(statue_2&&photo)&&!statue_2 U park_5,F photo & (!statue_2 U park_5)
G ( F ( go_to_apple_trashcan ) ) -> F ( journey_by_flag ),G(go_to_apple_trashcan -> F(journey_by_flag))
G ( get_help & X record_pedestrian_north_2nd_avenue -> X X record_person_east_9th_avenue ),(get_help & X record_pedestrian_north_2nd_avenue) -> XX record_person_east_9th_avenue
G(( bar_is_up | elevator_rises ) -> G( sensor_captures_data & motorbike_falls_down )),G(sensor_captures_data & ((bar_is_up | elevator_rises) -> F motorbike_falls_down))
G(!( elevator_rises & bar_is_closing )) | F(( elevator_rises & bar_is_closing ) & F( sensor_gathers_information & table_is_old )),F((elevator_rises & bar_is_closing) & F(sensor_gathers_information & table_is_old))
G(!( table_is_brown & bar_is_down )) | F(( table_is_brown & bar_is_down ) & F( sensor_retrieves_data & train_is_crossing )),F((table_is_brown & bar_is_down) & F(sensor_retrieves_data & X(train_is_crossing)))
G(( bar_has_to_be_repaired | train_has_arrived ) -> G(!( bar_is_up & engine_stops ))),G(((bar_has_to_be_repaired | train_has_arrived) -> !(bar_is_up & engine_stops)))
( photo_vehicle_north_1st_avenue U change_light_west_red ),photo_vehicle_north_1st_avenue -> F change_light_west_red
G(( bar_is_up | sensor_retrieves_data ) -> G(!( sensor_captures_data | table_has_been_moved ))),G(((bar_is_up | sensor_retrieves_data) -> !(sensor_captures_data | table_has_been_moved)))
G ( get_help -> ( deliver_aid_injured_hostile | X deliver_aid_injured_hostile ) ),get_help -> (deliver_aid_injured_hostile | X deliver_aid_injured_hostile)
! ( let_go_orange ) & take_to_trashcan,!(let_go_orange & take_to_trashcan)
G(( semaphore_is_green | house_collapses ) -> G( semaphore_is_yellow )),(semaphore_is_green | house_collapses) -> G(semaphore_is_yellow)
( F photo_collision_northwest_7th_avenue ) -> ( ! photo_collision_northwest_7th_avenue U ( photo_pedestrian_northwest_6th_street & ! photo_collision_northwest_7th_avenue ) ),F(photo_collision_northwest_7th_avenue) -> F(photo_pedestrian_northwest_6th_street)
( F get_help ) -> ( ! get_help U ( photo_unstable_beam & ! get_help ) ),G(get_help -> F photo_unstable_beam)
G ( photo_cyclist_east_9th_street & X get_help -> X X change_light_south_red ),(photo_cyclist_east_9th_street & X get_help) -> X X change_light_south_red
F ( building_4 & photo & F ( parking_lot_2 & G parking_lot_2 ) ),photo & building_4 & X(parking_lot_2 & G(parking_lot_2))
park_5 U bench_4 & F ( store_2 & F ( p_bottle_5 & F ( bench_4 & pd ) ) ),(park_5 U bench_4) & F(p_bottle_5 & F(bench_4))
G(!( sensor_gathers_information & motorbike_catches_fire )) | F(( sensor_gathers_information & motorbike_catches_fire ) & F( train_has_arrived )),F((sensor_gathers_information & motorbike_catches_fire) & F(train_has_arrived))
G(( engine_starts | train_is_crossing ) -> G(!( house_is_open & motorbike_has_started ))),((engine_starts | train_is_crossing) -> G(!(house_is_open & motorbike_has_started)))
( F search_chair ) -> ( ! search_chair U ( deliver_horse_shelf & ! search_chair ) ),search_chair -> F deliver_horse_shelf
G F charger_6 & G F ( table_4 & p_brochure_4 ),G(charger_6 & F p_brochure_4)
G(( train_has_arrived & sensor_captures_data ) -> F( motorbike_is_driven & elevator_is_blocked )),(train_has_arrived & sensor_captures_data) -> F(motorbike_is_driven & elevator_is_blocked)
F ( set_out_to_house ) U F ( yield_pear ),set_out_to_house U yield_pear
area_5 U ( store_2 & F ( p_package_8 & F ( house_9 & pd ) ) ),area_5 U (p_package_8 & store_2 & house_9)
G(!( motorbike_catches_fire & car_enters )) | F(( motorbike_catches_fire & car_enters ) & F( car_starts | train_derails )),F((motorbike_catches_fire & car_enters) & F(car_starts | train_derails))
grab_hold_pear | F ( get_near_flag ),grab_hold_pear | get_near_flag
!park_5 U intersection_5&&<>(monument_3&&photo),(!park_5) U (intersection_5 & photo & monument_3)
G(( engine_stops & bridge_opens ) -> G( motorbike_falls_down & table_has_been_moved )),((engine_stops & bridge_opens) -> G(motorbike_falls_down & table_has_been_moved))
F ( arch_4 & photo ) & G ! park_2,photo & arch_4 & G(!park_2)
( prop_1 | F prop_2 ),prop_1 | G(prop_2)
F ( prop_1 & F prop_2 ),G(prop_1) & G(prop_2)
G ( prop_3 -> ( prop_2 | prop_1 ) ),prop_3 -> (prop_2 | prop_1)
G ( ( prop_1 | prop_3 ) -> G ( F prop_2 ) ),G((prop_1 | prop_3) -> (!prop_2 U prop_2))
F ( prop_1 | G ( F prop_2 ) ),F(prop_1) | G(prop_2)
( ( ( prop_4 -> prop_1 ) <-> prop_2 ) & prop_3 ),(prop_4 -> prop_1) <-> (prop_2 & prop_3)
( prop_1 -> F prop_2 ),G(prop_1 -> G(prop_2))
( F ( prop_1 <-> prop_3 ) <-> prop_2 ),F((prop_1 <-> prop_3) & (prop_2 <-> prop_3))
G ( prop_1 & F prop_2 ),G(prop_1) & G(prop_2)
F ( prop_1 U prop_2 ),prop_1 U prop_2
( F prop_1 -> prop_2 ),G(prop_1 -> prop_2)
G ( ( prop_1 | prop_2 ) -> F prop_3 ),(prop_1 | prop_2) -> F prop_3
( ( prop_1 U prop_3 ) -> ( prop_2 -> prop_4 ) ),G((prop_1 & !prop_3) -> (prop_2 -> F prop_4))
( prop_1 & ! ( F prop_2 ) ),prop_1 & !prop_2
F prop_1,prop_1
G ( prop_1 U prop_2 ),(prop_1) U (prop_2)
! ( prop_1 | G ( ! prop_2 ) ),!prop_1 | G !prop_2
G ( ( prop_2 | prop_1 ) -> ( prop_3 U prop_4 ) ),((prop_2 | prop_1) -> F(prop_3 & !prop_4))
F ( prop_1 | F prop_2 ),G(prop_1 | prop_2)
( G ( prop_3 -> prop_2 ) | prop_1 ),G((prop_3 -> prop_2) | prop_1)
( prop_2 & ( prop_3 -> prop_1 ) ),(prop_2 & prop_3) -> prop_1
F ( prop_1 | G prop_2 ),G(prop_1 | G(prop_2))
! ( F prop_1 | F prop_2 ),!prop_1 | prop_2
( ( prop_3 & prop_1 ) -> G prop_2 ),G((prop_3 & prop_1) -> G prop_2)
( F prop_3 -> ( prop_2 <-> prop_1 ) ),F prop_3 -> G (prop_2 <-> prop_1)
G ( ! prop_1 & F prop_2 ),!prop_1 & F prop_2
( ( ( prop_2 & prop_3 ) <-> prop_4 ) U prop_1 ),F((prop_2 & prop_3) & (prop_4 & (prop_4 U prop_1)))
G ( prop_3 -> ( prop_2 & prop_1 ) ),G(prop_3 -> (X(prop_2) & X(prop_1)))
G ( ( prop_3 & prop_2 ) -> F prop_1 ),(prop_3 & prop_2) -> prop_1
F ( prop_1 U F prop_2 ),G(prop_1 U F(prop_2))
( G prop_3 -> ( prop_1 & prop_2 ) ),G(prop_3) -> (F(prop_1) & F(prop_2))
( ( prop_2 -> ! prop_1 ) & G prop_3 ),prop_1 -> !prop_2 & G prop_3
( prop_4 & ( prop_2 -> prop_3 ) & ! prop_1 ),G(prop_4 -> (prop_2 -> (prop_3 & !prop_1)))
( ( ( prop_1 U prop_3 ) -> prop_2 ) | prop_4 ),(prop_1 U (F prop_3 -> (prop_2 | prop_4)))
G ( F prop_1 & F prop_2 ),G(prop_1) & F(prop_2)
( ( prop_1 U prop_2 ) | ( prop_4 | prop_3 ) ),(prop_1 -> (prop_2 U prop_3)) & (prop_4 -> prop_3)
! ( prop_1 | G ( F prop_2 ) ),!prop_1 | G prop_2
( ( prop_2 <-> prop_3 ) U ! prop_1 ),(!prop_2) U (prop_3 <-> prop_1)
G ( ( prop_2 & prop_1 ) -> prop_3 ),((prop_2 & prop_1) -> prop_3)
( F prop_1 | ( prop_2 | prop_3 ) ),F(prop_1) | F(prop_2) | F(prop_3)
G ( ! prop_1 | F prop_2 ),!prop_1 | G(prop_2)
F ( prop_1 & prop_2 ),G((prop_1 & prop_2))
( prop_2 U prop_1 ),prop_2 -> prop_1
G ( ( prop_2 & prop_3 ) -> ( prop_1 | prop_4 ) ),G((prop_2 & prop_3) -> (prop_1 | X(prop_4)))
( ( ! prop_2 <-> prop_3 ) <-> prop_1 ),(!prop_2 <-> prop_3) & (prop_3 <-> prop_1)
G ( ( prop_3 & prop_1 ) -> G prop_2 ),prop_3 -> (prop_1 -> F prop_2)
( ( ( prop_3 | prop_1 ) U prop_4 ) & prop_2 ),((F(prop_3) | F(prop_1)) & (prop_2)) U prop_4
( G prop_3 & ( prop_2 | prop_1 ) ),G(prop_3 & (prop_2 | prop_1))
G ( ( prop_2 | prop_1 ) -> ( prop_4 | prop_3 ) ),G((prop_2 | prop_1) -> (X prop_4 | prop_3))
F ( prop_1 U G prop_2 ),prop_1 U G prop_2
( ( prop_2 | prop_1 ) | ( prop_4 & prop_3 ) ),(F prop_2) | (F prop_1) | (F prop_4 & F prop_3)
( ( prop_3 -> prop_4 ) U ( prop_2 <-> prop_1 ) ),prop_3 -> (prop_4 U (prop_2 <-> prop_1))
( ( prop_2 -> prop_1 ) -> ! prop_3 ),(prop_2 -> prop_1) -> G(!prop_3)
( G prop_1 -> F prop_2 ),G(prop_1 -> G(prop_2))
( prop_1 U ! ( F prop_2 ) ),prop_1 U !prop_2
G ( ( prop_3 & prop_1 ) -> ( prop_2 & prop_4 ) ),G(prop_3 -> (prop_1 -> X(prop_2 & prop_4)))
( prop_1 U F prop_2 ),prop_1 U prop_2
F ( prop_1 | G ( ! prop_2 ) ),G(prop_1) | G(!prop_2)
F ( prop_1 | prop_2 ),G(prop_1 | prop_2)
( ( F prop_2 <-> prop_3 ) & ! prop_1 ),F(prop_2 <-> prop_3) & !prop_1
( G prop_3 <-> ( prop_2 -> prop_1 ) ),G(prop_3 <-> (prop_2 & X(prop_1)))
G ( ! prop_1 | prop_2 ),!prop_1 | prop_2
( G prop_1 -> ( prop_2 -> prop_3 ) ),G(prop_1) -> G(prop_2 -> prop_3)
( G prop_1 -> ( prop_3 | prop_2 ) ),G(prop_1) -> F(prop_3 | prop_2)
( ! prop_3 <-> ( prop_1 <-> prop_2 ) ),!prop_3 -> (prop_1 <-> prop_2)
( ( ( prop_2 | prop_3 ) | prop_1 ) U prop_4 ),((prop_2 | prop_3 | prop_1) U F prop_4)
F ( prop_1 & ! ( F prop_2 ) ),G(prop_1 & !prop_2)
( prop_1 -> G ( ! prop_2 ) ),G(prop_1 -> !prop_2)
G ( ( prop_1 | prop_3 ) -> F ( G prop_2 ) ),((prop_1 | prop_3) -> F prop_2)
( F prop_1 -> G ( ! prop_2 ) ),G(prop_1 -> G(!prop_2))
( ( ( prop_4 & prop_1 ) U prop_3 ) <-> prop_2 ),((prop_4 & prop_1 & (prop_1 U prop_3)) -> prop_2)
G ( prop_1 -> ( prop_3 U prop_2 ) ),G(prop_1 -> (prop_2 U prop_3))
( ( prop_2 -> prop_3 ) | ( prop_1 U prop_4 ) ),(prop_2 -> prop_3) | (prop_1 & (prop_1 U prop_4))
( ( ( prop_3 & prop_1 ) | prop_4 ) <-> prop_2 ),((prop_3 & prop_1) | prop_4) -> prop_2
G ( F prop_1 | F prop_2 ),G(F(prop_1)) | F(prop_2)
( G prop_1 -> prop_2 ),G(prop_1 -> prop_2)
( F prop_1 & ( prop_3 & prop_2 ) ),F(prop_1) & G(prop_2 & prop_3)
G ( ! prop_1 & G prop_2 ),!prop_1 & G prop_2
( ( ( prop_4 <-> prop_3 ) & prop_1 ) U prop_2 ),((prop_4 <-> prop_3) & G(prop_1)) U prop_2
( ( prop_1 -> prop_2 ) U ! prop_3 ),(prop_1 -> (prop_2 U !prop_3))
( ( ( prop_4 & prop_1 ) U prop_3 ) & prop_2 ),(prop_4 & prop_1 & (prop_1 U prop_3) & prop_2)
( ! prop_2 U ( prop_1 & prop_3 ) ),(!prop_3) U (prop_2 & prop_1)
F ( ! ( prop_1 | prop_3 ) & prop_2 ),F(!(prop_1) | !(prop_3)) & prop_2
F ( prop_1 & G ( F prop_2 ) ),G(prop_1) & G(F(prop_2))
G ( prop_1 & ! prop_2 ),G(prop_1) & !prop_2
( G ( ! prop_1 ) -> F prop_2 ),G(!prop_1) & F(prop_2)
( ! ( F prop_1 ) -> F prop_2 ),!prop_1 -> F prop_2
( ( ( prop_2 | prop_4 ) U prop_3 ) | prop_1 ),((F(prop_2 | prop_4) & (prop_2 | prop_4) U prop_3) -> prop_1)
( ( F prop_1 <-> prop_3 ) | ! prop_2 ),F((prop_1 <-> prop_3) | !prop_2)
F ( ( prop_1 -> prop_2 ) & prop_3 ),F((prop_1) -> ((prop_2) & (prop_3)))
( G ( F prop_1 ) -> G ( ! prop_2 ) ),G prop_1 -> G !prop_2
G ( ( prop_4 & prop_1 ) -> ( prop_2 U prop_3 ) ),(prop_4 & prop_1) -> (prop_2 U prop_3)
G ( ! prop_1 | G ( F prop_2 ) ),!prop_1 | G prop_2
( ( prop_3 -> prop_2 ) U ( prop_1 | prop_4 ) ),(!prop_1 & !prop_4) U (prop_1 | prop_4)
G ( prop_1 -> G ( F prop_2 ) ),G (prop_1 -> G prop_2)
( prop_1 U G ( F prop_2 ) ),prop_1 U G prop_2
( F prop_3 -> ( prop_2 | prop_1 ) ),F(prop_3) -> ((prop_1 | prop_2) U prop_3)
( ! ( prop_1 & prop_3 ) & prop_2 ),!(prop_1 & prop_3 & prop_2)
G ( ( prop_1 & prop_3 ) -> ! ( F prop_2 ) ),G((prop_1 & prop_3) -> !prop_2)
( ! ( prop_3 -> prop_1 ) -> prop_2 ),!(prop_1 -> prop_3) -> prop_2
G ( prop_1 | prop_2 ),G(prop_1) | prop_2
( G ( prop_3 & prop_2 ) & prop_1 ),G(prop_3 & prop_2 & prop_1)
( ! ( prop_3 U prop_2 ) | prop_1 ),!(prop_3 U F prop_2) | prop_1
F ( prop_1 U ! ( F prop_2 ) ),G(prop_1 U !prop_2)
G ( ( prop_2 | prop_1 ) -> ! ( G prop_3 ) ),((prop_2 | prop_1) -> !prop_3)
( ( prop_2 U prop_1 ) <-> ( prop_3 -> prop_4 ) ),((prop_2) U (prop_1)) <-> ((prop_3) & X(prop_4))
( ( prop_2 | prop_1 ) <-> ( prop_4 -> prop_3 ) ),((prop_2 | prop_1) -> ((prop_4 -> prop_3) & (prop_3 -> prop_4)))
( ( prop_1 | prop_2 ) & prop_3 ),F((prop_1 | prop_2) & prop_3)
G ( ( prop_3 & prop_2 ) -> F ( G prop_1 ) ),G((prop_3 & prop_2) -> F prop_1)
( ! prop_3 U ( prop_2 | prop_1 ) ),(!prop_1) U (prop_2 | prop_3)
( ( prop_2 -> prop_4 ) | ( prop_1 -> prop_3 ) ),(prop_2 -> prop_4) & (prop_1 -> prop_3)
( F prop_3 <-> ( prop_1 | prop_2 ) ),F prop_3 <-> F (prop_1 | prop_2)
( G prop_1 | ( prop_2 & prop_3 ) ),G(prop_1 | (prop_2 & prop_3))
F ( prop_1 U G ( ! prop_2 ) ),F(prop_1) U G(!prop_2)
( ! ( prop_3 <-> prop_2 ) -> prop_1 ),(prop_3 <-> prop_2) -> prop_1
( ( prop_3 -> prop_1 ) -> G prop_2 ),G((prop_3 -> prop_1) -> prop_2)
G ( prop_1 | F prop_2 ),G(prop_1) | G(prop_2)
( F ( prop_3 | prop_2 ) & prop_1 ),F((prop_3 | prop_2) & prop_1)
( ( prop_4 -> prop_3 ) <-> ( prop_2 -> prop_1 ) ),((prop_4 -> prop_3) & (prop_2 -> prop_1)) <-> ((prop_2 -> prop_1) & (prop_4 -> prop_3))
( ( ( prop_4 -> prop_2 ) U prop_3 ) & prop_1 ),F prop_4 -> ((prop_2 & prop_1) U prop_3)
F ( prop_1 & G ( ! prop_2 ) ),G(prop_1 & !prop_2)
( ( ( prop_4 <-> prop_2 ) -> prop_3 ) & prop_1 ),((prop_4 <-> prop_2) -> (prop_3 & prop_1))
( ! ( prop_3 U prop_2 ) <-> prop_1 ),!(F(prop_3) U prop_2) <-> prop_1
G ( ! prop_1 | ! ( F prop_2 ) ),!prop_1 | !prop_2
( ( ( prop_2 | prop_1 ) U prop_4 ) -> prop_3 ),((F(prop_2) | F(prop_1)) & ((prop_2 | prop_1) U prop_4)) -> prop_3
( F ( prop_1 <-> prop_2 ) & prop_3 ),F((prop_1 <-> prop_2) & prop_3)
( ( ( prop_1 | prop_3 ) -> prop_2 ) <-> prop_4 ),((prop_1 | prop_3) -> (prop_2 <-> prop_4))
( ( ( prop_3 U prop_4 ) & prop_1 ) | prop_2 ),((F(prop_3 & (prop_3 U prop_4))) & prop_1) | prop_2
( G ( prop_2 -> prop_3 ) & prop_1 ),G((prop_2 -> prop_3) & prop_1)
G ( ! prop_1 U G ( ! prop_2 ) ),!prop_1 U !prop_2
! ( prop_1 | prop_2 ),!prop_1 | prop_2
! ( prop_1 | F prop_2 ),!prop_1 | F prop_2
( F prop_3 & ( prop_1 | prop_2 ) ),F(prop_3) & (F(prop_1) | F(prop_2))
G ( ! prop_1 & prop_2 ),!prop_1 & prop_2
F ( prop_1 & ! prop_2 ),G(prop_1 & !prop_2)
( ( ! prop_1 -> prop_3 ) -> F prop_2 ),!prop_1 -> (prop_3 & F prop_2)
( ( prop_4 U prop_1 ) & ( prop_3 & prop_2 ) ),prop_4 -> (prop_4 U prop_1) & F prop_3 & F prop_2
F ( prop_1 & G prop_2 ),prop_1 & G prop_2
( ! ( prop_1 | prop_2 ) & prop_3 ),(!(prop_1) | !(prop_2)) & prop_3
( F prop_2 <-> ( prop_1 & prop_3 ) ),F(prop_2 <-> (prop_1 & prop_3))
G ( F prop_1 U prop_2 ),prop_1 U prop_2
G ( prop_1 | G prop_2 ),G(prop_1) | G(prop_2)
( ! ( prop_2 | prop_3 ) -> prop_1 ),(!(prop_2) | !(prop_3)) -> prop_1
( ( ( prop_2 U prop_3 ) | prop_1 ) & prop_4 ),((prop_2 & (prop_2 U prop_3)) | prop_1) & prop_4
G ( ! prop_1 & G ( ! prop_2 ) ),!prop_1 & !prop_2
( ( ( prop_1 -> prop_2 ) -> prop_4 ) U prop_3 ),(prop_1 -> (prop_2 -> prop_4)) U prop_3
( F ( prop_3 -> prop_1 ) -> prop_2 ),F(G(prop_3 -> prop_1)) -> prop_2
! ( prop_1 U F prop_2 ),!prop_1 U prop_2
( ( ( prop_2 | prop_4 ) -> prop_3 ) & prop_1 ),(F(prop_2) | F(prop_4)) -> (F(prop_3) & prop_1)
( ( ( prop_1 -> prop_3 ) & prop_4 ) <-> prop_2 ),(prop_1 -> (prop_3 & prop_4)) <-> prop_2
( ( ( prop_4 -> prop_1 ) U prop_2 ) | prop_3 ),G(prop_4 -> F(prop_1)) U (prop_2 | prop_3)
( F ( prop_3 -> prop_2 ) | prop_1 ),F(prop_3 -> (prop_2 | prop_1))
( G ( prop_3 <-> prop_2 ) & prop_1 ),G((prop_3 <-> prop_2) & prop_1)
( ! prop_1 | ( G prop_3 <-> prop_2 ) ),!prop_1 | G(prop_3 <-> prop_2)
! ( prop_1 & F prop_2 ),!prop_1 & G(prop_2)
( G prop_2 & ( prop_3 & prop_1 ) ),G(prop_2) & G(prop_3 & prop_1)
( G ( F prop_1 ) -> F prop_2 ),G(prop_2 -> G(prop_1))
( prop_1 | G ( F prop_2 ) ),prop_1 | G prop_2
( ! ( prop_1 & prop_2 ) -> prop_3 ),((!prop_1 & !prop_2) -> prop_3)
( G ( ! prop_1 ) -> G ( ! prop_2 ) ),G(!prop_1 -> G(!prop_2))
( ( ! prop_4 -> prop_2 ) | ( prop_5 -> ( prop_3 | prop_1 ) ) ),(!prop_4 -> prop_2) & (prop_4 -> (prop_5 -> (prop_3 | prop_1)))
( F ( prop_2 & prop_1 ) -> prop_3 ),F((prop_2 & prop_1) -> prop_3)
( ( F ( ! prop_1 ) -> prop_3 ) -> prop_2 ),F !prop_1 -> (prop_3 -> prop_2)
( ( ( prop_2 & prop_5 ) -> ( prop_3 U prop_6 ) ) & ( prop_1 U ! prop_4 ) ),((prop_2 & prop_5) -> ((prop_3 U prop_6) & (prop_1 U !prop_4)))
( prop_5 -> ( ( prop_6 & prop_3 ) & ( prop_2 U ( prop_4 & prop_1 ) ) ) ),prop_5 -> ((prop_6 & prop_3 & prop_2) U (prop_4 & prop_1))
G ( prop_1 | G ( F prop_2 ) ),G(prop_1) | G(prop_2)
( ( prop_3 | prop_2 ) U ( prop_4 <-> prop_1 ) ),(!((prop_3 <-> prop_2)) U (prop_4 | prop_1))
( F ( prop_1 & prop_2 ) & prop_3 ),F(prop_1 & prop_2 & prop_3)
G ( ( prop_1 & prop_3 ) -> ! ( prop_4 U prop_2 ) ),G((!prop_1 & prop_3) -> !(prop_4 U F(prop_2)))
( ( prop_2 <-> prop_3 ) & F prop_1 ),G(prop_2 <-> prop_3) & F(prop_1)
( G prop_1 <-> ( prop_2 <-> prop_3 ) ),G(prop_1 -> (prop_2 <-> prop_3))
( ( prop_3 <-> prop_1 ) | ( prop_4 -> prop_2 ) ),((prop_3 <-> prop_1) | prop_4) -> prop_2
! ( ( prop_2 -> prop_3 ) U prop_1 ),!(F prop_2 -> (prop_3 U F prop_1))
( prop_1 U G ( ! prop_2 ) ),prop_1 U !prop_2
( ( prop_4 | prop_2 ) U ( prop_3 -> prop_1 ) ),((prop_4 | prop_2) -> ((prop_4 | prop_2) U (prop_3 -> prop_1)))
( F prop_1 -> ! prop_2 ),G(prop_1 -> !prop_2)
( ! prop_1 -> F prop_2 ),!prop_1 -> G(prop_2)
( G ( prop_2 <-> prop_3 ) | prop_1 ),G((prop_2 <-> prop_3) | prop_1)
( ( prop_1 | prop_2 ) U ! prop_3 ),((prop_1 | prop_2) -> ((prop_1 | prop_2) U !prop_3))
( ( ( prop_2 <-> prop_1 ) U prop_3 ) | prop_4 ),(F((prop_2 <-> prop_1) U prop_3) | prop_4)
( ( ( prop_1 | prop_3 ) & prop_2 ) -> prop_4 ),F((prop_1 | prop_3) & prop_2) -> prop_4
G ( ( prop_2 & prop_1 ) -> G ( F prop_3 ) ),(prop_2 & prop_1) -> G F prop_3
( ( prop_1 U prop_2 ) -> ( prop_4 | prop_3 ) ),G((prop_1 & (!prop_2 U prop_2)) -> (prop_4 | prop_3))
( ( ( prop_3 U prop_4 ) -> prop_1 ) & prop_2 ),((prop_3 & (prop_3 U prop_4)) -> (prop_1 & prop_2))
G ( F prop_1 U F prop_2 ),G(prop_1) U prop_2
( G ( ! prop_3 -> prop_2 ) | prop_1 ),G((!prop_3 -> prop_2) | prop_1)
( ( prop_3 -> prop_1 ) <-> prop_2 ),(F prop_3 & F prop_1) <-> F prop_2
! ( ( prop_3 & prop_2 ) U prop_1 ),!(prop_3 & prop_2 U prop_1)
( G ( prop_3 -> prop_2 ) <-> prop_1 ),prop_3 -> (prop_2 <-> prop_1)
( prop_2 & ( prop_3 U prop_1 ) ),prop_2 -> (prop_3 -> prop_1)
( G prop_2 | ( ! prop_1 | prop_3 ) ),prop_2 | (!prop_1 | prop_3)
G ( prop_1 U F prop_2 ),prop_1 U prop_2
( ! ( prop_2 <-> prop_3 ) U prop_1 ),!(prop_2 <-> prop_3) & (prop_2 U prop_1)
F ( prop_1 | ! prop_2 ),F(prop_1) | !prop_2
( ( ! prop_1 U prop_2 ) | prop_3 ),(F(!prop_1 U prop_2) | prop_3)
( ( ( prop_4 -> prop_2 ) & prop_3 ) | prop_1 ),(prop_4 -> prop_2) & (prop_3 | prop_1)
( ( ( prop_2 -> prop_3 ) -> prop_4 ) | prop_1 ),prop_2 -> (prop_3 | prop_4 | prop_1)
( ( prop_2 -> prop_3 ) <-> F prop_1 ),prop_2 -> (prop_3 <-> F prop_1)
( F prop_1 <-> ( prop_3 <-> prop_2 ) ),F((prop_1 <-> prop_3) <-> prop_2)
G ( ! prop_1 U F prop_2 ),(!prop_1) U (prop_2)
( ( ( prop_2 U prop_3 ) | prop_1 ) -> prop_4 ),((F(prop_2 & (prop_2 U prop_3))) | prop_1) -> prop_4
( ( prop_1 -> prop_4 ) U ( prop_3 -> prop_2 ) ),G((!prop_1 & !prop_4) U (prop_1 & prop_4)) -> G(prop_3 -> prop_2)
( ( ! prop_3 <-> prop_2 ) U prop_1 ),((!prop_3 & prop_2) <-> prop_1) U prop_1
( ( prop_4 & prop_3 ) U ( prop_1 <-> prop_2 ) ),(prop_4 U prop_3) <-> (prop_1 & prop_2)
G ( prop_1 | G ( ! prop_2 ) ),G(prop_1) | G(!prop_2)
( ! ( prop_1 -> prop_3 ) <-> prop_2 ),!(prop_1 -> prop_3) -> prop_2
( ( ( prop_2 <-> prop_4 ) -> prop_1 ) U prop_3 ),((prop_2 <-> prop_4) -> (prop_1 U prop_3))
( ( ( prop_2 -> prop_4 ) & prop_3 ) -> prop_1 ),(prop_2 -> (prop_4 & prop_3 -> prop_1))
( ( ( prop_2 <-> prop_1 ) U prop_4 ) & prop_3 ),F((prop_2 <-> prop_1) U prop_4) & prop_3
( ( F ( ! prop_3 ) | prop_2 ) <-> prop_1 ),(G(!(prop_2) | prop_1) -> prop_3) <-> (prop_3 -> G(!(prop_2) | prop_1))
( ( ! prop_3 <-> prop_1 ) | prop_2 ),(!prop_3) <-> (prop_1 | prop_2)
( ( ( prop_4 | prop_3 ) -> prop_1 ) -> prop_2 ),((prop_4 | prop_3) -> (prop_1 -> prop_2))
( G ( F prop_1 ) -> prop_2 ),G(prop_1 -> F(prop_2))
( ( prop_2 | prop_4 ) U ( prop_3 & prop_1 ) ),(prop_2 | prop_4) -> (!((prop_3 & prop_1)) U (prop_3 & prop_1))
G ( ( prop_1 U prop_4 ) -> ( prop_2 U prop_3 ) ),F(prop_1) -> (prop_2 & (prop_2 U F(prop_3)))
G ( ! prop_1 | G ( ! prop_2 ) ),!prop_1 | !prop_2
( G ( ! prop_1 -> prop_2 ) & prop_3 ),G((!prop_1) -> (prop_2 & prop_3))
( ( prop_3 U prop_2 ) U prop_1 ),prop_3 & X(prop_2 & X(prop_1))
( F prop_2 -> ( ! prop_3 & prop_1 ) ),G(prop_2 -> F(prop_2 & !prop_3 & prop_1))
( ( ( prop_2 -> prop_3 ) <-> prop_1 ) -> prop_4 ),(prop_2 -> ((prop_3 <-> prop_1) -> prop_4))
( ! ( prop_2 U prop_1 ) & prop_3 ),!(prop_2 U (F prop_1 & prop_3))
( ( ( prop_4 -> prop_2 ) | prop_3 ) U prop_1 ),(prop_4 -> prop_2) | (prop_3 U prop_1)
( ( ! prop_1 | prop_2 ) <-> prop_3 ),!(prop_1) | (prop_2 <-> prop_3)
( ( ! prop_1 -> prop_2 ) & G prop_3 ),(prop_2 -> prop_1) & G(prop_3)
G ( prop_1 & ! ( F prop_2 ) ),G(prop_1) & !prop_2
( ( ( prop_4 & prop_1 ) -> prop_2 ) -> prop_3 ),((G((prop_4 & prop_1) -> prop_2)) -> prop_3)
( ( ( prop_2 -> prop_3 ) -> prop_1 ) & prop_4 ),prop_2 -> (prop_3 -> (prop_1 & prop_4))
( ! prop_3 U ( prop_2 -> prop_1 ) ),!prop_3 U F(prop_2 -> prop_1)
( F record_safe_civilian ) -> ( ! record_safe_civilian U ( photo_safe_civilian & ! record_safe_civilian ) ),G(record_safe_civilian -> (!photo_safe_civilian U photo_safe_civilian))
pick_up_flag & G ( ! ( drop_apple ) ),G pick_up_flag & G !drop_apple
<>(shop_1&&<>(p_bottle_3&&<>(hospital_2&&pd))),F(p_bottle_3 & shop_1 & X F(p_bottle_3 & hospital_2))
[]<>(street_3&&photo),G photo
F ( snatch_pear ) -> F ( get_hold_apple ),G(snatch_pear -> F(get_hold_apple))
F ( table_2 & F ( p_brochure_9 & F ( park_4 & G park_4 ) ) ),F(p_brochure_9 & table_2 & park_4) & G(park_4)
F ( ( red_room | blue_room ) & F yellow_room ),G((red_room | blue_room) -> yellow_room)
F ( withhold_apple ) & F ( bring_pear ),G withhold_apple & F bring_pear
F ( intersection_7 & photo & G intersection_7 ),F (intersection_7 & photo) & F G intersection_7
F ( restaurant_9 & F ( takeout_2 & F ( house_1 & pd ) ) ),F (restaurant_9 & F (pd & F house_1))
G ( idle -> X G ! search_tennis_racket ),G(idle -> G(!search_tennis_racket))
go_to_bucket & G ( ! ( drop_apple ) ),G(go_to_bucket & !drop_apple)
G ( ! ( drop_apple ) ) & venture_towards_house,G(!drop_apple & venture_towards_house)
( F record_jaywalker_southeast_10th_avenue ) -> ( ! record_jaywalker_southeast_10th_avenue U ( change_light_north_red & ! record_jaywalker_southeast_10th_avenue ) ),G(record_jaywalker_southeast_10th_avenue -> (!change_light_north_red U change_light_north_red))
G(( semaphore_is_red ) -> G(( train_derails ) -> F( sensor_captures_data ))),semaphore_is_red -> (train_derails -> F sensor_captures_data)
G(( sensor_gathers_information | table_has_been_moved ) -> F( brake_is_pressed | escalator_is_blocked )),F((sensor_gathers_information | table_has_been_moved) & (brake_is_pressed | escalator_is_blocked))
!intersection_8 U street_3&&<>locality_5,(!intersection_8) U (street_3 & X locality_5)
! park_4 U street_3 & F ( store_7 & F ( p_takeout_2 & F ( bench_3 & pd ) ) ),(!park_4) U street_3 & G(street_3 -> F(p_takeout_2 & !store_7 U bench_3))
G ( F ( make_way_to_house ) ) | F ( touch_tree ),G(F(make_way_to_house | touch_tree))
F ( withhold_apple ) U secure_apple,withhold_apple U secure_apple
! G ( ! ( get_help & X get_help ) ),G(get_help | X(get_help) | X(X(get_help)))
!locality_5 U (house_2&&<>(p_pass_5&&<>(office_3&&pd))),(!locality_5) U (p_pass_5 & house_2 & F office_3)
F G ! photo_person_north_5th_street,G(!photo_person_north_5th_street)
G F ( building_5 & photo ) & G F charger_4,G(photo -> (building_5 U charger_4))
F ( let_go_apple ) | G ( hold_onto_orange ),G(let_go_apple | hold_onto_orange)
G ( get_help -> X G ! record_cyclist_south_9th_avenue ),G(get_help -> G(!record_cyclist_south_9th_avenue))
G(!( semaphore_is_green | car_starts )) | F(( semaphore_is_green | car_starts ) & F( train_has_been_launched & semaphore_is_yellow )),F(semaphore_is_green | car_starts) & F(train_has_been_launched & F(semaphore_is_yellow))
G(!( constructor_creates_instances & train_has_been_launched )) | F(( constructor_creates_instances & train_has_been_launched ) & F( sensor_gathers_information & table_is_old )),F(constructor_creates_instances & train_has_been_launched & F(sensor_gathers_information & X table_is_old))
! park_5 U intersection_5 & F ( monument_3 & photo ),!park_5 U (intersection_5 & photo)
G ( ! ( let_go_orange ) ) & F ( procure_orange ),G(!let_go_orange) & G(procure_orange)
G F ( warehouse_4 & F ( p_crate_3 & F ( mall_3 & pd ) ) ),G(p_crate_3 -> (warehouse_4 U mall_3))
( F get_help ) -> ( ! get_help U ( deliver_microwave_loading_dock & ! get_help ) ),F get_help -> (deliver_microwave_loading_dock U get_help)
G(!( bar_is_down | motorbike_is_driven )) | F(( bar_is_down | motorbike_is_driven ) & F( house_is_open & elevator_rises )),F(bar_is_down | (motorbike_is_driven & F(house_is_open & elevator_rises)))
G ( ! ( drop_orange ) ) | move_to_trashcan,G(!(drop_orange) | move_to_trashcan)
G ( moving ) U ! ( let_go_pear ),moving U !let_go_pear
G area_3,G !area_3
G(( engine_starts & semaphore_is_broken ) -> G(!( motorbike_has_stopped & car_starts ))),G((engine_starts & semaphore_is_broken) -> !(motorbike_has_stopped & car_starts))
move_to_trash_can & reach_trash_can,F(move_to_trash_can & reach_trash_can)
G(!( elevator_falls | bar_is_up )),!(elevator_falls | bar_is_up)
F ( have_pear ) & F ( venture_flag ),F(have_pear & venture_flag)
G ( F ( make_way_to_house ) ) & G ( ! ( drop_orange ) ),G(make_way_to_house) & G(!drop_orange)
F ( yellow_room & F blue_room ),F blue_room & G(!yellow_room)
go_to_bucket | F ( go_by_tree ),G(go_by_tree -> go_to_bucket)
! deliver_parking_meter_loading_dock U pickup_baseball_bat,G(deliver_parking_meter_loading_dock -> pickup_baseball_bat)
F ( travel_to_trash_can ) & F ( proceed_to_tree ),G((travel_to_trash_can -> F proceed_to_tree) & (proceed_to_tree -> F travel_to_trash_can))
G ( change_light_south_yellow -> F photo_vehicle_northeast_8th_street ) -> G F get_help,G((F change_light_south_yellow -> F photo_vehicle_northeast_8th_street) -> G F get_help)
[]area_3,G !area_3
<>(plant_8&&<>(p_box_5&&<>(store_6&&pd))),F(pd & plant_8 & p_box_5) & G((pd & plant_8 & p_box_5) -> X F(store_6))
F( motorbike_is_driven | sensor_captures_data | table_is_old ),motorbike_is_driven | sensor_captures_data | table_is_old
G(( house_is_built | elevator_is_open ) -> G( train_has_arrived & sensor_gathers_information )),G((house_is_built | elevator_is_open) -> (train_has_arrived & sensor_gathers_information))
G(( sensor_captures_data | brake_is_released ) -> G( semaphore_is_yellow )),G((sensor_captures_data | brake_is_released) -> semaphore_is_yellow)
F ( post_office_1 & F ( p_lettter_2 & F ( building_3 & pd ) ) ),F(pd & post_office_1 & X F(building_3))
F ( venture_flag ) -> grab_hold_pear,G(venture_flag -> grab_hold_pear)
! ( let_go_pear ) & drop_pear,G(!(let_go_pear & drop_pear))
G(!( bridge_closes | house_is_open | car_starts )),!(bridge_closes | house_is_open | car_starts)
F ( be_at_house ) | F ( go_to_tree ),G(be_at_house | go_to_tree)
!intersection_5 U street_4&&<>(house_4&&<>(p_pass_4&&<>(office_1&&pd))),(!intersection_5 U street_4) & F(house_4 & F(p_pass_4 & F(office_1)))
! parking_lot_4 U street_5 & F ( parking_lot_4 & G parking_lot_4 ),(!parking_lot_4) U street_5
F ( blue_room & F yellow_room ),blue_room U yellow_room
F ( obtain_orange ) & G ( touch_flag ),G(obtain_orange & G touch_flag)
F ( procure_pear ) | F ( be_at_flag ),G(procure_pear -> F(be_at_flag))
G F ( table_2 & F ( p_brochure_8 & F ( street_9 & pd ) ) ) & G F charger_6,G(F(p_brochure_8 & X(street_9)) & G(charger_6))
G(( house_collapses & semaphore_is_red ) -> G(!( engine_breaks | sensor_gathers_information ))),G((house_collapses & semaphore_is_red) -> !(engine_breaks | sensor_gathers_information))
( deliver_wine_glass_shelf U idle ),F(deliver_wine_glass_shelf & X G(idle))
G(!( elevator_is_open & motorbike_has_stopped )),!(elevator_is_open & motorbike_has_stopped)
! record_vehicle_southeast_6th_avenue U get_help,G(record_vehicle_southeast_6th_avenue -> get_help)
G ( touch_flag ) | travel_to_tree,G (touch_flag | travel_to_tree)
go_home -> X ( ( communicate_injured_hostile U deliver_aid_injured_victim ) | G communicate_injured_hostile ),G(go_home -> (X(communicate_injured_hostile U deliver_aid_injured_victim) | G(communicate_injured_hostile)))
G ( stay ) | F ( go_to_trashcan ),G(stay | F(go_to_trashcan))
G(!( sensor_retrieves_data | engine_starts )) | F(( sensor_retrieves_data | engine_starts ) & F( elevator_falls & manager_collect_claims )),F((sensor_retrieves_data | engine_starts) & F(elevator_falls & manager_collect_claims))
F ( go_to_apple ) | G ( F ( go_to_pear ) ),G(go_to_apple | G(go_to_pear))
( pickup_hair_drier U pickup_zebra ) | G pickup_hair_drier,G(pickup_hair_drier -> (pickup_hair_drier U pickup_zebra))
G(( brake_is_pressed | escalator_is_blocked ) -> F( escalator_is_blocked & escalator_moves )),F((escalator_is_blocked & escalator_moves) & (brake_is_pressed | escalator_is_blocked))
G(!( sensor_retrieves_data & train_is_crossing )) | F(( sensor_retrieves_data & train_is_crossing ) & F( manager_handles_requests | motorbike_has_started )),F((sensor_retrieves_data & train_is_crossing) & F(manager_handles_requests | motorbike_has_started))
G F intersection_4 & F locality_9,G(intersection_4 -> locality_9)
G ( F ( go_to_apple_trashcan ) ) & drop_pear,G(F(go_to_apple_trashcan) & F(drop_pear))
F ( be_at_flag ) | travel_to_tree,F(be_at_flag | travel_to_tree)
! ( let_go_pear ) & F ( travel_by_tree ),G(!let_go_pear & !travel_by_tree)
G(( escalator_moves & bar_is_closing ) -> G( semaphore_is_yellow )),G((escalator_moves & bar_is_closing) -> semaphore_is_yellow)
drop_by -> move_to_trash_can,G(drop_by -> move_to_trash_can)
[]<>(table_2&&<>(p_brochure_8&&<>(street_9&&pd)))&&[]<>charger_6,G((table_2 & p_brochure_8) -> F street_9) & G F charger_6
G(!( sensor_gathers_information )) | F(( sensor_gathers_information ) & F( escalator_speeds_up | house_collapses )),F(sensor_gathers_information & F(escalator_speeds_up | house_collapses))
G(( semaphore_is_green & bridge_opens ) -> F( train_derails )),F((semaphore_is_green & bridge_opens) & X train_derails)
[]<>charging_station_9&&[]<>(warehouse_5&&<>(p_crate_4&&<>(mall_4&&pd))),G((p_crate_4 & warehouse_5) -> F(charging_station_9 & mall_4))
[]<>(warehouse_4&&<>(p_crate_3&&<>(mall_3&&pd))),G(p_crate_3 -> F(mall_3))
[]<>charger_6&&[]<>(table_4&&p_brochure_4),G(F(p_brochure_4) -> F(charger_6))
G area_2 & G F ( building_8 & photo ),G(area_2 -> (area_2 U (building_8 & F photo)))
G ( avoid_active_flood <-> X photo_flood ),G (avoid_active_flood -> X photo_flood)
G(!( motorbike_catches_fire | bridge_opens )) | F(( motorbike_catches_fire | bridge_opens ) & F( train_is_crossing | motorbike_has_stopped )),F((motorbike_catches_fire | bridge_opens) & F(train_is_crossing | motorbike_has_stopped))
G ( avoid_active_debris -> X ( X ( X go_home ) ) ),X X X go_home
G ( hold_on_pear ) & approach_trash_can,G(hold_on_pear & approach_trash_can)
<>(building_4&&photo&&<>(parking_lot_2&&[]parking_lot_2)),F photo & X (parking_lot_2 & G parking_lot_2)
G(!( engine_starts | elevator_falls )) | F(( engine_starts | elevator_falls ) & F( house_is_open & elevator_rises )),F((engine_starts | elevator_falls) & F(house_is_open & elevator_rises))
G(!( car_starts & semaphore_is_broken )) | F(( car_starts & semaphore_is_broken ) & F( sensor_gathers_information )),F((car_starts & semaphore_is_broken) & F(sensor_gathers_information))
G ( ! ( drop_orange ) ) | F ( lay_hold_of_apple ),G(!drop_orange) | G(lay_hold_of_apple)
G(!( train_has_been_launched & semaphore_is_yellow )) | F(( train_has_been_launched & semaphore_is_yellow ) & F( train_has_arrived | escalator_is_blocked )),F(train_has_been_launched & semaphore_is_yellow & F(train_has_arrived | escalator_is_blocked))
! get_help U change_light_west_red,G(get_help -> change_light_west_red)
! G ( ! ( photo_pedestrian_northwest_7th_avenue & X photo_pedestrian_northwest_7th_avenue ) ),G (photo_pedestrian_northwest_7th_avenue | X photo_pedestrian_northwest_7th_avenue | X X photo_pedestrian_northwest_7th_avenue)
<>(building_4&&photo&&<>(parking_lot_2&&[]parking_lot_2)),F(photo & X(parking_lot_2 & G(parking_lot_2)))
G(!( bridge_closes )) | F(( bridge_closes ) & F( escalator_speeds_up | bar_is_closing )),F(bridge_closes & F(escalator_speeds_up | bar_is_closing))
G(( bar_has_to_be_repaired & bridge_opens ) -> G( motorbike_catches_fire | escalator_speeds_up )),G((motorbike_catches_fire | (bar_has_to_be_repaired & bridge_opens)) -> X(escalator_speeds_up))
G(( train_derails ) -> F( semaphore_is_broken & train_is_crossing )),F(train_derails -> F(semaphore_is_broken & train_is_crossing))
G(( motorbike_has_stopped | semaphore_is_yellow ) -> G( motorbike_has_stopped | elevator_is_blocked )),G((motorbike_has_stopped | elevator_is_blocked) -> (motorbike_has_stopped | semaphore_is_yellow))
G ( F ( go_to_pear ) ) U move_towards_trash_can,G(go_to_pear -> (go_to_pear U move_towards_trash_can))
G F photo_cyclist_northeast_10th_avenue -> G F record_person_east_2nd_street,G(F photo_cyclist_northeast_10th_avenue -> F record_person_east_2nd_street)
G(( semaphore_is_yellow ) -> G(( car_enters ) -> F( bridge_closes ))),G(semaphore_is_yellow -> (car_enters -> F bridge_closes))
[]<>(intersection_4&&photo),G photo
<>[]street_2,G street_2
G ( move_around ) | F ( proceed_to_house ),G(move_around | proceed_to_house)
photo_pedestrian_northwest_10th_street -> X ( ( get_help U record_cyclist_south_10th_street ) | G get_help ),G(photo_pedestrian_northwest_10th_street -> (X(get_help U record_cyclist_south_10th_street) | G get_help))
F G table_4,G table_4
F ( going_to_house ) -> F ( reach_tree ),G(going_to_house -> reach_tree)
G(( motorbike_catches_fire | bar_has_to_be_repaired ) -> G(!( sensor_captures_data & escalator_is_blocked ))),G !((motorbike_catches_fire | bar_has_to_be_repaired) -> (sensor_captures_data & escalator_is_blocked))
G ( F ( grab_tree ) ) & snatch_up_pear,G(F(grab_tree)) & G(F(snatch_up_pear))
<>(table_4&&<>(p_tin_can_4&&<>(trash_can_5&&pd)))&&[]!hallway_2,G( (pd & table_4 & p_tin_can_4) -> ( (!hallway_2) U (pd & trash_can_5 & p_tin_can_4) ) )
G(!( manager_collect_claims | constructor_creates_instances )) | F(( manager_collect_claims | constructor_creates_instances ) & F( train_has_arrived )),F(train_has_arrived) & F(manager_collect_claims | constructor_creates_instances)
F ( withold_apple ) | G ( ! ( let_go_orange ) ),G(withold_apple | !let_go_orange)
G ( ! ( idle & search_bench ) -> F search_suitcase ),G((!idle & !search_bench) -> F search_suitcase)
photo_person_southeast_9th_street U ( G ( F change_light_north_red ) ),G(photo_person_southeast_9th_street -> (photo_person_southeast_9th_street U G F change_light_north_red))
F ( get_to_cup ) U acquire_apple,G(get_to_cup -> (get_to_cup U acquire_apple))
G(( engine_breaks | train_has_arrived ) -> F( semaphore_is_yellow )),F(semaphore_is_yellow)
( get_help U change_light_north_green ) | G get_help,(get_help V change_light_north_green)
G ( ! ( get_help & record_vehicle_east_4th_street ) -> F record_pedestrian_northwest_3rd_avenue ),G((!get_help & !record_vehicle_east_4th_street) -> F record_pedestrian_northwest_3rd_avenue)
G(( sensor_captures_data | train_has_been_launched ) -> G( semaphore_is_yellow )),G((sensor_captures_data | train_has_been_launched) -> X semaphore_is_yellow)
G(!( table_has_been_moved & train_derails )) | F(( table_has_been_moved & train_derails ) & F( sensor_retrieves_data | engine_starts )),(table_has_been_moved & train_derails) & F(sensor_retrieves_data | engine_starts)
keep_apple -> F ( get_to_flag ),G(get_to_flag -> keep_apple)
G F charging_station_9 & G F ( warehouse_5 & F ( p_crate_4 & F ( mall_4 & pd ) ) ),G((p_crate_4 -> F(mall_4)) & (p_crate_4 -> F(charging_station_9)))
F ( got_to_house ) | F ( get_to_flag ),G(got_to_house | get_to_flag)
G(( elevator_is_open & escalator_moves ) -> F( engine_breaks & motorbike_is_driven )),F((elevator_is_open & escalator_moves) & X(engine_breaks & motorbike_is_driven))
approach_trash_can U drop_pear,(!drop_pear) U approach_trash_can
G(!( engine_stops & motorbike_falls_down )) | F(( engine_stops & motorbike_falls_down ) & F( car_enters & table_is_brown )),F(engine_stops & motorbike_falls_down & F(car_enters & G(table_is_brown)))
record_car_northeast_5th_avenue -> X ( ( get_help U record_jaywalker_north_9th_street ) | G get_help ),G(record_car_northeast_5th_avenue -> X(get_help U record_jaywalker_north_9th_street)) & G(!record_car_northeast_5th_avenue -> G(get_help))
G ( idle -> X G ! pickup_fork ),G(idle -> G(!pickup_fork))
G(!( motorbike_has_started & semaphore_is_red & motorbike_falls_down )),G(!(motorbike_has_started) & !(semaphore_is_red) & !(motorbike_falls_down))
F ( get_close_flag ) U G ( ! ( drop_pear ) ),(!drop_pear) U get_close_flag
G(!( bridge_closes )) | F(( bridge_closes ) & F( sensor_retrieves_data | manager_collect_claims )),F(bridge_closes & F(sensor_retrieves_data | manager_collect_claims))
hold_apple & F ( gather_pear ),G(hold_apple -> F gather_pear)
( F ( blue_room ) & G ( ! yellow_room ) ),G((!yellow_room) -> X blue_room)
G(( constructor_instantiate_objects & escalator_speeds_up ) -> G(!( house_is_open & motorbike_has_started ))),G((constructor_instantiate_objects & escalator_speeds_up) -> !(house_is_open & motorbike_has_started))
photo_motorcycle_southeast_9th_avenue -> X ( ( change_light_north_green U get_help ) | G change_light_north_green ),G(photo_motorcycle_southeast_9th_avenue -> X(change_light_north_green U get_help)) & G(!photo_motorcycle_southeast_9th_avenue -> G(change_light_north_green))
G(!( bridge_closes )) | F(( bridge_closes ) & F( car_starts | train_derails )),F(bridge_closes & F(car_starts | train_derails))
F ( go_to_trashcan ) | G ( F ( grab_tree ) ),G(go_to_trashcan | grab_tree)
G ( F ( go_to_apple_trashcan ) ) -> grip_apple,G(go_to_apple_trashcan -> X grip_apple)
G(( bar_is_up & car_starts ) -> G(!( elevator_is_open | bar_is_closing ))),G(!((bar_is_up & car_starts) -> F(bar_is_closing | elevator_is_open)))
parking_lot_4 U (car_5&&photo),parking_lot_4 U photo
G(( motorbike_has_stopped | motorbike_falls_down ) -> F( semaphore_is_yellow )),F((motorbike_has_stopped | motorbike_falls_down) & semaphore_is_yellow)
locality_1 U intersection_4&&<>(warehouse_9&&<>(p_package_5&&<>(store_2&&pd))),(locality_1 U intersection_4) & G(intersection_4 -> F(pd & warehouse_9 & X(!warehouse_9 U store_2)))
G(( train_is_crossing & bar_has_to_be_repaired ) -> G(!( motorbike_falls_down & engine_starts ))),G(((train_is_crossing & bar_has_to_be_repaired) -> !(motorbike_falls_down & engine_starts)))
!park_4 U street_3&&<>(store_7&&<>(p_takeout_2&&<>(bench_3&&pd))),(!park_4 U street_3) & (F store_7 & F bench_3 & G(store_7 -> F bench_3) & G(p_takeout_2 -> (F store_7 & F bench_3)))
<>(house_2&&p_trash_can_2),F house_2 & F p_trash_can_2
G(!( table_is_brown | motorbike_has_started )) | F(( table_is_brown | motorbike_has_started ) & F( bridge_closes )),F(table_is_brown | (motorbike_has_started & F bridge_closes))
G(!( table_is_old & bridge_opens & house_is_open )),G(!table_is_old) & F(bridge_opens & house_is_open)
G ( hold_on_pear ) | grab_hold_pear,G(hold_on_pear | grab_hold_pear)
!building_3 U street_6&&<>(store_3&&<>(p_box_8&&<>(house_2&&pd))),(!building_3) U (street_6 & p_box_8)
G(!( bridge_closes )) | F(( bridge_closes ) & F( escalator_speeds_up | house_collapses )),F(bridge_closes & F(escalator_speeds_up | house_collapses))
( F photo_jaywalker_southwest_5th_street ) -> ( ! photo_jaywalker_southwest_5th_street U ( change_light_north_red & ! photo_jaywalker_southwest_5th_street ) ),F photo_jaywalker_southwest_5th_street -> (!change_light_north_red U photo_jaywalker_southwest_5th_street)
F ( make_way_waste_basket ) & F ( go_to_transh_can ),F(make_way_waste_basket & go_to_transh_can)
F ( be_near_tree ) | G ( F ( go_to_waste_basket ) ),F(go_to_waste_basket | be_near_tree)
! ( let_go_pear ) | G ( F ( go_to_waste_basket ) ),G(!(let_go_pear | go_to_waste_basket))
F ( bring_pear ) U G ( ! ( drop_apple ) ),bring_pear U !drop_apple
take_to_tree & take_apple,F take_to_tree & F take_apple
[]<>(warehouse_4&&<>(p_crate_3&&<>(mall_3&&pd))),G(p_crate_3 -> F(pd & mall_3))
F ( getting_pear ) U take_apple,getting_pear U take_apple
<>(table_2&&<>(p_brochure_9&&<>(park_4&&[]park_4))),F(p_brochure_9 & table_2) & F(park_4 & G(park_4))
!intersection_5 U street_4&&<>(house_4&&<>(p_pass_4&&<>(office_1&&pd))),(!intersection_5) U (street_4 & p_pass_4 & house_4 & office_1)
! change_light_east_green U change_light_east_yellow,G(change_light_east_green -> (change_light_east_yellow U change_light_east_green))
F ( street_4 & F ( p_traffic_cone_5 & F ( intersection_6 & pd ) ) ),F(p_traffic_cone_5 & F(intersection_6))
F ( go_by_house ) | G ( ! ( drop_orange ) ),G((!drop_orange) | go_by_house)
take_to_trashcan & go_to_orange_bin,F(take_to_trashcan & go_to_orange_bin)
G ( ! ( drop_orange ) ) & F ( visit_house ),G(!drop_orange) & G(visit_house -> F visit_house)
( F get_help ) -> ( ! get_help U ( record_jaywalker_southwest_6th_avenue & ! get_help ) ),G(get_help -> ( !record_jaywalker_southwest_6th_avenue U record_jaywalker_southwest_6th_avenue ))
F ( scoop_up_pear ) | F ( stop_by_trash_can ),G(scoop_up_pear | stop_by_trash_can)
venture_towards_house & venture_towards_house,G(venture_towards_house)
F G ! photo_collision_west_8th_street,G F !photo_collision_west_8th_street
G ( ! ( photo_collision_east_5th_street & get_help ) -> F record_collision_north_10th_street ),G((!photo_collision_east_5th_street & !get_help) -> F record_collision_north_10th_street)
G ( ! ( let_go ) ) & drop_orange,G(!drop_orange & !let_go)
G(!( manager_handles_requests & motorbike_falls_down )) | F(( manager_handles_requests & motorbike_falls_down ) & F( engine_breaks | sensor_captures_data )),F((manager_handles_requests & motorbike_falls_down) & F(engine_breaks | sensor_captures_data))
grab_hold_pear -> ! ( let_go_pear ),G(grab_hold_pear -> !let_go_pear)
go_to_orange -> F ( have_possession_of_apple ),G(have_possession_of_apple -> go_to_orange)
<>(monument_3&&photo&&<>(pathway_8&&[]pathway_8)),F (photo & monument_3) & X (pathway_8 & G pathway_8)
put_in_bucket -> stop_by_flag,G(put_in_bucket -> X stop_by_flag)
F avoid_probable_fire_source & F avoid_probable_gas_leak,G(F(avoid_probable_fire_source) & F(avoid_probable_gas_leak))
! deliver_chair_shelf U get_help,G(deliver_chair_shelf -> get_help)
[]<>(area_4&&photo)&&[]<>(area_3&&photo),G area_4 & G F area_3
( deliver_toaster_loading_dock U get_help ),deliver_toaster_loading_dock & X get_help
G ( touch_flag ) | G ( ! ( let_go_orange ) ),G(touch_flag | !let_go_orange)
G(( train_is_crossing ) -> G(( house_is_built ) -> F( bar_has_to_be_repaired ))),G(train_is_crossing -> (house_is_built U bar_has_to_be_repaired))
get_to_tree | G ( F ( grab_tree ) ),F get_to_tree | G F grab_tree
F ( travel_to_trash_can ) -> venture_to_trash_can,G(travel_to_trash_can -> venture_to_trash_can)
[]county_4&&[]<>(office_3&&<>(p_package_4&&<>(office_8&&pd))),G(county_4 -> (p_package_4 U office_8))
F ( withdraw_pear ) & G ( have_in_orange ),G(withdraw_pear -> G(have_in_orange))
G(( train_stops & bar_is_down ) -> G( semaphore_is_yellow )),G((train_stops & bar_is_down) -> semaphore_is_yellow)
F ( move_past_trash_can ) & F ( go_to_trash_bin ),G(move_past_trash_can -> F(go_to_trash_bin))
F ( take_possession_of_bear ) | F ( stand_by_tree ),G((take_possession_of_bear | stand_by_tree))
F G intersection_5,G intersection_5
F ( get_hold_apple ) & F ( go_to_home ),G((get_hold_apple -> F go_to_home))
F blue_room,blue_room
F ( arrive_at_tree ) U F ( let_go_apple ),G(arrive_at_tree -> (arrive_at_tree U let_go_apple))
[]<>intersection_4&&<>locality_9,G intersection_4 & F locality_9
G(!( sensor_gathers_information )) | F(( sensor_gathers_information ) & F( train_has_arrived | escalator_moves )),F(sensor_gathers_information & F(train_has_arrived | escalator_moves))
G(( train_has_arrived & train_is_crossing ) -> F( sensor_captures_data )),F((train_has_arrived & train_is_crossing) & sensor_captures_data)
( deliver_cow_loading_dock U get_help ),F(deliver_cow_loading_dock & F(get_help))
F ( travel_by_tree ) -> ! ( let_go_pear ),G(travel_by_tree -> !let_go_pear)
gather_apple -> F ( go_past_flag ),G(go_past_flag)
G(( sensor_captures_data | train_is_crossing ) -> G(!( manager_handles_requests & constructor_creates_instances ))),G((sensor_captures_data | train_is_crossing) -> !(manager_handles_requests & constructor_creates_instances))
G(!( sensor_gathers_information )) | F(( sensor_gathers_information ) & F( table_is_old & bar_has_to_be_repaired )),F(sensor_gathers_information & F(table_is_old & F(bar_has_to_be_repaired)))
<>[]house_5,F house_5 & G house_5
F ( go_visit_house ) -> pick_up_fruit,G(go_visit_house -> F pick_up_fruit)
( record_collision_northwest_5th_avenue U record_jaywalker_north_1st_avenue ),G(record_collision_northwest_5th_avenue -> F(record_jaywalker_north_1st_avenue))
F ( collect_orange ) | move_to_house,G((collect_orange | move_to_house))
F G ! go_home,G !go_home
street_4 U ( house_1 & photo ),street_4 U photo
( get_help U record_cyclist_west_3rd_street ),get_help & X record_cyclist_west_3rd_street
go_by_waste_bin | secure_apple,F(go_by_waste_bin | secure_apple)
( photo_injured_civilian U deliver_aid_injured_rescuer ) | G photo_injured_civilian,G(photo_injured_civilian -> (photo_injured_civilian U deliver_aid_injured_rescuer))
F ( collect_apple ) -> G ( ! ( drop_pear ) ),G(collect_apple -> G(!drop_pear))
G(( train_stops & sensor_gathers_information ) -> G( bar_has_to_be_repaired | bar_is_up )),G((train_stops & sensor_gathers_information) -> (bar_has_to_be_repaired | bar_is_up))
G F avoid_probable_gas_leak | X avoid_inactive_gas_leak,G(F(!avoid_probable_gas_leak) | X(!avoid_inactive_gas_leak))
G(!( sensor_gathers_information )) | F(( sensor_gathers_information ) & F( bar_has_to_be_repaired & car_stops )),F(sensor_gathers_information & F(bar_has_to_be_repaired & F(car_stops)))
! G ( ! ( get_help & X get_help ) ),G get_help
G(( engine_starts & semaphore_is_broken ) -> G(!( house_is_open & motorbike_has_started ))),G((engine_starts & semaphore_is_broken) -> !(house_is_open & motorbike_has_started))
G ( ! ( drop_apple ) ) & secure_apple,G(!drop_apple & secure_apple)
G(!( car_enters & engine_stops )) | F(( car_enters & engine_stops ) & F( train_has_arrived | escalator_moves )),F((car_enters & engine_stops) & F(train_has_arrived | escalator_moves))
move_to_house -> F ( go_to_trash_receptacle ),F go_to_trash_receptacle
( F deliver_teddy_bear_shelf ) -> ( ! deliver_teddy_bear_shelf U ( search_donut & ! deliver_teddy_bear_shelf ) ),G(deliver_teddy_bear_shelf -> (search_donut V deliver_teddy_bear_shelf))
<>(office_4&&<>(p_box_2&&<>(house_1&&pd))),F(pd & office_4) & G((pd & office_4) -> X(!pd U house_1))
G(!( escalator_moves | brake_is_pressed )) | F(( escalator_moves | brake_is_pressed ) & F( train_has_arrived & bar_is_down )),F(escalator_moves | (brake_is_pressed & F(train_has_arrived & F(bar_is_down))))
F ( office_4 & F ( p_box_2 & F ( house_1 & pd ) ) ),G(office_4 -> F(pd)) & G(p_box_2 -> F(house_1))
G ( F ( grab_tree ) ) -> G ( have_in_orange ),G F have_in_orange
F ( ( red_room | yellow_room ) & F blue_room ),F blue_room
[]locality_2&&<>(office_4&&<>(p_document_5&&<>(office_9&&pd))),G(locality_2 & (p_document_5 -> (office_4 U office_9)))
parking_lot_9 U (car_2&&photo),parking_lot_9 U photo
G(!( semaphore_is_green | bar_is_up )) | F(( semaphore_is_green | bar_is_up ) & F( house_is_open | motorbike_is_driven )),F((semaphore_is_green | bar_is_up) & F(house_is_open | motorbike_is_driven))
<>[]intersection_5,G intersection_5
G(!( bar_is_closing & elevator_is_blocked )) | F(( bar_is_closing & elevator_is_blocked ) & F( train_has_arrived )),F((bar_is_closing & elevator_is_blocked) & F(train_has_arrived))
going_to_tree U F ( capture_pear ),going_to_tree U capture_pear
collect_pear -> take_apple,G(collect_pear -> X take_apple)
F ( pick_up_peach ) -> put_in_bucket,G(pick_up_peach -> F put_in_bucket)
G ( change_light_south_red -> X G ! photo_person_west_10th_street ),G(change_light_south_red -> G(!photo_person_west_10th_street))
[]!parking_lot_5&&<>(car_3&&photo),G(photo -> !parking_lot_5)
F ( ( green_room | red_room ) & F blue_room ),F((green_room | red_room) & X blue_room)
G ( stay ) -> F ( clutch_orange ),F clutch_orange
G(( brake_is_released & motorbike_has_stopped ) -> F( house_collapses & motorbike_falls_down )),F((brake_is_released & motorbike_has_stopped) & (motorbike_falls_down & house_collapses))
<>(arch_1&&photo),F photo
G(( motorbike_has_stopped & car_starts ) -> G(!( motorbike_falls_down & engine_starts ))),G !((motorbike_has_stopped & car_starts) -> (motorbike_falls_down & X engine_starts))
F ( secure_pear ) & F ( scoop_up_pear ),G(secure_pear) & G(scoop_up_pear -> secure_pear)
G(!( table_is_old | bar_has_to_be_repaired )) | F(( table_is_old | bar_has_to_be_repaired ) & F( car_enters & engine_stops )),F((table_is_old | bar_has_to_be_repaired) & F(car_enters & engine_stops))
G ! ( house_4 & p_bottle_2 ),G ! p_bottle_2
G ( F ( go_to_pear ) ) & F ( secure_pear ),G(F go_to_pear) & G(secure_pear)
G ( F ( go_to_apple_trashcan ) ) & ! ( let_go_pear ),G(F(go_to_apple_trashcan) & G(!let_go_pear))
G( manager_collect_claims & train_derails & engine_stops ),G((manager_collect_claims) -> (train_derails & engine_stops))
!park_5 U intersection_5&&<>(monument_3&&photo),(!park_5 U intersection_5) & F photo & F monument_3
[]<>charger_12&&[]<>(house_5&&<>(p_box_1&&<>(house_23&&pd))),G(F(p_box_1 & house_5 & X(!p_box_1 U (p_box_1 & house_23))) & F(charger_12))
G ( record_injured_civilian -> F go_home ) -> G F record_fire_source,G((record_injured_civilian -> F go_home) -> G F record_fire_source)
G(( train_has_arrived ) -> F( motorbike_has_stopped & elevator_rises )),F(train_has_arrived -> F(motorbike_has_stopped & elevator_rises))
G(( engine_breaks & semaphore_is_yellow ) -> F( elevator_rises & bar_is_closing )),F(elevator_rises & F(engine_breaks & F(semaphore_is_yellow & F(bar_is_closing))))
going_to_tree -> F ( venture_to_waste_basket ),G(going_to_tree -> venture_to_waste_basket)
G(!( train_has_arrived )) | F(( train_has_arrived ) & F( train_has_arrived & manager_handles_requests )),F(train_has_arrived & X(train_has_arrived & manager_handles_requests))
G(!( elevator_is_open | train_derails )) | F(( elevator_is_open | train_derails ) & F( constructor_creates_instances | table_is_old )),F((elevator_is_open | train_derails) & X(constructor_creates_instances | table_is_old))
G(( train_stops & sensor_gathers_information ) -> G( engine_stops & bridge_opens )),G((train_stops & sensor_gathers_information) -> (engine_stops & bridge_opens))
F ( collect_orange ) -> F ( reach_tree ),G(collect_orange -> G(reach_tree))
! idle U pickup_cell_phone,G(!idle U pickup_cell_phone)
G(( bar_is_up & motorbike_has_stopped ) -> G(!( semaphore_is_yellow | brake_is_released ))),G(!((bar_is_up & motorbike_has_stopped) & X(brake_is_released | semaphore_is_yellow)))
gather_apple U F ( proceed_to_house ),gather_apple U proceed_to_house
G ( ! ( let_go ) ) & F ( getting_pear ),G(!getting_pear -> !let_go)
get_help -> X ( ( go_home U avoid_active_unstable_beam ) | G go_home ),G(get_help -> (X(go_home U avoid_active_unstable_beam) | G go_home))
G ( ! ( get_help & search_microwave ) -> F idle ),G((!get_help & !search_microwave) -> F idle)
move_to_house U F ( go_past_flag ),move_to_house U go_past_flag
<>(restaurant_9&&<>(takeout_2&&<>(house_1&&pd))),F(takeout_2 & restaurant_9) & F(takeout_2 & house_1)
G ( ! ( drop_pear ) ) | capture_orange,G(!drop_pear & !capture_orange)
G(( elevator_rises ) -> G(( house_is_built ) -> F( train_derails ))),G(house_is_built -> F train_derails)
G(!( bridge_closes )) | F(( bridge_closes ) & F( bar_has_to_be_repaired & sensor_retrieves_data )),F(bridge_closes & F(bar_has_to_be_repaired & F(sensor_retrieves_data)))
park_5 U ( monument_2 & photo & F ( intersection_5 & G intersection_5 ) ),park_5 U (photo & monument_2 & X intersection_5 & X G intersection_5)
G(!( engine_breaks | car_enters )) | F(( engine_breaks | car_enters ) & F( train_has_arrived )),F(engine_breaks | car_enters) & F(train_has_arrived)
<>(post_office_1&&<>(p_letter_3&&<>(house_2&&pd))),F(pd & X(F(house_2)))
drop_by -> F ( venture_to_flag ),G(drop_by -> G(venture_to_flag))
G(( semaphore_is_yellow | brake_is_released ) -> G(!( semaphore_is_yellow | car_stops ))),G((semaphore_is_yellow | brake_is_released) -> !(semaphore_is_yellow | car_stops))
go_by_waste_bin | G ( ! ( drop_apple ) ),G(go_by_waste_bin | G(!drop_apple))
G(!( bridge_closes )) | F(( bridge_closes ) & F( manager_collect_claims & semaphore_is_broken )),F(bridge_closes & F(manager_collect_claims & semaphore_is_broken))
G(( brake_is_released & escalator_speeds_up ) -> F( elevator_is_open & escalator_moves )),F((brake_is_released & escalator_speeds_up) & (elevator_is_open & escalator_moves))
take_to_trashcan | ! ( let_go_orange ),F(take_to_trashcan | !let_go_orange)
( F ( yellow_room ) & G ( ! blue_room ) ),F((!blue_room) & X(yellow_room))
move_towards_trash_can & put_in_bucket,F(move_towards_trash_can & F put_in_bucket)
G(!( motorbike_catches_fire & car_enters )) | F(( motorbike_catches_fire & car_enters ) & F( table_has_been_moved & motorbike_is_driven )),F((motorbike_catches_fire & car_enters) & F(table_has_been_moved & F(motorbike_is_driven)))
park_5 U (monument_2&&photo&&<>(intersection_5&&[]intersection_5)),G(park_5 U (photo & X intersection_5))
G ( ! ( drop_apple ) ) | secure_apple,G(!drop_apple | secure_apple)
G(!( train_has_arrived )) | F(( train_has_arrived ) & F( house_is_open & elevator_rises )),F(train_has_arrived & F(house_is_open & F(elevator_rises)))
take_orange U ! ( F ( pick_up_anything ) ),take_orange U !pick_up_anything
G ( stay ) | come_to_tree,G(stay | come_to_tree)
F ( venture_flag ) -> F ( make_way_waste_basket ),G(venture_flag -> F make_way_waste_basket)
put_in_apple_bucket U G ( F ( go_to_waste_basket ) ),put_in_apple_bucket U go_to_waste_basket
G ( ! ( let_go_orange ) ) -> F ( obtain_orange ),G(let_go_orange -> F obtain_orange)
F ( reach_tree ) U hold_on_to_pear,(reach_tree U hold_on_to_pear)
! ( F ( pick_up_anything ) ) -> F ( travel_to_flag ),F travel_to_flag
F ( post_office_1 & F ( p_letter_3 & F ( house_2 & pd ) ) ),F(post_office_1 & X(pd & X(F(house_2 & X(p_letter_3)))))
G(( train_has_arrived ) -> F( motorbike_catches_fire | sensor_gathers_information )),F((motorbike_catches_fire) | ((train_has_arrived) & F(sensor_gathers_information)))
F ( table_4 & F ( p_tin_can_4 & F ( trash_can_5 & pd ) ) ) & G ! hallway_2,G(!hallway_2) & F(p_tin_can_4) & F(trash_can_5)
G ( move_around ) & move_to_house,G(move_around & move_to_house)
F ( make_contact_with_house ) -> F ( obtain_pear ),G(make_contact_with_house -> F obtain_pear)
G F ( mall_5 & F ( p_crate_8 & F ( office_6 & pd ) ) ),G(F(p_crate_8 & mall_5 & X(F(office_6))))
! ( F ( pick_up_anything ) ) & F ( withold_apple ),G(!pick_up_anything & !withold_apple)
G ( go_by_trash_can ) & F ( walk_near_flag ),G(go_by_trash_can) & G(walk_near_flag -> X(go_by_trash_can))
G(!( sensor_gathers_information )) | F(( sensor_gathers_information ) & F( train_has_arrived & manager_handles_requests )),F(sensor_gathers_information & F(train_has_arrived & manager_handles_requests))
! garage_1 U photo & F ( landmark_5 & photo ),(!garage_1) U (photo & F landmark_5)
search_hot_dog -> X ( ( get_help U deliver_laptop_loading_dock ) | G get_help ),G(search_hot_dog -> X(get_help U deliver_laptop_loading_dock)) & G(!search_hot_dog -> G(get_help))
( F ( blue_room ) & G ( ! red_room ) ),G(blue_room & !red_room)
[]!(hall_1&&p_file_6),G (!hall_1)
F ( go_to_flag ) -> capture_orange,G(go_to_flag -> capture_orange)
F( semaphore_is_broken | bridge_opens | semaphore_is_yellow ),semaphore_is_broken | bridge_opens | semaphore_is_yellow
move_to_house | acquire_apple,F(move_to_house | acquire_apple)
F ( journey_to_tree ) -> F ( gather_pear ),G(journey_to_tree -> F gather_pear)
get_to_tree | move_to_trashcan,F get_to_tree | F move_to_trashcan
F ( park_5 & F ( monument_3 & photo ) ),F park_5 & F photo & F monument_3
deliver_bus_shelf U ( G ( F search_car ) ),G(deliver_bus_shelf -> (deliver_bus_shelf U G F search_car))
take_to_tree & G ( hold_onto_orange ),G(take_to_tree) & G(hold_onto_orange)
F yellow_room,yellow_room
G(( car_stops | house_collapses ) -> G(!( elevator_is_open | manager_handles_requests ))),G((car_stops | house_collapses) -> (!elevator_is_open | manager_handles_requests))
F ( shop_1 & F ( p_bottle_3 & F ( hospital_2 & pd ) ) ),F(pd & p_bottle_3 & shop_1) & F(hospital_2)
!street_5 U store_1&&<>(store_1&&p_package_4),(!street_5) U store_1
! ( let_go_pear ) | grab_hold_pear,G(!(let_go_pear | grab_hold_pear))
G(( brake_is_pressed | semaphore_is_broken ) -> F( manager_handles_requests | escalator_is_blocked )),F(manager_handles_requests | (brake_is_pressed -> X(escalator_is_blocked)) | semaphore_is_broken)
<>(office_4&&<>(p_box_2&&<>(house_1&&pd))),F (p_box_2 & office_4 & X F (p_box_2 & house_1))
G(!( train_has_arrived | escalator_moves )) | F(( train_has_arrived | escalator_moves ) & F( table_is_old | bar_has_to_be_repaired )),F((train_has_arrived | escalator_moves) & F(table_is_old | bar_has_to_be_repaired))
F ( red_room & F green_room ),F(red_room & X(green_room))
go_by_waste_bin -> venture_towards_house,go_by_waste_bin <-> venture_towards_house
G ( hold_on_pear ) & F ( snag_orange ),G hold_on_pear & G(snag_orange -> hold_on_pear)
<>(table_4&&<>(p_tin_can_4&&<>(trash_can_5&&pd)))&&[]!hallway_2,G(pd -> (F (p_tin_can_4 & table_4) & F trash_can_5 & G !hallway_2))
<>[]street_2,F street_2 & G street_2
[]<>(intersection_4&&photo),G F photo
G(!( manager_handles_requests | train_has_arrived )),!(manager_handles_requests | train_has_arrived)
G(!( house_is_open & elevator_rises )) | F(( house_is_open & elevator_rises ) & F( train_stops & brake_is_pressed )),G((house_is_open & elevator_rises) -> F(train_stops & brake_is_pressed))
G F charger_1 & F ( house_4 & F ( box_4 & F ( house_9 & pd ) ) ),G((box_4 & house_4) -> (charger_1 U house_9))
F ( blue_room & F red_room ),G(red_room -> blue_room)
<>[]table_4,G table_4
G ( touch_flag ) & F ( haul_pear ),G(touch_flag & G(haul_pear))
! G ( ! ( pickup_motorbike & X pickup_motorbike ) ),G(pickup_motorbike | X pickup_motorbike | X X pickup_motorbike)
F ( go_near_pear ) | ! ( F ( pick_up_anything ) ),G((!go_near_pear) -> (!pick_up_anything))
G(!( constructor_creates_instances | table_is_old )) | F(( constructor_creates_instances | table_is_old ) & F( constructor_creates_instances | motorbike_is_driven )),F(constructor_creates_instances | table_is_old) | F(motorbike_is_driven)
G( motorbike_is_driven & brake_is_released & engine_stops ),motorbike_is_driven & brake_is_released & engine_stops
G ( ! ( drop_apple ) ) | F ( reach_flag ),G(!drop_apple) & G(!reach_flag)
G ( have_in_orange ) U F ( clutch_orange ),G (have_in_orange U clutch_orange)
<>(warehouse_3&&<>(p_package_2&&<>(house_1&&pd&&photo))),F warehouse_3 & F p_package_2 & F pd & F house_1 & F photo
F ( pass_by_trash_bin ) U F ( journey_by_house ),pass_by_trash_bin U journey_by_house
G(( semaphore_is_broken | train_has_arrived ) -> G( motorbike_has_started | escalator_speeds_up )),G((semaphore_is_broken | train_has_arrived) -> (motorbike_has_started | escalator_speeds_up))
venture_towards_house U G ( ! ( drop_apple ) ),venture_towards_house U !drop_apple
<>[]parking_lot_3,G(parking_lot_3)
G F ( street_3 & photo ),G photo
G ( F ( go_to_waste_basket ) ) | F ( move_to_flag ),G(F(go_to_waste_basket) | F(move_to_flag))
F ( go_to_home ) | F ( going_to_house ),G(go_to_home | going_to_house)
G ( go_home -> F deliver_aid_injured_victim ) -> G F record_flood,G((go_home -> F deliver_aid_injured_victim) -> G F record_flood)
F ( office_4 & F ( p_box_2 & F ( house_1 & pd ) ) ),F(pd & X F(house_1))
G(!( bridge_closes | escalator_is_blocked )) | F(( bridge_closes | escalator_is_blocked ) & F( sensor_gathers_information )),F((bridge_closes | escalator_is_blocked) & F(sensor_gathers_information))
F ( start_going_to_house ) | ! ( let_go_orange ),F(start_going_to_house | !let_go_orange)
G(( train_stops & sensor_gathers_information ) -> G( brake_is_released & bar_has_to_be_repaired )),G(((train_stops & sensor_gathers_information) -> (brake_is_released & bar_has_to_be_repaired)))
F ( go_to_trash_receptacle ) U F ( journey_to_flag ),go_to_trash_receptacle U journey_to_flag
F ( landmark_9 & photo & G landmark_9 ),F(landmark_9 & photo)
G ( ! ( drop_orange ) ) -> approach_trash_can,G(!drop_orange -> F approach_trash_can)
G(!( constructor_creates_instances | table_is_old )) | F(( constructor_creates_instances | table_is_old ) & F( manager_collect_claims & semaphore_is_broken )),F((constructor_creates_instances | (table_is_old & F(manager_collect_claims & X(semaphore_is_broken)))))
[]<>parking_lot_4&&<>(car_5&&<>(p_document_4&&<>(car_6&&pd))),G((p_document_4 & car_5) -> (F parking_lot_4 & F car_6))
F ( p_crate_4  & F ( park_1  & pd & G park_1 ) ),G(p_crate_4 -> F(park_1 & G park_1))
parking_lot_9 U ( car_2 & photo ),parking_lot_9 U photo
approach_trash_can | F ( spend_time_at_tree ),F approach_trash_can | G spend_time_at_tree
( F idle ) -> ( ! idle U ( deliver_oven_shelf & ! idle ) ),F idle -> (!idle U deliver_oven_shelf)
[]<>charger_5&&[]<>(region_4&&photo),G F charger_5 & G F photo & G F region_4
F ( journey_by_flag ) & ! ( let_go_orange ),F(journey_by_flag & !let_go_orange)
G(!( engine_breaks | manager_handles_requests )) | F(( engine_breaks | manager_handles_requests ) & F( bridge_closes )),F((engine_breaks | manager_handles_requests) & F bridge_closes)
! landmark_5 U park_5 & F ( landmark_5 & photo ),(!landmark_5) U (park_5 & F photo)
( get_help U change_light_south_green ),get_help -> X(change_light_south_green)
F ( withdraw_pear ) | ! ( let_go_orange ),G((withdraw_pear | !let_go_orange))
! G ( ! ( record_flood & X record_flood ) ),G(record_flood | X(record_flood) | X X(record_flood))
G( house_is_built & sensor_gathers_information & constructor_creates_instances ),G((house_is_built & sensor_gathers_information) -> constructor_creates_instances)
G ( ! avoid_probable_unstable_beam ),G avoid_probable_unstable_beam
F ( blue_room & F green_room ),X blue_room -> X green_room
G ( ! ( drop_pear ) ) | F ( go_visit_house ),G(!drop_pear | go_visit_house)
G locality_7 & F ( office_4 & F ( p_letter_1 & F ( house_1 & pd ) ) ),G((pd & office_4 & p_letter_1) -> (locality_7 U house_1))
G(!( elevator_is_blocked | house_is_open )) | F(( elevator_is_blocked | house_is_open ) & F( train_has_arrived )),F((elevator_is_blocked | house_is_open) & F(train_has_arrived))
( F photo_vehicle_southeast_1st_street ) -> ( ! photo_vehicle_southeast_1st_street U ( photo_car_south_3rd_street & ! photo_vehicle_southeast_1st_street ) ),F photo_vehicle_southeast_1st_street -> ( !photo_vehicle_southeast_1st_street U photo_car_south_3rd_street )
take_to_trashcan | G ( hold_on_pear ),F take_to_trashcan | G hold_on_pear
[]!street_7&&<>(store_9&&<>(p_package_3&&<>(house_1&&pd))),G(!(street_7)) & (p_package_3 -> (!street_7 U (store_9 & F house_1)))
F ( stop_by_house ) -> come_to_tree,G(stop_by_house -> come_to_tree)
F G ! idle,G F !idle
G(!( bridge_closes )) | F(( bridge_closes ) & F( table_is_brown & bar_is_up )),bridge_closes & X F (table_is_brown & bar_is_up)
<>(intersection_7&&photo&&[]intersection_7),F(intersection_7 & photo) & G(intersection_7)
G ( ! ( get_help & record_vehicle_southwest_2nd_avenue ) -> F change_light_west_yellow ),G((!get_help & !record_vehicle_southwest_2nd_avenue) -> F change_light_west_yellow)
G ( ! ( photo_vehicle_southeast_7th_street & photo_cyclist_northwest_5th_avenue ) -> F change_light_north_green ),G((!photo_vehicle_southeast_7th_street & !photo_cyclist_northwest_5th_avenue) -> F change_light_north_green)
F G house_5,G house_5
G ( change_light_west_yellow -> F get_help ) -> G F record_vehicle_north_1st_street,G(F(change_light_west_yellow -> F(get_help)) -> G F(record_vehicle_north_1st_street))
go_by_waste_bin & go_by_waste_bin,G(go_by_waste_bin)
F ( go_by_house ) U F ( stop_by_trash_can ),go_by_house U stop_by_trash_can
F ( get_hold_orange ) -> go_to_bucket,G(get_hold_orange -> F(go_to_bucket))
avoid_probable_unstable_beam U ( G ( F communicate_injured_hostile ) ),G(avoid_probable_unstable_beam) & (avoid_probable_unstable_beam U G F(communicate_injured_hostile))
G(!( house_collapses & house_is_open )) | F(( house_collapses & house_is_open ) & F( motorbike_catches_fire & semaphore_is_red )),F(house_collapses & house_is_open & F(motorbike_catches_fire & semaphore_is_red))
G(!( table_is_brown & bar_is_down )) | F(( table_is_brown & bar_is_down ) & F( train_has_arrived )),F((table_is_brown & bar_is_down) & F(train_has_arrived))
F ( reach_flag ) U venture_towards_house,(reach_flag U venture_towards_house)
G(!( table_is_old | motorbike_has_started )),G(!(table_is_old & motorbike_has_started))
G(( escalator_is_blocked | car_starts ) -> G(!( brake_is_released | engine_starts ))),G(((escalator_is_blocked | car_starts) -> !(brake_is_released | engine_starts)))
F ( start_going_to_tree ) & G ( go_by_trash_can ),G((start_going_to_tree) -> G(go_by_trash_can))
locality_6 U (store_8&&<>(p_package_3&&<>(house_5&&pd))),(locality_6 U (pd & store_8 & X(!store_8 U house_5 & p_package_3)))
<>[]building_3&&!building_3 U garage_3,G(building_3 -> ( !building_3 U garage_3 ))
F ( touch_tree ) U F ( proceed_to_house ),touch_tree U proceed_to_house
put_in_bucket | G ( F ( make_way_to_house ) ),G(put_in_bucket | F make_way_to_house)
( F ( blue_room ) & G ( ! yellow_room ) ),F blue_room
G F street_4,G street_4
<>(pd&&<>parking_lot_2),G(parking_lot_2 -> pd)
G ( F ( make_way_to_house ) ) | F ( secure_pear ),G(F(make_way_to_house) | G(secure_pear))
G(!( constructor_creates_instances | motorbike_is_driven )) | F(( constructor_creates_instances | motorbike_is_driven ) & F( bridge_closes )),F((constructor_creates_instances | motorbike_is_driven) & X bridge_closes)
go_by_waste_bin & F ( bring_pear ),F(go_by_waste_bin) & F(bring_pear)
[]<>(warehouse_4&&<>(p_crate_8&&<>(store_8&&pd)))&&[]<>charger_2,G(F(store_8 & F(warehouse_4 & F(p_crate_8 & F(charger_2)))))
G ( go_home -> X avoid_inactive_debris ),G(go_home -> X(!avoid_inactive_debris))
G(!( semaphore_is_green & sensor_gathers_information )),!(semaphore_is_green & sensor_gathers_information)
G ( ! ( drop_orange ) ) U F ( reach_tree ),(!drop_orange) U reach_tree
go_to_bucket | G ( ! ( drop_apple ) ),G(go_to_bucket | G(!drop_apple))
get_help -> X ( ( deliver_aeroplane_shelf U idle ) | G deliver_aeroplane_shelf ),G(get_help -> (X(deliver_aeroplane_shelf U idle) | G(deliver_aeroplane_shelf)))
G(( semaphore_is_yellow ) -> G( car_stops | brake_is_released )),G(semaphore_is_yellow -> F(car_stops | brake_is_released))
F ( collect_orange ) | travel_to_waste_bin,F(collect_orange | travel_to_waste_bin)
<>(house_1&&<>(p_trash_can_4&&<>(garbage_dump_3&&pd))),F(pd & house_1) & F(p_trash_can_4) & F(garbage_dump_3)
G ( ! ( go_home & communicate_safe_hostile ) -> F communicate_safe_victim ),G((!go_home & !communicate_safe_hostile) -> F communicate_safe_victim)
G(!( bridge_closes )) | F(( bridge_closes ) & F( engine_breaks | semaphore_is_yellow )),F(bridge_closes & X(F(engine_breaks | semaphore_is_yellow)))
G ( F ( go_to_apple_trashcan ) ) | F ( go_to_trashcan ),G(F(go_to_apple_trashcan | go_to_trashcan))
G(!( train_has_arrived )) | F(( train_has_arrived ) & F( house_is_open | motorbike_is_driven )),F(train_has_arrived & X F(house_is_open | motorbike_is_driven))
F ( lay_hold_of_apple ) & come_to_tree,G((lay_hold_of_apple & come_to_tree))
G ( F ( go_to_apple_trashcan ) ) | grab_hold_pear,G(F(go_to_apple_trashcan) | F(grab_hold_pear))
G ( ! ( drop_orange ) ) & F ( go_to_apple ),G(!drop_orange) & G(go_to_apple)
F ( blue_room & F green_room ),F blue_room & F green_room
G ( hold_onto_orange ) | F ( touch_tree ),G(hold_onto_orange | touch_tree)
G(!( house_collapses | bridge_opens | brake_is_released )),!(house_collapses | bridge_opens | brake_is_released)
[]<>charging_station_5&&[]<>(warehouse_1&&<>(p_package_5&&<>(store_5&&pd))),G(F(charging_station_5)) & G(p_package_5 -> F(store_5)) & G(F(warehouse_1))
G(!( escalator_speeds_up | bar_is_closing )) | F(( escalator_speeds_up | bar_is_closing ) & F( escalator_speeds_up & bridge_opens )),(F(escalator_speeds_up | bar_is_closing) & F(escalator_speeds_up & X bridge_opens))
G(!( table_has_been_moved & train_derails )) | F(( table_has_been_moved & train_derails ) & F( train_has_arrived )),(table_has_been_moved & train_derails) & F(train_has_arrived)
<>(park_7&&<>(monument_4&&photo)),F park_7 & X F monument_4
G(!( table_is_brown & bar_has_to_be_repaired & engine_starts )),!(table_is_brown & bar_has_to_be_repaired & engine_starts)
G(( engine_starts | train_is_crossing ) -> G( table_is_brown | escalator_speeds_up )),G((engine_starts | train_is_crossing) -> (table_is_brown | escalator_speeds_up))
G(( elevator_is_open | bar_is_closing ) -> G(!( bar_is_up & engine_stops ))),G(((elevator_is_open | bar_is_closing) -> !(bar_is_up & engine_stops)))
[]!street_7&&<>(store_9&&<>(p_package_3&&<>(house_1&&pd))),G(!(street_7) U (p_package_3 & store_9 & F house_1))
drop_orange U F ( get_orange ),drop_orange U get_orange
G(( semaphore_is_yellow ) -> G( bridge_opens & constructor_creates_instances )),G(semaphore_is_yellow -> (bridge_opens & constructor_creates_instances))
F ( journey_to_flag ) U F ( acquire_pear ),G(journey_to_flag -> (!acquire_pear U journey_to_flag))
F ( got_to_house ) | G ( ! ( drop_orange ) ),G(got_to_house | !drop_orange)
G(( escalator_moves & bar_is_closing ) -> G( constructor_creates_instances | escalator_is_blocked )),G((escalator_moves & bar_is_closing) -> (constructor_creates_instances | escalator_is_blocked))
G ( ! ( let_go_apple ) ) | F ( visit_waste_basket ),G(!let_go_apple | visit_waste_basket)
G ( ! ( drop_orange ) ) & F ( withdraw_pear ),G !drop_orange & G(withdraw_pear -> X withdraw_pear)
[]!parking_lot_8&&<>street_5,G(street_5 -> X(!parking_lot_8))
put_in_bin | F ( grasp_pear ),G(grasp_pear -> put_in_bin)
[]<>car_3&&<>building_2,G( building_2 -> (!building_2 U car_3) )
approach_trash_can | F ( visit_trash_bin ),F(approach_trash_can | visit_trash_bin)
F ( stand_by_tree ) U take_apple,G(stand_by_tree -> (stand_by_tree U take_apple))
F ( go_past_house ) U reach_trash_can,G(go_past_house U reach_trash_can)
G(( semaphore_is_yellow ) -> G( bar_is_down & semaphore_is_red )),G(semaphore_is_yellow -> G(bar_is_down -> semaphore_is_red))
! G ( ! ( deliver_motorbike_shelf & X deliver_motorbike_shelf ) ),G(deliver_motorbike_shelf | X(deliver_motorbike_shelf) | X X(deliver_motorbike_shelf))
G(!( manager_handles_requests | manager_collect_claims )) | F(( manager_handles_requests | manager_collect_claims ) & F( sensor_gathers_information )),F((manager_handles_requests | manager_collect_claims) & F(sensor_gathers_information))
F ( go_to_apple ) & F ( go_near_flag ),G((go_to_apple -> F go_to_apple) & (go_near_flag -> F go_near_flag))
go_to_orange -> F ( pass_by_waste_receptacle ),G(go_to_orange -> F pass_by_waste_receptacle)
F ( proceed_to_tree ) U F ( get_apple ),G((!get_apple) -> (proceed_to_tree U get_apple))
( F ( green_room ) & G ( ! red_room ) ),G(!red_room U green_room)
! avoid_nearest_unstable_beam U go_home,G(avoid_nearest_unstable_beam -> go_home)
G ( F ( go_to_waste_basket ) ) U G ( touch_flag ),(G go_to_waste_basket) U (G touch_flag)
F ( move_forward_trash_can ) | F ( go_to_home ),G(move_forward_trash_can | go_to_home)
G( train_has_arrived & table_is_old ),table_is_old & train_has_arrived
G(!( train_has_arrived & bridge_closes )) | F(( train_has_arrived & bridge_closes ) & F( sensor_gathers_information )),F((train_has_arrived & bridge_closes) & F(sensor_gathers_information))
G ( ! ( deliver_skateboard_shelf & get_help ) -> F pickup_dining_table ),G((!deliver_skateboard_shelf & !get_help) -> F pickup_dining_table)
F ( grasp_apple ) U acquire_orange,grasp_apple U acquire_orange
F ( going_to_flag ) & hold_apple,F(going_to_flag & hold_apple)
G ( ! ( let_go ) ) & F ( go_to_trash_bin ),G(!let_go & (go_to_trash_bin -> X go_to_trash_bin))
F ( withhold_apple ) -> F ( go_by_waste_basket ),F(withhold_apple -> go_by_waste_basket)
( F go_home ) -> ( ! go_home U ( photo_unsafe_victim & ! go_home ) ),G(go_home -> (!go_home U photo_unsafe_victim))
F ( table_9 & F ( p_brochure_3 & F ( park_2 & pd ) ) ),F(pd & table_9) & F(G(pd -> F(park_2)))
go_home U ( G ( F get_help ) ),G(go_home -> (go_home U G F get_help))
G ( ( record_jaywalker_north_8th_street <-> change_light_south_red ) -> ( change_light_south_red <-> photo_cyclist_northwest_1st_avenue ) ),G((record_jaywalker_north_8th_street & change_light_south_red) -> (change_light_south_red & photo_cyclist_northwest_1st_avenue))
[]<>(store_4&&<>(p_box_2&&<>(hall_8&&pd))),G(F(store_4 & p_box_2 & X(F(hall_8 & pd))))
<>parking_lot_2&&[]!pd,G parking_lot_2 & G !pd
<>(arch_1&&photo),F(arch_1 & F(photo))
[]!street_6&&<>(car_1&&photo),G(!street_6) & F(photo)
go_by_waste_bin U F ( bring_pear ),go_by_waste_bin U bring_pear
G(( train_stops & sensor_gathers_information ) -> G( train_stops & bar_is_down )),G((train_stops & bar_is_down) -> sensor_gathers_information)
G(!( engine_breaks | manager_handles_requests )) | F(( engine_breaks | manager_handles_requests ) & F( bridge_closes | semaphore_is_broken )),F((engine_breaks | manager_handles_requests) & F(bridge_closes | semaphore_is_broken))
come_to_tree -> F ( withdraw_pear ),G(come_to_tree -> F withdraw_pear)
F ( red_room & F green_room ),G(green_room -> red_room)
G F photo_jaywalker_southwest_2nd_street -> G F get_help,G(F(photo_jaywalker_southwest_2nd_street) -> F(get_help))
G ( ! ( drop_apple ) ) | F ( advance_to_house ),G(!drop_apple) | G(advance_to_house)
F ( ( red_room | yellow_room ) & F green_room ),F((yellow_room | red_room) & X F green_room)
<>(house_4&&<>(p_stack_4&&<>(street_2&&[]street_2))),F house_4 & F p_stack_4 & F street_2 & G(street_2 -> X G street_2)
F ( go_to_trash_receptacle ) | G ( ! ( drop_pear ) ),G(go_to_trash_receptacle | G(!drop_pear))
F ( street_5 & F ( building_2 & G building_2 ) ),F(street_5 & X(building_2 & G(building_2)))
G(( motorbike_catches_fire ) -> G(( constructor_instantiate_objects ) -> F( car_enters ))),G(motorbike_catches_fire -> F(car_enters))
going_to_tree U F ( travel_to_flag ),going_to_tree U travel_to_flag
G(!( train_has_arrived & bridge_closes )) | F(( train_has_arrived & bridge_closes ) & F( bar_is_closing | table_is_brown )),F((train_has_arrived & bridge_closes) & X(bar_is_closing | table_is_brown))
G ! parking_lot_5 & G F ( car_9 & photo ),G(!parking_lot_5 & F photo)
( F idle ) -> ( ! idle U ( search_backpack & ! idle ) ),G(idle -> (!search_backpack U idle))
G(( escalator_speeds_up | semaphore_is_broken ) -> F( brake_is_pressed | engine_stops )),F((brake_is_pressed | engine_stops) & (escalator_speeds_up | semaphore_is_broken))
G ( moving ) & grab_hold_pear,G(moving & grab_hold_pear)
locality_6 U (store_8&&<>(p_package_3&&<>(house_5&&pd))),(locality_6 U (pd & store_8 & p_package_3 & house_5))
G ( go_by_trash_can ) | F ( go_to_peach ),G(go_by_trash_can | F(go_to_peach))
F ( withhold_apple ) | G ( ! ( drop_apple ) ),G(withhold_apple | G(!drop_apple))
G ( have_in_orange ) & F ( go_near_house ),G(have_in_orange & (go_near_house -> X have_in_orange))
G(( sensor_captures_data & escalator_is_blocked ) -> G(!( bar_is_up & engine_stops ))),G(((sensor_captures_data & escalator_is_blocked) -> !(bar_is_up & engine_stops)))
F G ! get_help,G F !get_help
G(!( train_has_arrived & elevator_falls )) | F(( train_has_arrived & elevator_falls ) & F( bridge_closes )),F((train_has_arrived & elevator_falls) & F(bridge_closes))
G ( photo_car_north_9th_avenue & X get_help -> X X change_light_north_red ),X(X(change_light_north_red)) -> (photo_car_north_9th_avenue & X(get_help))
F G mall_5,G mall_5
G(( bar_has_to_be_repaired | escalator_moves ) -> G( train_has_been_launched & bar_is_closing )),G(train_has_been_launched & (bar_is_closing -> (bar_has_to_be_repaired | escalator_moves)))
move_to_house | G ( ! ( drop_apple ) ),G(move_to_house | G(!drop_apple))
hold_on_to_pear U F ( approach_house ),hold_on_to_pear U approach_house
! G ( ! ( search_aeroplane & X search_aeroplane ) ),G(search_aeroplane | X search_aeroplane | X X search_aeroplane)
get_help U ( G ( F idle ) ),G(get_help -> (get_help U G F idle))
F ( arrive_at_tree ) | G ( ! ( drop_apple ) ),G(arrive_at_tree -> !drop_apple)
G( motorbike_has_started & bridge_closes & bridge_opens ),bridge_opens & bridge_closes & motorbike_has_started
G ( ! ( drop_apple ) ) | F ( reach_flag ),G(!drop_apple) & F(reach_flag)
walk U F ( obtain_pear ),walk U obtain_pear
G ( hold_onto_orange ) | F ( make_your_way_flag ),G(hold_onto_orange | make_your_way_flag)
F ( venture_to_waste_basket ) -> G ( ! ( let_go_orange ) ),G(venture_to_waste_basket -> G(!let_go_orange))
( F pickup_laptop ) -> ( ! pickup_laptop U ( deliver_boat_loading_dock & ! pickup_laptop ) ),G(pickup_laptop -> (!deliver_boat_loading_dock U pickup_laptop))
venture_towards_house & secure_apple,F(venture_towards_house & secure_apple)
G(!( train_is_crossing | elevator_rises )) | F(( train_is_crossing | elevator_rises ) & F( bar_is_closing | table_is_brown )),F((train_is_crossing | elevator_rises) & F(bar_is_closing | table_is_brown))
G(!( car_enters & engine_stops )) | F(( car_enters & engine_stops ) & F( sensor_gathers_information )),F((car_enters & engine_stops) & F(sensor_gathers_information))
get_help U ( G ( F change_light_north_green ) ),G(get_help -> (get_help U G F change_light_north_green))
G locality_2 & F ( office_4 & F ( p_document_5 & F ( office_9 & pd ) ) ),G((pd & office_4) -> (locality_2 U office_9))
F ( venture_to_waste_basket ) & take_to_tree,F(venture_to_waste_basket & take_to_tree)
F ( parking_lot_2 & p_dish_2 ),F(parking_lot_2 & F(p_dish_2))
record_collision_west_10th_avenue -> X ( ( record_vehicle_northeast_3rd_street U record_jaywalker_east_4th_street ) | G record_vehicle_northeast_3rd_street ),G(record_collision_west_10th_avenue -> X(record_vehicle_northeast_3rd_street U record_jaywalker_east_4th_street)) | G(!record_collision_west_10th_avenue -> G record_vehicle_northeast_3rd_street)
[]street_5&&[]<>(parking_lot_4&&photo),G(street_5 -> X(photo & street_5))
G(!( escalator_moves & table_is_brown )),!(escalator_moves & table_is_brown)
take_apple & F ( go_to_home ),G(go_to_home -> take_apple)
[]<>(car_1&&photo)&&[]!parking_lot_9,G(photo & car_1 & !parking_lot_9)
<>(parking_lot_2&&p_dish_2),F(parking_lot_2 & F(p_dish_2))
F ( present_at_flag ) | G ( ! ( drop_apple ) ),G(present_at_flag | !drop_apple)
F ( building_4 & photo & F ( parking_lot_2 & G parking_lot_2 ) ),F photo & X (building_4 U (parking_lot_2 & G parking_lot_2))
G ( F ( make_way_to_house ) ) & F ( journey_to_flag ),G(F(make_way_to_house)) & G(journey_to_flag -> make_way_to_house)
G(( engine_breaks | semaphore_is_yellow ) -> G( semaphore_is_broken & house_is_built )),G((engine_breaks | semaphore_is_yellow) -> F(semaphore_is_broken & house_is_built))
G(( table_is_brown | escalator_speeds_up ) -> G( table_has_been_moved & motorbike_has_stopped )),G((table_is_brown | escalator_speeds_up) -> (table_has_been_moved & motorbike_has_stopped))
gather_apple & G ( ! ( drop_orange ) ),G gather_apple & G !drop_orange
F ( proceed_to_flag ) | G ( go_by_trash_can ),G(proceed_to_flag | go_by_trash_can)
G ( ! ( drop_apple ) ) U F ( go_to_flag ),!drop_apple U go_to_flag
! G ( ! ( pickup_fork & X pickup_fork ) ),G(pickup_fork | X pickup_fork | X X pickup_fork)
change_light_east_yellow U ( G ( F change_light_west_green ) ),G(change_light_east_yellow -> (change_light_east_yellow U G F change_light_west_green))
F ( reach_flag ) -> F ( bring_pear ),G(reach_flag -> F bring_pear)
G ( F ( go_to_waste_basket ) ) | G ( ! ( let_go_apple ) ),G(F(go_to_waste_basket) | G(!let_go_apple))
G(!( elevator_falls | brake_is_pressed )) | F(( elevator_falls | brake_is_pressed ) & F( escalator_speeds_up | house_collapses )),F((elevator_falls | brake_is_pressed) & X(escalator_speeds_up | house_collapses))
( photo_jaywalker_west_6th_avenue U photo_person_east_7th_street ) | G photo_jaywalker_west_6th_avenue,(G photo_jaywalker_west_6th_avenue U photo_person_east_7th_street) | G photo_jaywalker_west_6th_avenue
G(( motorbike_has_started | escalator_speeds_up ) -> G( motorbike_falls_down & escalator_is_blocked )),G((motorbike_has_started | escalator_speeds_up) -> (motorbike_falls_down & escalator_is_blocked))
! ( let_go_orange ) & F ( move_near_tree ),G(!let_go_orange) & G(move_near_tree)
G ( ! ( let_go_apple ) ) -> F ( journey_to_house ),F journey_to_house
G ( move ) | F ( go_to_house ),G(move | F go_to_house)
( photo_cyclist_southwest_10th_avenue U record_jaywalker_southwest_6th_street ),F(photo_cyclist_southwest_10th_avenue & X record_jaywalker_southwest_6th_street)
G ! street_4 & F ( store_7 & F ( p_package_8 & F ( house_2 & pd ) ) ),G(!(pd & street_4))
G ( idle -> X G ! get_help ),G(idle -> G(!get_help))
G(!( bar_is_closing & elevator_is_blocked )) | F(( bar_is_closing & elevator_is_blocked ) & F( table_is_brown & bar_is_up )),F((bar_is_closing & elevator_is_blocked) & X(table_is_brown & bar_is_up))
locality_3 U office_4,(!office_4) U (office_4 & G locality_3)
F ( warehouse_3 & F ( p_package_2 & F ( house_1 & pd & photo ) ) ),F(warehouse_3 & F(pd & F(house_1 & F(photo))))
advance_to_tree & F ( move_near_tree ),G(advance_to_tree -> move_near_tree)
G(!( engine_starts & constructor_creates_instances )) | F(( engine_starts & constructor_creates_instances ) & F( bridge_closes | escalator_is_blocked )),F((engine_starts & constructor_creates_instances) & F(bridge_closes | escalator_is_blocked))
G ( change_light_east_red -> X G ! record_motorcycle_west_3rd_avenue ),G(change_light_east_red -> G(!record_motorcycle_west_3rd_avenue))
F ( acquire_pear ) -> take_pear,G(acquire_pear -> take_pear)
G(( escalator_is_blocked | escalator_moves ) -> G( car_stops | bar_has_to_be_repaired )),(G((escalator_is_blocked | escalator_moves) -> (car_stops | bar_has_to_be_repaired)))
G ( hold_onto_orange ) | F ( reach_tree ),G(hold_onto_orange | reach_tree)
stop_by_flag | G ( ! ( drop_orange ) ),G(stop_by_flag | G(!drop_orange))
! ( let_go_pear ) | F ( get_close_tree ),G(!(let_go_pear) | get_close_tree)
( F change_light_east_red ) -> ( ! change_light_east_red U ( get_help & ! change_light_east_red ) ),G(change_light_east_red -> (get_help U change_light_east_red))
move_to_tree | G ( F ( make_way_to_house ) ),F(move_to_tree | G F make_way_to_house)
G(( brake_is_pressed & bar_is_down ) -> G( bar_has_to_be_repaired | bar_is_up )),G(((bar_has_to_be_repaired | (brake_is_pressed & bar_is_down)) -> F bar_is_up))
deliver_baseball_glove_loading_dock U ( G ( F idle ) ),G(deliver_baseball_glove_loading_dock -> (deliver_baseball_glove_loading_dock U (idle & G F idle)))
<>(hospital_3&&p_bottle_4)&&[]!pharmacy_2,G(hospital_3 -> F p_bottle_4) & G(!pharmacy_2)
G ( go_by_trash_can ) | F ( grasp_apple ),G(go_by_trash_can | grasp_apple)
approach_tree & put_in_bucket,F(approach_tree & F put_in_bucket)
F ( snag_orange ) & G ( F ( go_to_apple_trashcan ) ),G(snag_orange -> G go_to_apple_trashcan)
G(( engine_stops | train_is_crossing ) -> G(!( engine_breaks & bar_is_closing ))),G(!(engine_breaks & (bar_is_closing U train_is_crossing)))
travel_to_apple & F ( start_going_to_house ),G(travel_to_apple -> F start_going_to_house)
G(( house_is_built | elevator_is_open ) -> G( train_has_been_launched & motorbike_is_driven )),(G((house_is_built | elevator_is_open) -> (train_has_been_launched & motorbike_is_driven)))
G(!( train_has_arrived & manager_handles_requests )) | F(( train_has_arrived & manager_handles_requests ) & F( escalator_speeds_up & bridge_opens )),F((train_has_arrived & manager_handles_requests) & F(escalator_speeds_up & X bridge_opens))
G(!( train_has_been_launched & semaphore_is_yellow )) | F(( train_has_been_launched & semaphore_is_yellow ) & F( semaphore_is_red & elevator_falls )),(semaphore_is_yellow & train_has_been_launched) & F(semaphore_is_red & elevator_falls)
G(( engine_stops | table_is_brown ) -> G( engine_stops & bar_is_up )),G((engine_stops | table_is_brown) -> (engine_stops & bar_is_up))
G(( motorbike_catches_fire | bar_has_to_be_repaired ) -> G(!( car_stops & constructor_instantiate_objects ))),G(!((motorbike_catches_fire | bar_has_to_be_repaired) & (car_stops & constructor_instantiate_objects)))
( get_help U avoid_inactive_gas_leak ),get_help -> X avoid_inactive_gas_leak
G(( train_has_been_launched | train_has_arrived ) -> G(!( elevator_is_open | manager_handles_requests ))),G(((train_has_been_launched | train_has_arrived) -> !(elevator_is_open | manager_handles_requests)))
G ( stay ) U drop_pear,stay U drop_pear
( F change_light_west_red ) -> ( ! change_light_west_red U ( photo_cyclist_northwest_10th_street & ! change_light_west_red ) ),G(change_light_west_red -> photo_cyclist_northwest_10th_street)
( F deliver_sandwich_loading_dock ) -> ( ! deliver_sandwich_loading_dock U ( search_zebra & ! deliver_sandwich_loading_dock ) ),G(deliver_sandwich_loading_dock -> (!search_zebra U search_zebra))
locality_1 U intersection_4 & F ( warehouse_9 & F ( p_package_5 & F ( store_2 & pd ) ) ),(!locality_1) U intersection_4 & G((p_package_5 & warehouse_9) -> F store_2)
G ( F ( go_to_pear ) ) -> F ( collect_apple ),G(go_to_pear -> F collect_apple)
G(!( sensor_retrieves_data & train_is_crossing )) | F(( sensor_retrieves_data & train_is_crossing ) & F( sensor_gathers_information )),F((sensor_retrieves_data & train_is_crossing) & F(sensor_gathers_information))
G(( semaphore_is_green | motorbike_falls_down ) -> G(!( engine_starts & semaphore_is_broken ))),G(!((semaphore_is_green | motorbike_falls_down) & (engine_starts & semaphore_is_broken)))
G(( train_has_been_launched & motorbike_is_driven ) -> G( escalator_speeds_up & motorbike_catches_fire )),G((train_has_been_launched & motorbike_is_driven) -> (escalator_speeds_up & motorbike_catches_fire))
( F record_vehicle_west_10th_street ) -> ( ! record_vehicle_west_10th_street U ( get_help & ! record_vehicle_west_10th_street ) ),G(record_vehicle_west_10th_street -> (!get_help U record_vehicle_west_10th_street))
G F charger_4 & G F ( area_5 & photo ),G(charger_4 -> (photo & X(charger_4 U !charger_4)))
G(( motorbike_catches_fire & motorbike_has_started ) -> F( house_is_built & train_stops )),F((motorbike_catches_fire & motorbike_has_started) & F(house_is_built & train_stops))
F ( get_close_flag ) U F ( capture_pear ),G(get_close_flag -> (!capture_pear U get_close_flag))
building_9 U ( room_2 & F ( p_bottle_3 & F ( room_6 & pd ) ) ),(!p_bottle_3 U building_9) & G(p_bottle_3 -> (!room_6 U room_2))
F( engine_breaks | sensor_retrieves_data | engine_starts ),(engine_breaks | sensor_retrieves_data | engine_starts)
G(!( table_is_brown & escalator_moves )) | F(( table_is_brown & escalator_moves ) & F( house_is_open | motorbike_is_driven )),F((table_is_brown & escalator_moves) & F(house_is_open | motorbike_is_driven))
F ( travel_house ) | pick_up_pear,G((travel_house | pick_up_pear))
!park_5 U intersection_5&&<>(monument_3&&photo),(!park_5) U (intersection_5 & X photo & X monument_3)
F ( arch_4 & photo ) & G ! park_2,G(photo -> arch_4) & G(!park_2)
( ( prop_3 <-> prop_1 ) & G prop_2 ),(prop_3 <-> (prop_1 & G prop_2))
( prop_1 | F prop_2 ),prop_1 | prop_2
( prop_1 & F prop_2 ),prop_1 & G prop_2
F ( prop_1 & F prop_2 ),G(prop_1 -> F(prop_2))
( prop_1 & G ( F prop_2 ) ),G(prop_1 & F prop_2)
G ( ( prop_1 | prop_3 ) -> G ( F prop_2 ) ),G(((prop_1) | (prop_3)) -> F(prop_2))
F ( prop_1 | G ( F prop_2 ) ),G(prop_1 | G F prop_2)
( ( prop_1 -> prop_3 ) -> F prop_2 ),G((prop_1 -> prop_3) -> F prop_2)
( ( prop_4 | prop_1 ) & ( prop_3 U prop_2 ) ),(prop_3) U (prop_2)
( F ( prop_2 <-> prop_1 ) -> prop_3 ),G((F(prop_2 <-> prop_1)) -> F(prop_3))
( prop_1 -> F prop_2 ),G(prop_1 -> X prop_2)
G ( prop_1 & F prop_2 ),G(prop_1) & G(prop_2)
( ( ! prop_3 & prop_2 ) | G prop_1 ),F(!prop_3 & prop_2) | G(prop_1)
F ( prop_1 U prop_2 ),prop_1 U prop_2
( ( prop_2 <-> prop_4 ) U ( prop_3 | prop_1 ) ),G((prop_2 <-> prop_4) U (prop_3 | prop_1))
( ( prop_2 U prop_4 ) -> ( prop_1 -> prop_3 ) ),G(((prop_2 U prop_4)) -> (prop_1 -> prop_3))
( ! ( F prop_1 ) & prop_2 ),!(F prop_1 & prop_2)
F prop_1,G(prop_1)
G ( prop_1 U prop_2 ),prop_1 U prop_2
( ( G prop_3 & prop_1 ) & ! prop_2 ),G((prop_3) & (prop_1) & !(prop_2))
F ( prop_1 | F prop_2 ),G(prop_1 | prop_2)
( ( ( prop_1 | prop_3 ) <-> prop_2 ) | prop_4 ),((prop_1 | prop_3) -> prop_2) & (!(prop_1 | prop_3) -> prop_4)
( ( prop_3 -> prop_1 ) | F prop_2 ),G(prop_3 -> (prop_1 | F prop_2))
( G ( prop_3 -> prop_1 ) | prop_2 ),G(prop_3 -> prop_1 | prop_2)
( ( prop_3 -> prop_1 ) & prop_2 ),G(prop_3 -> (prop_1 & prop_2))
G ( prop_1 -> F ( G prop_2 ) ),G(prop_1 -> F prop_2)
F ( prop_1 | G prop_2 ),G(prop_1 | prop_2)
( G ( prop_3 & prop_1 ) -> prop_2 ),G((prop_3 & prop_1) -> prop_2)
( ( prop_2 & prop_3 ) -> G prop_1 ),G(((prop_2 & prop_3) -> prop_1))
( F prop_1 -> ( prop_3 <-> prop_2 ) ),G(F(prop_1) -> (prop_3 <-> prop_2))
( ( prop_3 | prop_2 ) -> prop_1 ),G(((prop_3 | prop_2) -> prop_1))
G ( ! prop_1 & F prop_2 ),G !prop_1 & G prop_2
( ( ( prop_1 & prop_4 ) <-> prop_3 ) U prop_2 ),((prop_1 & prop_4 & prop_3) U prop_2)
G ( ( prop_2 & prop_1 ) -> G ( F prop_3 ) ),G(((prop_2 & prop_1)) -> F(prop_3))
F ( prop_1 U F prop_2 ),G(prop_1 -> (prop_1 U prop_2))
( G prop_3 -> ( prop_1 & prop_2 ) ),G prop_3 -> F (prop_1 & prop_2)
( prop_4 & ( prop_2 -> prop_1 ) & ! prop_3 ),G((!prop_4 & prop_2) -> (prop_1 & !prop_3))
( ! prop_1 -> ( G prop_2 | prop_3 ) ),(!prop_1 -> (G prop_2 | F prop_3))
( ( prop_2 | prop_1 ) | ! prop_3 ),G((prop_2 | prop_1) -> !prop_3)
G ( F prop_1 & F prop_2 ),G(prop_1) & G(prop_2)
( G prop_2 U F prop_1 ),!prop_1 U prop_2
( ( prop_2 | prop_1 ) | ( prop_3 | prop_4 ) ),F((prop_2 | prop_1) | (prop_3 | prop_4))
( ( ( prop_2 U prop_3 ) | prop_4 ) | prop_1 ),G((prop_2 -> (!prop_3 U prop_3)) & (prop_4 | prop_1))
( ( prop_1 -> prop_2 ) <-> ( prop_4 & prop_3 ) ),(prop_1 & X prop_2) <-> (prop_4 & prop_3)
( ( prop_3 <-> prop_1 ) U ! prop_2 ),(prop_1 <-> prop_2) U !prop_3
G ( ! prop_1 | F prop_2 ),G(!prop_1) & G(prop_2)
( prop_2 U prop_1 ),X prop_1 & prop_2
( ( prop_4 U prop_2 ) & ( prop_1 -> prop_3 ) ),(prop_4 U prop_2) & G(prop_1 -> prop_3)
( ( prop_2 & prop_3 ) -> ! prop_1 ),G(((prop_2 & prop_3) -> !prop_1))
G ( ( prop_2 & prop_1 ) -> G prop_3 ),G((prop_2 & prop_1) -> (prop_3 U !prop_3))
G ( ( prop_2 | prop_3 ) -> ( prop_4 | prop_1 ) ),G((prop_2 | prop_3) -> !(prop_4 | prop_1))
( prop_1 | G ( ! prop_2 ) ),G(prop_1) | G(!prop_2)
( ( prop_2 U prop_3 ) -> ! prop_1 ),G((prop_2 & !prop_3) -> !prop_1)
( G ( F prop_1 ) -> G prop_2 ),G prop_1 <-> G prop_2
( ( prop_1 -> prop_2 ) U ( prop_3 <-> prop_4 ) ),G(prop_1 -> (prop_2 U (prop_3 <-> prop_4)))
( ( prop_3 -> prop_2 ) -> ! prop_1 ),G(prop_3 -> (prop_2 & X !prop_1))
( G prop_1 -> F prop_2 ),G(prop_1) -> G(prop_2)
G ( ( prop_1 | prop_3 ) -> prop_2 ),(prop_1 | prop_3) -> prop_2
( ( ( prop_1 <-> prop_2 ) | prop_3 ) & prop_4 ),(prop_1 <-> prop_2) | (prop_3 & prop_4)
( ( prop_1 & prop_3 ) | ( prop_4 -> prop_2 ) ),G(((prop_1 & prop_3) | prop_4) -> prop_2)
( G prop_3 | ( prop_2 <-> prop_1 ) ),G prop_3 | G (prop_2 <-> prop_1)
( G prop_2 & ( prop_3 -> prop_1 ) ),G(prop_2) & G(prop_3 -> prop_1)
( ! ( prop_1 & prop_3 ) U prop_2 ),G(!((prop_1) & (prop_3))) U prop_2
( ( prop_2 & prop_1 ) & ! prop_3 ),prop_2 & prop_1 & G(!prop_3)
( prop_1 U F prop_2 ),prop_1 U prop_2
G ( prop_1 -> G prop_2 ),G (prop_1 -> prop_2)
F ( prop_1 | G ( ! prop_2 ) ),G(prop_1) | G(!prop_2)
F ( prop_1 | prop_2 ),prop_1 | prop_2
( prop_1 -> G prop_2 ),G(prop_1 -> G(prop_2))
G ( prop_1 | ! prop_2 ),G(prop_1) | !prop_2
( ( prop_2 & prop_4 ) & ( prop_3 | prop_1 ) ),(prop_2 & prop_4) -> X(prop_3 | prop_1)
G ( ( prop_1 | prop_2 ) -> G prop_3 ),G(((prop_1 | prop_2)) -> prop_3)
( G prop_3 <-> ( prop_1 -> prop_2 ) ),G(prop_3 -> (prop_1 -> prop_2))
( F prop_3 -> ( prop_2 -> prop_1 ) ),G(prop_3 -> (F(prop_2) -> F(prop_1)))
( F prop_3 & ( prop_2 -> prop_1 ) ),F prop_3 & G (prop_2 -> prop_1)
( F prop_1 -> F prop_2 ),G(prop_1 -> G(prop_2))
G ( ! prop_1 | prop_2 ),!prop_1 & !prop_2
( G prop_3 -> ( prop_2 -> prop_1 ) ),G(prop_3) -> G(prop_2 -> prop_1)
( G prop_2 -> ( prop_3 | prop_1 ) ),G(prop_2) -> F(prop_3 | prop_1)
F ( prop_1 & ! ( F prop_2 ) ),G(prop_1 -> !prop_2)
( prop_1 -> G ( ! prop_2 ) ),G(prop_1 -> G(!prop_2))
( F prop_1 -> G ( ! prop_2 ) ),G(prop_1 -> G(!prop_2))
( ( ( prop_3 & prop_2 ) U prop_4 ) <-> prop_1 ),G(((prop_3 & prop_2) -> (prop_2 U prop_4)) <-> prop_1)
G ( prop_1 -> ( prop_3 U prop_2 ) ),G(prop_1 -> (prop_3 & X(prop_3 U prop_2)))
( ( prop_3 U prop_4 ) | ( prop_2 -> prop_1 ) ),G(prop_3 -> (prop_3 U prop_4)) & G(prop_2 -> prop_1)
( ( ( prop_3 & prop_1 ) | prop_4 ) <-> prop_2 ),prop_3 <-> ((prop_1 & prop_4) | prop_2)
G ( F prop_1 | F prop_2 ),G F prop_1 | G prop_2
( ( prop_3 & prop_2 ) <-> ! prop_1 ),(prop_3 & prop_2) & !prop_1
( ( prop_1 | prop_3 ) <-> ! prop_2 ),(!prop_1 | !prop_2) & (!prop_3 | !prop_2)
( F prop_2 & ( prop_1 & prop_3 ) ),F(prop_2 & prop_1 & prop_3)
( ( ( prop_4 & prop_1 ) -> prop_3 ) & prop_2 ),((prop_1 & prop_3) -> prop_4) & prop_2
( ( ! prop_2 & prop_3 ) -> G prop_1 ),G((!prop_2 & !prop_3) -> G prop_1)
( ( ( prop_4 | prop_2 ) | prop_1 ) <-> prop_3 ),((prop_4 | prop_2 | prop_1) -> prop_3)
( ( prop_3 -> prop_2 ) & ! prop_1 ),(!prop_3 | prop_2) & G(!prop_1)
( G prop_3 <-> ( prop_1 | prop_2 ) ),G(prop_3 <-> (prop_1 | prop_2))
( ( prop_1 -> prop_2 ) U ! prop_3 ),(!prop_1) U (prop_2 -> prop_3)
( ( ( prop_3 & prop_1 ) U prop_2 ) & prop_4 ),G((prop_3 & prop_1) -> (prop_1 U prop_2)) & prop_4
( ! prop_2 U ( prop_3 & prop_1 ) ),prop_2 -> (!prop_2 U (prop_3 & prop_1))
F ( prop_1 & G ( F prop_2 ) ),G(prop_1 -> F(prop_2))
( G prop_1 | ( prop_3 | prop_2 ) ),G(prop_1 | (prop_2 | prop_3))
( ( prop_2 & prop_3 ) & ( prop_4 <-> prop_1 ) ),(G prop_2) & (G prop_3) & G(prop_4 <-> prop_1)
( G ( ! prop_1 ) -> F prop_2 ),G(!prop_1) -> !F(prop_2)
( ( prop_6 & prop_3 ) -> ( prop_2 -> ( prop_4 & prop_1 & prop_5 ) ) ),prop_6 & F(prop_2 & F(prop_4 & F(prop_1 & F(prop_5))))
( ! ( prop_2 | prop_1 ) U prop_3 ),(!prop_2 | !prop_1) U prop_3
( ! prop_1 -> ( F prop_2 | prop_3 ) ),G(!prop_1 -> (F prop_2 | F prop_3))
G ( ( prop_3 | prop_1 ) -> F ( G prop_2 ) ),G(((prop_3 | prop_1)) -> F(prop_2))
G ( ( prop_2 & prop_4 ) -> ( prop_1 U prop_3 ) ),G(((prop_2 & prop_4) -> (F prop_1 & (prop_3 U prop_1))))
( ( ! prop_1 <-> prop_3 ) & prop_2 ),((!prop_1 -> (prop_3 & prop_2)) & ((prop_3 & prop_2) -> !prop_1))
G ( ! prop_1 | G ( F prop_2 ) ),G(!prop_1) & G(F(prop_2))
( G ( F prop_1 ) -> prop_2 ),G(prop_1 -> X(prop_2))
( ( prop_3 -> prop_2 ) <-> F prop_1 ),G(prop_3 -> (prop_2 & F prop_1))
( ( prop_3 -> prop_4 ) U ( prop_2 | prop_1 ) ),G((prop_3) -> (prop_4)) & G(((prop_2) | (prop_1)) -> !prop_4)
( prop_1 U G ( F prop_2 ) ),prop_1 U prop_2
( F prop_1 -> ( prop_2 | prop_3 ) ),F(prop_1) -> (F(prop_2) | F(prop_3))
( ( prop_2 -> prop_1 ) | ! prop_3 ),G(prop_2 -> prop_1) & G(!prop_2 -> !prop_3)
G ( prop_1 | prop_2 ),prop_1 | prop_2
( ! prop_3 -> ( prop_2 & prop_1 ) ),G(!prop_3 -> (prop_2 & prop_1))
F ( prop_1 U ! ( F prop_2 ) ),prop_1 U !prop_2
G ( ( prop_2 | prop_3 ) -> ! ( G prop_1 ) ),(!prop_2 & !prop_3) | !G(prop_1)
( prop_1 -> prop_2 ),X prop_2
( ( prop_2 | prop_3 ) -> ( prop_4 | prop_1 ) ),G(((prop_2 | prop_3) -> (prop_4 | prop_1)))
( ! prop_2 -> ( prop_3 | prop_1 ) ),G(!prop_2 -> (prop_3 | prop_1))
G ( ( prop_3 & prop_1 ) -> F ( G prop_2 ) ),G((prop_3 & prop_1) -> F prop_2)
( ( prop_1 U prop_4 ) -> ( prop_3 & prop_2 ) ),G(((prop_1 & !prop_4) -> (prop_3 & prop_2)) U prop_4)
( ! prop_2 U ( prop_3 | prop_1 ) ),(!prop_1) U (prop_2 | prop_3)
( G ( prop_3 | prop_1 ) -> prop_2 ),G(((prop_3 | prop_1) -> prop_2))
( prop_1 & G ( ! prop_2 ) ),G(prop_1) & G(!prop_2)
( F prop_3 <-> ( prop_2 | prop_1 ) ),F prop_3 <-> F (prop_2 | prop_1)
( ( prop_2 <-> prop_3 ) -> G prop_1 ),(G(prop_2 <-> prop_3) -> G(prop_1))
F ( prop_1 U G ( ! prop_2 ) ),prop_1 U !prop_2
( ( prop_1 -> prop_3 ) -> G prop_2 ),G(prop_1 -> (prop_3 -> G(prop_2)))
G ( prop_1 | F prop_2 ),G(prop_1) | F(prop_2)
( ( prop_3 <-> prop_1 ) -> F prop_2 ),G((prop_3 <-> prop_1) -> F prop_2)
( ( prop_4 -> prop_1 ) <-> ( prop_3 -> prop_2 ) ),(G prop_4 -> X prop_1) <-> (G prop_3 -> X prop_2)
( ( ! prop_1 & prop_3 ) <-> prop_2 ),(!prop_1 & prop_3) | prop_2
( ! prop_2 -> ( G prop_1 & prop_3 ) ),G(!prop_2 -> (prop_1 & prop_3))
( ( ( prop_4 -> prop_2 ) U prop_3 ) & prop_1 ),G((prop_4 -> (prop_2 U prop_3)) & prop_1)
F ( prop_1 & G ( ! prop_2 ) ),G(prop_1) & G(!prop_2)
( ( ( prop_3 <-> prop_4 ) -> prop_1 ) & prop_2 ),((prop_3 <-> prop_4) -> (prop_1 & prop_2))
G ( ! prop_1 | ! ( F prop_2 ) ),G(!(prop_1) & !(prop_2))
( ( ( prop_4 | prop_2 ) U prop_1 ) -> prop_3 ),(G((prop_4 | prop_2) -> ((prop_4 | prop_2) U prop_1)) -> G(prop_3))
( ( prop_2 & prop_4 ) U ( prop_3 & prop_1 ) ),G(((F(prop_2) & F(prop_4)) -> ((prop_2 & prop_4) U (prop_3 & prop_1))))
( ( prop_1 & prop_2 ) -> F prop_3 ),(G ( (prop_1 & prop_2) -> F prop_3 ))
( F prop_3 -> ( prop_2 & prop_1 ) ),G(prop_3 -> F(prop_2 & prop_1))
G ( ( prop_2 U prop_3 ) -> F ( G prop_1 ) ),G((F(prop_2) & X(prop_3)) -> F(G(prop_1)))
( G ( prop_1 -> prop_2 ) & prop_3 ),G((prop_1 -> prop_2) & prop_3)
G ( ! prop_1 U G ( ! prop_2 ) ),!prop_2 U !prop_1
! ( prop_1 | prop_2 ),!(prop_1) | prop_2
G ( ! prop_1 & prop_2 ),G(!(prop_1 & prop_2))
F ( prop_1 & ! prop_2 ),(!prop_2) & prop_1
( ( ( prop_2 -> prop_1 ) & prop_3 ) & prop_4 ),G(prop_2 -> (prop_1 & prop_3 & prop_4))
( ( prop_2 & prop_1 ) & ( prop_4 U prop_3 ) ),G((prop_2 & prop_1) & (prop_4 U prop_3))
F ( prop_1 & G prop_2 ),F(prop_1) & G(prop_2)
G ( F prop_1 U prop_2 ),G(prop_1 U prop_2)
( G prop_1 -> ( prop_2 <-> prop_3 ) ),G(prop_1) -> G(prop_2 <-> prop_3)
( ( prop_2 U prop_1 ) -> prop_3 ),(prop_2 U prop_1) & X(prop_3)
( F prop_3 <-> ( prop_1 & prop_2 ) ),F (prop_3 <-> (prop_1 & prop_2))
( ( ! prop_3 | prop_1 ) -> F prop_2 ),(!prop_3 | prop_1) -> prop_2
( ( prop_4 U prop_1 ) <-> ( prop_3 -> prop_2 ) ),(G(prop_4 U prop_1) <-> (prop_3 & X prop_2))
G ( ! prop_1 & G ( ! prop_2 ) ),!(prop_1) & !(prop_2)
G ( ! prop_1 | G ( ! prop_2 ) ),!prop_1 & !prop_2
( G prop_2 -> ( ! prop_3 & prop_1 ) ),G(prop_2) -> G(!prop_3 & prop_1)
( ( ( prop_2 -> prop_4 ) -> prop_1 ) U prop_3 ),G((prop_2 -> prop_4) & (prop_4 -> prop_1)) U prop_3
( F ( prop_1 -> prop_2 ) -> prop_3 ),G(F((prop_1 -> prop_2)) -> prop_3)
( ( prop_1 -> prop_4 ) & ( prop_3 -> prop_2 ) ),G(prop_1 -> prop_4) & G(prop_3 -> prop_2)
( ( ( prop_3 U prop_4 ) <-> prop_1 ) | prop_2 ),G(prop_3 U prop_4) <-> G(prop_1 | prop_2)
( ( ( prop_4 <-> prop_3 ) -> prop_2 ) -> prop_1 ),!( (prop_4 <-> prop_3) -> prop_2 ) -> prop_1
! ( prop_1 U F prop_2 ),(!prop_1) U prop_2
( ( ( prop_4 | prop_3 ) -> prop_2 ) & prop_1 ),G(((prop_3 | prop_2) -> (prop_4 & prop_1)))
( ( ( prop_4 -> prop_3 ) & prop_1 ) <-> prop_2 ),((prop_4 -> (prop_3 & prop_1)) <-> prop_2)
( ( ! prop_1 -> prop_3 ) & prop_2 ),(!prop_1 -> (prop_3 & prop_2))
( ! ( prop_2 -> prop_3 ) | prop_1 ),!(prop_2 -> F prop_3 | prop_1)
G ( ( prop_1 & prop_3 ) -> ! ( F prop_2 ) ),G((prop_1 & prop_3) -> X(!F(prop_2)))
( ( ( prop_1 -> prop_4 ) U prop_3 ) | prop_2 ),G((prop_1 -> (prop_4 U prop_3)) | prop_2)
( F ( prop_3 -> prop_1 ) | prop_2 ),F(prop_3 & (prop_1 | prop_2))
( ( G prop_1 <-> prop_3 ) | ! prop_2 ),(G prop_1 -> prop_3) | (!G prop_1 -> !prop_2)
! ( prop_1 & F prop_2 ),G(!prop_1) & F(prop_2)
( ! prop_3 -> ( prop_1 U prop_2 ) ),G(!prop_3 -> (prop_1 U prop_2))
G ( ! prop_1 | G prop_2 ),G(!prop_1 & !prop_2)
( G ( prop_1 <-> prop_3 ) <-> prop_2 ),G((prop_1 <-> prop_3) -> prop_2)
( G ( F prop_1 ) -> F prop_2 ),G(prop_2 -> F prop_1)
( G ( ! prop_1 ) -> G ( ! prop_2 ) ),G(!prop_1 -> G(!prop_2))
( F ( prop_2 & prop_3 ) -> prop_1 ),F((prop_2 & prop_3) & F(prop_1))
G ( ( prop_3 & prop_2 ) -> ! ( G prop_1 ) ),G(((prop_3 & prop_2) -> X(!prop_1)))
( ( F ( ! prop_3 ) -> prop_2 ) -> prop_1 ),G(F(!prop_3) -> (prop_2 -> prop_1))
( prop_5 -> ( ( prop_1 & prop_2 ) & ( prop_3 U ( prop_6 & prop_4 ) ) ) ),prop_5 -> ((prop_1 & prop_2 & prop_3) U (prop_6 & prop_4))
( ( prop_4 | prop_2 ) U ( prop_1 <-> prop_3 ) ),G(((prop_4 | prop_2) -> ((prop_4 | prop_2) U (prop_1 <-> prop_3))))
( ( prop_1 & prop_3 ) -> prop_2 ),G((prop_1 & prop_3) -> prop_2)
( F ( prop_2 & prop_1 ) & prop_3 ),F(prop_2 & prop_1 & prop_3)
( ( prop_4 -> prop_1 ) & ( prop_2 | prop_3 ) ),prop_4 -> (prop_1 & (prop_2 | prop_3))
( G prop_2 <-> ( prop_3 <-> prop_1 ) ),G((prop_2 <-> prop_3) & (prop_3 <-> prop_1))
G ( ! prop_1 U F prop_2 ),!prop_1 U prop_2
( G prop_2 & ( prop_3 & prop_1 ) ),G(prop_2 & prop_3 & prop_1)
( prop_1 U G ( ! prop_2 ) ),prop_1 U !prop_2
( ( prop_2 | prop_3 ) -> G prop_1 ),G((prop_2 | prop_3) -> prop_1)
! ( F prop_1 & F prop_2 ),F prop_2 & !prop_1
( ( G prop_1 -> prop_3 ) -> ! prop_2 ),G(prop_1) -> G(!prop_2)
( ( prop_2 | prop_4 ) U ( prop_3 -> prop_1 ) ),G(((prop_2 | prop_4) -> ((prop_2 | prop_4) U (prop_3 & X prop_1))))
( ! prop_1 -> F prop_2 ),G(!prop_1 -> F prop_2)
F ( ( prop_2 | prop_3 ) -> prop_1 ),F((prop_2 | prop_3) & prop_1)
( F prop_2 | ( prop_1 & prop_3 ) ),F prop_2 | F (prop_1 & prop_3)
( ( prop_4 <-> prop_1 ) & ( prop_3 U prop_2 ) ),((prop_4 <-> prop_1) -> (prop_3 U prop_2))
( G ( prop_1 <-> prop_3 ) | prop_2 ),G((prop_1 <-> prop_3) | prop_2)
( ( prop_3 | prop_1 ) U ! prop_2 ),G((prop_3 | prop_1) -> (!prop_2 U (prop_3 | prop_1)))
G ( ( prop_2 & prop_1 ) -> ! prop_3 ),G((( !prop_2 & prop_1 )) -> !prop_3)
( ( prop_3 U prop_4 ) -> ( prop_2 | prop_1 ) ),G(((prop_3 & !prop_4) -> ((prop_2 | prop_1) U prop_4)))
( ( prop_1 | prop_2 ) -> ! prop_3 ),G(((prop_1 | prop_2) -> !prop_3))
G ( F prop_1 U F prop_2 ),G(prop_1 U G(prop_2))
( G ( ! prop_1 ) -> prop_2 ),G(!prop_1 -> prop_2)
( G ( ! prop_3 -> prop_2 ) | prop_1 ),G((!prop_3) -> (prop_2 | prop_1))
( ( prop_2 -> prop_3 ) <-> prop_1 ),(prop_1 <-> (prop_2 & X prop_3))
! ( ( prop_2 & prop_1 ) U prop_3 ),!(prop_2 & prop_1 U prop_3)
( ( ! prop_3 U prop_2 ) -> prop_1 ),G((!prop_3 U prop_2) -> prop_1)
( prop_2 & ( prop_1 U prop_3 ) ),G(prop_2 -> (prop_1 U prop_3))
G ( prop_1 U F prop_2 ),prop_1 U prop_2
F ( prop_1 | ! prop_2 ),F(prop_1) | G(!prop_2)
( ( prop_4 -> prop_3 ) -> ( prop_1 <-> prop_2 ) ),(prop_4 -> (prop_3 <-> (prop_1 <-> prop_2)))
( ! ( prop_1 | prop_2 ) | prop_3 ),!((prop_1 | prop_2) | prop_3)
( F prop_2 <-> ( prop_1 <-> prop_3 ) ),F((prop_2 <-> (prop_1 <-> prop_3)))
( ( prop_2 -> prop_3 ) -> ( prop_1 -> prop_4 ) ),G((prop_2 -> prop_3) -> (prop_1 -> prop_4))
( ( prop_1 & prop_3 ) U ( prop_2 | prop_4 ) ),G(((prop_1 & prop_3) -> (!((prop_1 & prop_3)) U (prop_2 | prop_4))))
( ( prop_2 -> prop_1 ) U ( prop_3 -> prop_4 ) ),G((prop_2 -> prop_1) U (prop_3 -> prop_4))
( ( prop_3 -> prop_4 ) <-> ( prop_2 <-> prop_1 ) ),(prop_3 & X prop_4) <-> (prop_2 <-> prop_1)
( ( ( prop_1 <-> prop_2 ) | prop_3 ) | prop_4 ),(prop_1 <-> (prop_2 | prop_3 | prop_4))
! ( prop_1 U prop_2 ),(!prop_1) U prop_2
( ( prop_2 & prop_3 ) U ( prop_4 <-> prop_1 ) ),G(((prop_2 & prop_3) -> ((prop_4 <-> prop_1) -> !prop_1)))
( ( ( prop_4 & prop_1 ) <-> prop_3 ) | prop_2 ),((prop_4 & prop_1) -> prop_3) & (!(prop_4 & prop_1) -> prop_2)
G ( prop_1 | G ( ! prop_2 ) ),G prop_1 | G !prop_2
( ( ( prop_1 <-> prop_3 ) -> prop_4 ) U prop_2 ),((prop_1 <-> prop_3) -> (prop_4 U prop_2))
( ( ( prop_3 -> prop_4 ) & prop_2 ) -> prop_1 ),G((prop_3 & prop_2) -> prop_4)
( ( prop_4 -> prop_1 ) & ( prop_3 <-> prop_2 ) ),G(prop_4 -> (prop_1 & (prop_3 <-> prop_2)))
! ( ( prop_2 U prop_1 ) & prop_3 ),!(prop_2 U (prop_1 & prop_3))
( G ( prop_1 | prop_3 ) & prop_2 ),G((prop_1 | prop_3) -> prop_2)
( ( F ( ! prop_2 ) | prop_1 ) <-> prop_3 ),G((!prop_1 | prop_3) -> prop_2)
G ( F prop_1 -> prop_2 ),G(prop_1 -> prop_2)
( ( prop_2 & prop_1 ) -> ( prop_4 U prop_3 ) ),G(((prop_2 & prop_1) -> (prop_4 U prop_3)))
( ( ( prop_4 | prop_2 ) -> prop_3 ) -> prop_1 ),G(((prop_4 | prop_2) & prop_3) -> prop_1)
( ( ( prop_3 -> prop_2 ) U prop_1 ) <-> prop_4 ),((prop_3 -> (prop_2 U prop_1)) <-> prop_4)
( ( prop_3 -> prop_1 ) -> ( prop_2 | prop_4 ) ),prop_3 -> (prop_1 & (prop_2 | prop_4))
G ( ( prop_2 U prop_4 ) -> ( prop_1 U prop_3 ) ),F(prop_2 & (prop_4 U (prop_1 & (prop_1 U prop_3))))
( G ( ! prop_1 -> prop_2 ) & prop_3 ),G(!prop_1 -> (prop_2 & prop_3))
( ( ! prop_2 <-> prop_1 ) & prop_3 ),(!prop_2 -> prop_1) & prop_3
( ( ( prop_4 U prop_3 ) & prop_1 ) -> prop_2 ),G(((prop_4 & (prop_4 U prop_3) & prop_1) -> prop_2))
( F prop_1 -> ( ! prop_3 & prop_2 ) ),G((prop_1) -> F((!prop_3) & prop_2))
G ( ! prop_1 U prop_2 ),!prop_1 U prop_2
F ( prop_1 | ! ( F prop_2 ) ),G(prop_1 | !prop_2)
( prop_1 -> ( prop_2 -> prop_3 ) ),X(prop_1 & X(prop_2 & X(prop_3)))
( ( ( prop_1 -> prop_4 ) <-> prop_2 ) -> prop_3 ),((prop_1 -> (prop_4 <-> prop_2)) -> prop_3)
( ! ( prop_1 U prop_3 ) & prop_2 ),!(prop_1 U prop_3) & !prop_2
( ( ( prop_1 -> prop_4 ) | prop_2 ) U prop_3 ),G((prop_1 -> (prop_4 | prop_2)) U prop_3)
( ( ! prop_1 | prop_3 ) <-> prop_2 ),!(prop_1) | (prop_3 <-> prop_2)
G ( ! prop_1 | ! prop_2 ),G(!(prop_1 | prop_2))
( ! prop_1 -> ( prop_3 -> prop_2 ) ),G(!prop_1 -> (prop_3 -> prop_2))
! ( prop_1 & prop_2 ),!prop_1 & prop_2
( ( G ( ! prop_3 ) | prop_2 ) | prop_1 ),G(!prop_3 | prop_2 | prop_1)
( ( ( prop_2 & prop_3 ) -> prop_4 ) -> prop_1 ),G((prop_2 & prop_3) -> prop_4) -> prop_1
G ( F prop_1 U G ( ! prop_2 ) ),G(prop_1 U !prop_2)
( prop_1 | ! ( F prop_2 ) ),prop_1 | !prop_2
( F photo_person_north_7th_avenue ) -> ( ! photo_person_north_7th_avenue U ( photo_car_southeast_10th_street & ! photo_person_north_7th_avenue ) ),G(photo_person_north_7th_avenue -> F(photo_car_southeast_10th_street))
G ( get_help -> X ( X ( X search_oven ) ) ),G((search_oven) -> X(X(X(get_help))))
secure_apple & G ( ! ( drop_apple ) ),G(secure_apple & G(!drop_apple))
<>(restaurant_9&&<>(takeout_2&&<>(house_1&&pd))),F(restaurant_9 & takeout_2 & house_1 & pd)
[]<>(area_2&&photo),G(F(area_2 ) & F(photo ))
F ( go_to_peach ) -> F ( go_by_house ),G(go_to_peach -> F(go_by_house))
G(( bar_has_to_be_repaired | sensor_retrieves_data ) -> F( engine_breaks & semaphore_is_yellow )),F((bar_has_to_be_repaired | sensor_retrieves_data) & F(engine_breaks & semaphore_is_yellow))
F ( office_3 & F ( p_document_1 & F ( street_2 & G street_2 ) ) ),G((p_document_1 & office_3) -> F(street_2 & G(street_2)))
F ( ( blue_room | yellow_room ) & F green_room ),(yellow_room | blue_room) -> F(green_room)
F ( snag_orange ) & F ( lay_hold_of_apple ),G(snag_orange -> F(lay_hold_of_apple))
( F ( blue_room ) & G ( ! yellow_room ) ),G(blue_room -> G(!yellow_room))
F ( house_3 & F ( p_box_8 & F ( office_2 & pd ) ) ),G((pd & house_3) -> F(p_box_8 & office_2))
G ( search_bottle -> X G ! idle ),G(search_bottle -> G(!idle))
!intersection_4 U street_5,G(!(intersection_4) U street_5)
venture_towards_house & G ( ! ( drop_apple ) ),G(venture_towards_house & G(!drop_apple))
( F record_gas_leak ) -> ( ! record_gas_leak U ( go_home & ! record_gas_leak ) ),G(record_gas_leak -> !go_home)
G(( constructor_instantiate_objects ) -> G(( motorbike_catches_fire ) -> F( table_is_old ))),G((motorbike_catches_fire) -> F(table_is_old))
! p_cone_2 U intersection_4,G(!(p_cone_2) U intersection_4)
! office_4 U p_pass_6 & F ( house_5 & F ( p_pass_6 & F ( office_4 & pd ) ) ),(!p_pass_6 U (p_pass_6 & F(office_4)))
G ( F ( make_way_to_house ) ) | F ( advance_to_house ),G(F(make_way_to_house ) | F(advance_to_house ))
F ( bring_pear ) U secure_apple,bring_pear U secure_apple
F ( venture_to_house ) | G ( ! ( drop_apple ) ),G((venture_to_house | !drop_apple))
! G ( ! ( go_home & X go_home ) ),G(go_home | X(go_home) | X(X(go_home)))
!room_2 U (kitchen_1&&<>(p_bottle_4&&<>(table_4&&pd))),G(!(room_2) U (kitchen_1 & p_bottle_4 & F(table_4)))
G ( ( get_help <-> photo_pedestrian_northeast_8th_avenue ) -> ( photo_pedestrian_northeast_8th_avenue <-> photo_pedestrian_northeast_2nd_street ) ),G((photo_pedestrian_northeast_8th_avenue) -> (get_help))
[]!street_5&&<>(house_2&&p_box_4),G((house_2 & p_box_4) -> G(!street_5))
G F ( area_51 & photo ) & G F charger_4,G((photo & charger_4) -> X(photo & charger_4))
F ( go_home ) | G ( have_apple ),G((go_home | have_apple))
G ( search_bed -> X G ! idle ),G(search_bed -> G(!idle))
G(!( elevator_is_open | engine_stops )) | F(( elevator_is_open | engine_stops ) & F( elevator_is_open & train_has_arrived )),F((elevator_is_open | engine_stops) & F(elevator_is_open & train_has_arrived))
G(!( sensor_retrieves_data & house_collapses )) | F(( sensor_retrieves_data & house_collapses ) & F( car_starts & semaphore_is_red )),F(sensor_retrieves_data & house_collapses & F(car_starts & semaphore_is_red))
! park_5 U intersection_5 & F ( monument_3 & photo ),(!park_5 U intersection_5) & G(intersection_5 -> F(photo & monument_3))
G ( ! ( drop_apple ) ) & F ( move_to_flag ),G(!drop_apple) & G(move_to_flag)
G F ( warehouse_4 & F ( p_crate_3 & F ( mall_3 & pd ) ) ),G((p_crate_3 & warehouse_4) -> F(mall_3))
G ( record_collision_southeast_6th_avenue <-> X photo_car_northeast_6th_street ),G(record_collision_southeast_6th_avenue -> X(photo_car_northeast_6th_street))
( F search_suitcase ) -> ( ! search_suitcase U ( idle & ! search_suitcase ) ),G(search_suitcase -> F(idle))
G(!( train_stops | motorbike_has_stopped )) | F(( train_stops | motorbike_has_stopped ) & F( table_is_brown & escalator_moves )),F(train_stops | motorbike_has_stopped) & F(table_is_brown & escalator_moves)
G ( ! ( drop_apple ) ) | venture_towards_house,G(!(drop_apple | venture_towards_house))
! ( F ( pick_up_anything ) ) | travel_to_tree,G(!(pick_up_anything | travel_to_tree))
F ( proceed_to_flag ) & F ( walk_to_flag ),F(proceed_to_flag & G(walk_to_flag))
G ( ( photo_collision_southeast_5th_avenue <-> record_car_west_4th_street ) -> ( record_car_west_4th_street <-> record_cyclist_northeast_9th_avenue ) ),G((photo_collision_southeast_5th_avenue & record_car_west_4th_street) -> record_cyclist_northeast_9th_avenue)
G ( F ( make_way_to_house ) ) & G ( ! ( drop_apple ) ),G(make_way_to_house ) & G(!drop_apple )
F ( yellow_room & F blue_room ),G(blue_room -> F(yellow_room))
! record_motorcycle_southwest_3rd_street U record_person_southwest_1st_avenue,G(record_motorcycle_southwest_3rd_street -> F(record_person_southwest_1st_avenue))
G ( get_help -> record_vehicle_northwest_5th_street ),G((record_vehicle_northwest_5th_street) -> (get_help))
F ( journey_to_tree ) & F ( advance_to_house ),F(journey_to_tree & G(advance_to_house))
<>(office_5&&<>(p_letter_4&&<>(house_2&&pd))),G((office_5 & p_letter_4) -> F(house_2 & pd))
F ( house_4 & F ( p_package_2 & F ( warehouse_5 & pd ) ) ),F(pd & house_4 & F(warehouse_5))
F ( go_by_tree ) -> acquire_apple,G(go_by_tree -> acquire_apple)
go_to_orange_bin & ! ( let_go_pear ),G(go_to_orange_bin & !let_go_pear)
!store_4 U street_6&&<>(office_2&&<>(p_package_8&&<>(store_4&&pd))),G((!store_4) U street_6) & G((office_2 -> F(p_package_8 & F(store_4))))
F ( pass_by_house ) & G ( touch_flag ),G((touch_flag) -> (pass_by_house))
<>(street_5&&<>(building_2&&[]building_2)),street_5 -> F(building_2 & G(building_2))
F ( move_near_tree ) | F ( spend_time_at_tree ),G(move_near_tree -> spend_time_at_tree)
G F ( warehouse_4 & F ( p_crate_8 & F ( store_8 & pd ) ) ) & G F charger_2,G((p_crate_8 & warehouse_4) -> F(store_8)) & G(F(charger_2))
( pickup_donut U search_truck ),pickup_donut -> F(search_truck)
! idle U get_help,G(idle -> F(get_help))
G F communicate_safe_hostile -> G F get_help,G(F(communicate_safe_hostile) -> F(get_help))
G ( moving ) | come_to_tree,G(moving | come_to_tree)
change_light_south_yellow -> X ( ( change_light_north_green U get_help ) | G change_light_north_green ),G(change_light_south_yellow -> X(change_light_north_green U get_help)) | G(change_light_south_yellow -> G(change_light_north_green))
G ( hold_on_pear ) | F ( migrate_to_tree ),G(hold_on_pear | migrate_to_tree)
G(!( semaphore_is_green | bar_is_up )) | F(( semaphore_is_green | bar_is_up ) & F( bar_has_to_be_repaired & sensor_retrieves_data )),F(semaphore_is_green | bar_is_up) & F(bar_has_to_be_repaired & sensor_retrieves_data)
F ( go_to_peach ) | G ( F ( make_way_to_house ) ),G(go_to_peach | make_way_to_house)
G(( brake_is_pressed & bar_is_down ) -> G( motorbike_catches_fire & engine_breaks )),G((brake_is_pressed & bar_is_down) -> (motorbike_catches_fire & engine_breaks))
( pickup_person U get_help ) | G pickup_person,G((!get_help) -> pickup_person)
G(!( car_starts & sensor_captures_data )) | F(( car_starts & sensor_captures_data ) & F( elevator_falls | engine_breaks )),!(car_starts & sensor_captures_data) | F((car_starts & sensor_captures_data) & F(elevator_falls | engine_breaks))
G ( F ( make_way_to_house ) ) & F ( go_visit_house ),G(make_way_to_house -> F(go_visit_house))
G ( F ( make_way_to_house ) ) & take_to_trash_can,G(make_way_to_house & take_to_trash_can)
! ( let_go_orange ) & F ( grab_flag ),F(grab_flag & F(let_go_orange))
F ( ( red_room | yellow_room ) & F blue_room ),(yellow_room | red_room) -> F(blue_room)
reach_house -> snatch_up_pear,reach_house -> F(snatch_up_pear)
[]<>(warehouse_3&&<>(p_crate_4&&<>(store_9&&pd)))&&[]<>charger_3,G((p_crate_4 & warehouse_3) -> F(store_9)) & G(F(charger_3))
F ( get_apple ) | F ( grab_pear ),G(get_apple | grab_pear)
G(!( sensor_gathers_information )) | F(( sensor_gathers_information ) & F( sensor_retrieves_data | train_has_been_launched )),F(sensor_gathers_information & F(sensor_retrieves_data | train_has_been_launched))
[]<>(storage_4&&<>(p_crate_1&&<>(office_2&&pd))),G(F((p_crate_1 & storage_4) & F(office_2 & pd)))
[]<>charger_5&&[]<>(region_4 && photo),G(photo -> charger_5)
G area_2 & G F ( building_8 & photo ),G((photo) -> (area_2 & !building_8))
F G building_9 & ! building_9 U street_6,G(building_9) & (!building_9 U street_6)
G(!( bar_is_down | motorbike_falls_down )) | F(( bar_is_down | motorbike_falls_down ) & F( engine_starts | elevator_is_open )),F(bar_is_down | (motorbike_falls_down & F(engine_starts | F(elevator_is_open))))
G ( go_by_trash_can ) & put_in_apple_bucket,G(go_by_trash_can & put_in_apple_bucket)
G(!( escalator_moves | brake_is_pressed )) | F(( escalator_moves | brake_is_pressed ) & F( manager_collect_claims & sensor_captures_data )),!(escalator_moves & brake_is_pressed) | F((escalator_moves | brake_is_pressed) & F(manager_collect_claims & sensor_captures_data))
G(!( table_is_brown & bar_is_up )) | F(( table_is_brown & bar_is_up ) & F( bridge_closes )),F (table_is_brown & bar_is_up & F (bridge_closes))
G ( ! ( drop_orange ) ) | F ( reach_tree ),G(!(drop_orange)) | reach_tree
G(!( train_has_arrived & bar_is_down )) | F(( train_has_arrived & bar_is_down ) & F( car_starts | semaphore_is_broken )),F((train_has_arrived & bar_is_down) & F(car_starts | semaphore_is_broken))
! get_help U deliver_snowboard_loading_dock,G(get_help -> F(deliver_snowboard_loading_dock))
! G ( ! ( change_light_south_yellow & X change_light_south_yellow ) ),G(change_light_south_yellow | X(change_light_south_yellow) | X(X(change_light_south_yellow)))
<>(statue_6&&photo&&<>(bench_4&&[]bench_4)),photo & statue_6 -> F(bench_4)
G(!( bridge_closes )) | F(( bridge_closes ) & F( engine_stops | train_is_crossing )),F(bridge_closes & F(engine_stops | train_is_crossing))
G ( F ( go_to_pear ) ) U reach_trash_can,go_to_pear U reach_trash_can
G F change_light_east_yellow -> G F get_help,G((change_light_east_yellow) -> F(get_help))
G(( house_is_open ) -> G(( semaphore_is_red ) -> F( bar_has_to_be_repaired ))),G(house_is_open -> F(semaphore_is_red -> F(bar_has_to_be_repaired)))
[]<>(intersection_4&&photo),G(intersection_4 -> F(photo))
<>[]intersection_5,G(intersection_5)
G ( hold_on_pear ) | F ( make_way_waste_basket ),G(hold_on_pear | make_way_waste_basket)
!parking_lot_4 U building_8,!building_8 U !parking_lot_4
G(( car_enters ) -> G(( bar_has_to_be_repaired ) -> F( engine_starts ))),G(car_enters -> F(bar_has_to_be_repaired & F(engine_starts)))
avoid_active_fire_source -> X ( ( record_gas_leak U go_home ) | G record_gas_leak ),G((avoid_active_fire_source) -> (X(record_gas_leak U go_home) | G(record_gas_leak)))
F G intersection_4,F(intersection_4) & G(intersection_4)
F ( obtain_apple ) -> F ( arrive_at_tree ),F(obtain_apple & F(arrive_at_tree))
F G ! avoid_nearest_debris,G(!avoid_nearest_debris)
G ( F ( grab_tree ) ) & take_to_trashcan,G(grab_tree -> F(take_to_trashcan))
<>(store_3&&<>(p_package_2&&<>(house_2&&pd)))&&[]!mall_1,G((store_3 & p_package_2) -> F(pd & house_2)) & G(!mall_1)
G(( train_is_crossing ) -> G(( table_is_old ) -> F( brake_is_pressed ))),G(train_is_crossing -> (table_is_old -> F(brake_is_pressed)))
G(!( sensor_retrieves_data | table_is_brown )) | F(( sensor_retrieves_data | table_is_brown ) & F( train_has_arrived )),F(sensor_retrieves_data | (table_is_brown & F(train_has_arrived)))
G ( avoid_active_gas_leak -> deliver_aid_safe_rescuer ),G((deliver_aid_safe_rescuer) -> (avoid_active_gas_leak))
G ( ! ( communicate_safe_rescuer & photo_injured_civilian ) -> F go_home ),G((!communicate_safe_rescuer & !photo_injured_civilian) -> F(go_home))
record_cyclist_west_8th_avenue U ( G ( F photo_pedestrian_east_2nd_avenue ) ),record_cyclist_west_8th_avenue U G(photo_pedestrian_east_2nd_avenue)
F ( make_to_flag ) U come_to_tree,make_to_flag U come_to_tree
G(( bar_has_to_be_repaired | escalator_speeds_up ) -> F( sensor_captures_data )),F((bar_has_to_be_repaired | escalator_speeds_up) & F(sensor_captures_data))
( deliver_aid_injured_hostile U photo_gas_leak ) | G deliver_aid_injured_hostile,deliver_aid_injured_hostile R photo_gas_leak
G ( ! ( get_help & photo_motorcycle_northwest_6th_avenue ) -> F record_vehicle_north_4th_street ),G((!(get_help) & !(photo_motorcycle_northwest_6th_avenue)) -> F(record_vehicle_north_4th_street))
G(!( constructor_instantiate_objects & elevator_rises )) | F(( constructor_instantiate_objects & elevator_rises ) & F( manager_handles_requests | motorbike_has_started )),F((constructor_instantiate_objects & elevator_rises) & F(manager_handles_requests | motorbike_has_started))
pick_up_orange -> F ( venture_house ),G(pick_up_orange -> F(venture_house))
G F charging_station_9 & G F ( warehouse_5 & F ( p_crate_4 & F ( mall_4 & pd ) ) ),G((p_crate_4 & warehouse_5) -> F(charging_station_9 & F(mall_4)))
[]<>(statue_4&&photo)&&[]<>charger_4,G((charger_4) -> F(photo)) & G((photo) -> F(charger_4))
G(!( table_is_brown & bar_is_down )) | F(( table_is_brown & bar_is_down ) & F( manager_collect_claims & semaphore_is_broken )),F(table_is_brown & bar_is_down & F(manager_collect_claims & semaphore_is_broken))
G(( constructor_instantiate_objects | bar_is_up ) -> F( semaphore_is_yellow )),(bar_is_up | constructor_instantiate_objects) -> F(semaphore_is_yellow)
idle -> X ( ( pickup_oven U get_help ) | G pickup_oven ),G(idle -> X((pickup_oven U get_help) | G(pickup_oven)))
G ( avoid_nearest_unstable_beam -> X G ! avoid_impending_debris ),G(avoid_nearest_unstable_beam -> G(!avoid_impending_debris))
F ( go_to_transh_can ) U G ( ! ( drop_orange ) ),G(!(drop_orange)) & go_to_transh_can
G(!( train_has_arrived )) | F(( train_has_arrived ) & F( car_stops | motorbike_has_started )),F(train_has_arrived & F(car_stops | motorbike_has_started))
take_to_trash_can & F ( capture_pear ),take_to_trash_can & capture_pear
( F ( green_room ) & G ( ! red_room ) ),G((!red_room) -> F(green_room))
get_help -> X ( ( pickup_book U search_cake ) | G pickup_book ),G(get_help -> X((pickup_book U search_cake) | G(pickup_book)))
G(!( sensor_gathers_information )) | F(( sensor_gathers_information ) & F( engine_stops | train_is_crossing )),F(sensor_gathers_information & F(engine_stops | train_is_crossing))
G ( deliver_toilet_loading_dock -> F get_help ) -> G F search_fire_hydrant,G((deliver_toilet_loading_dock -> F(get_help)) -> G(F(search_fire_hydrant)))
park_2 U (monument_13&&photo),park_2 U photo
( F ( yellow_room ) & G ( ! blue_room ) ),!blue_room & F(yellow_room)
G(( bar_has_to_be_repaired | sensor_retrieves_data ) -> F( semaphore_is_yellow )),(bar_has_to_be_repaired | sensor_retrieves_data) -> F(semaphore_is_yellow)
park_5 U bench_4&&<>(store_2&&<>(p_bottle_5&&<>(bench_4&&pd))),G(park_5 U bench_4) & F(store_2 & F(p_bottle_5 & F(bench_4)))
G(( bridge_opens & sensor_retrieves_data ) -> G(!( engine_breaks & bar_is_closing ))),G((bridge_opens & sensor_retrieves_data) -> (!(engine_breaks) & !(bar_is_closing)))
!park_4 U street_3&&<>(store_7&&<>(p_takeout_2&&<>(bench_3&&pd))),G((!street_3) -> (!park_4)) & G((street_3) -> F(p_takeout_2 & F(bench_3)))
G F photo_injured_civilian -> G F communicate_safe_hostile,G(F(photo_injured_civilian ) -> G(F(communicate_safe_hostile )))
G ( record_unsafe_civilian -> record_injured_victim ),G((record_injured_victim ) -> (record_unsafe_civilian ))
G(!( engine_stops | manager_collect_claims )) | F(( engine_stops | manager_collect_claims ) & F( train_has_arrived )),!(engine_stops & manager_collect_claims) | F((engine_stops | manager_collect_claims) & F(train_has_arrived))
G ( move ) | pick_up_orange,G(move | pick_up_orange)
!intersection_5 U street_4&&<>(house_4&&<>(p_pass_4&&<>(office_1&&pd))),G((p_pass_4 & house_4) -> (!intersection_5 U street_4))
!street_4 U intersection_6&&<>[]street_4,(!street_4 U intersection_6) & G(intersection_6 -> G(street_4))
G(!( train_has_arrived )) | F(( train_has_arrived ) & F( engine_breaks | car_enters )),F(train_has_arrived & F(engine_breaks | car_enters))
( F search_fire_hydrant ) -> ( ! search_fire_hydrant U ( pickup_donut & ! search_fire_hydrant ) ),G(search_fire_hydrant -> F(pickup_donut))
F ( get_hold_orange ) & F ( have_possession_of_apple ),G(get_hold_orange -> G(have_possession_of_apple ))
F ( venture_house ) | G ( F ( go_to_pear ) ),F(venture_house | G(go_to_pear))
F ( yield_pear ) U G ( ! ( drop_orange ) ),G((!drop_orange) -> yield_pear)
hold_orange & put_in_apple_bucket,G(hold_orange & put_in_apple_bucket)
F ( green_room & F red_room ),green_room -> F(red_room)
! record_unstable_beam U get_help,get_help -> F(record_unstable_beam)
[]<>(mall_5&&<>(p_crate_8&&<>(office_6&&pd))),G((p_crate_8 & mall_5) -> F(office_6))
F ( come_home ) U pick_up_flag,come_home U pick_up_flag
G ( avoid_probable_fire_source -> X ( X ( X communicate_injured_hostile ) ) ),G(communicate_injured_hostile -> X(X(X(avoid_probable_fire_source))))
<>(table_2&&<>(p_brochure_9&&<>(park_4&&[]park_4))),G((table_2 & p_brochure_9) -> F(park_4))
!park_4 U street_3&&<>(store_7&&<>(p_takeout_2&&<>(bench_3&&pd))),G((!street_3) -> (!park_4)) & G(street_3 -> F(p_takeout_2 & F(bench_3)))
! photo_cyclist_south_2nd_avenue U record_car_east_8th_avenue,G(photo_cyclist_south_2nd_avenue -> F(record_car_east_8th_avenue))
F ( mall_5 & F ( p_box_4 & F ( house_1 & pd ) ) ),mall_5 & F(p_box_4 & F(house_1))
F ( proceed_to_tree ) | G ( ! ( drop_orange ) ),G((proceed_to_tree) -> (drop_orange)) & G(!drop_orange)
G ( ! ( drop_orange ) ) & F ( visit_waste_basket ),G(!drop_orange) & G(visit_waste_basket)
( F change_light_east_green ) -> ( ! change_light_east_green U ( record_cyclist_south_7th_avenue & ! change_light_east_green ) ),G(change_light_east_green -> F(record_cyclist_south_7th_avenue))
F ( go_near_pear ) | F ( procure_pear ),G((go_near_pear | procure_pear))
G ( ! ( deliver_laptop_shelf & deliver_horse_loading_dock ) -> F search_microwave ),G((!(deliver_laptop_shelf | deliver_horse_loading_dock)) -> search_microwave)
G ( ! ( drop_apple ) ) & hold_on_to_pear,G(!(drop_apple & hold_on_to_pear))
G(!( brake_is_released & car_starts )) | F(( brake_is_released & car_starts ) & F( brake_is_pressed | bridge_closes )),F(brake_is_released & car_starts & F(brake_is_pressed | bridge_closes))
move_to_trash_can -> F ( get_pear ),G(get_pear -> move_to_trash_can)
<>(building_4&&photo&&<>(parking_lot_2&&[]parking_lot_2)),photo & F(parking_lot_2 & G(parking_lot_2))
G( house_is_built & train_stops & table_is_old ),G((house_is_built & train_stops) -> table_is_old)
! get_help U change_light_east_yellow,change_light_east_yellow -> F(get_help)
[]<>(area_4&&photo)&&[]<>(area_3&&photo),G(photo & area_4 & area_3)
( idle U get_help ),idle -> F(get_help)
G ( moving ) | G ( ! ( drop_orange ) ),G(moving | !drop_orange)
G(( engine_starts ) -> G(( motorbike_has_stopped ) -> F( elevator_falls ))),G(engine_starts -> F(motorbike_has_stopped -> F(elevator_falls)))
take_orange | G ( F ( go_to_waste_basket ) ),take_orange | G(go_to_waste_basket )
F ( grab_orange ) -> move_to_trash_can,G(grab_orange -> move_to_trash_can)
[]county_4&&[]<>(office_3&&<>(p_package_4&&<>(office_8&&pd))),G(county_4 & (p_package_4 -> F(office_8)))
F ( collect_apple ) & G ( go_by_trash_can ),F(collect_apple & G(go_by_trash_can))
G(( semaphore_is_green & elevator_falls ) -> G( semaphore_is_yellow )),G((semaphore_is_green & elevator_falls) -> semaphore_is_yellow)
F ( go_to_trashcan ) & F ( track_towards_tree ),G((track_towards_tree) -> (go_to_trashcan))
F ( arrive_at_tree ) | F ( get_close_tree ),G(arrive_at_tree | F(get_close_tree))
F G house_5,F(house_5 ) & G(house_5 )
F ( pick_up_peach ) & F ( journey_by_house ),pick_up_peach -> F(journey_by_house)
F blue_room,G(blue_room )
F ( grasp_apple ) U F ( journey_to_flag ),grasp_apple U journey_to_flag
[]<>intersection_4&&<>locality_9,G(intersection_4 -> F(locality_9))
G(!( train_has_arrived )) | F(( train_has_arrived ) & F( elevator_is_blocked | house_is_open )),F(train_has_arrived & F(elevator_is_blocked | house_is_open))
F ( ( green_room | yellow_room ) & F red_room ),(yellow_room | green_room) -> F(red_room)
<>(park_5&&<>(statue_2&&photo)),G(photo -> F(park_5))
G(( sensor_captures_data ) -> F( semaphore_is_red & car_enters )),G((semaphore_is_red & car_enters) -> sensor_captures_data)
( deliver_aid_safe_hostile U photo_flood ),!deliver_aid_safe_hostile | F(photo_flood)
F ( clutch_orange ) -> ! ( let_go_pear ),G(clutch_orange -> !let_go_pear)
grasp_orange -> F ( make_contact_flag ),G(grasp_orange -> make_contact_flag)
G(!( bridge_closes )) | F(( bridge_closes ) & F( constructor_creates_instances & motorbike_has_stopped )),F(bridge_closes & F(constructor_creates_instances & F(motorbike_has_stopped)))
<>[]mall_5,G(mall_5 )
F ( acquire_pear ) -> collect_pear,F(acquire_pear -> collect_pear)
( record_person_west_5th_avenue U change_light_west_green ),record_person_west_5th_avenue -> F(change_light_west_green)
F G ! idle,G(!idle)
venture_towards_house | F ( bring_pear ),venture_towards_house | G(bring_pear)
G ( ! ( let_go ) ) & F ( collect_orange ),G(!let_go) & G(collect_orange -> let_go)
F G ! go_home,G(!go_home)
parking_lot_5 U ( car_5 & photo ),parking_lot_5 U photo
( avoid_nearest_fire_source U get_help ),avoid_nearest_fire_source -> F(get_help)
G(( escalator_moves & train_has_arrived ) -> F( train_has_arrived )),G((train_has_arrived ) -> (escalator_moves ))
( search_skateboard U search_sheep ) | G search_skateboard,(search_skateboard R search_sheep) | G(search_skateboard)
G(!( manager_collect_claims | constructor_creates_instances )) | F(( manager_collect_claims | constructor_creates_instances ) & F( bridge_closes )),!(manager_collect_claims & constructor_creates_instances) | F((manager_collect_claims | constructor_creates_instances) & F(bridge_closes))
G(( motorbike_catches_fire & engine_breaks ) -> G( brake_is_released | escalator_is_blocked )),G((motorbike_catches_fire & engine_breaks) -> (brake_is_released | escalator_is_blocked))
G(!( train_has_arrived )) | F(( train_has_arrived ) & F( car_starts & semaphore_is_broken )),F(train_has_arrived & F(car_starts & semaphore_is_broken))
! G ( ! ( deliver_chair_shelf & X deliver_chair_shelf ) ),G(deliver_chair_shelf | X(deliver_chair_shelf) | X(X(deliver_chair_shelf)))
G ( ! ( drop_apple ) ) & secure_apple,G(!(drop_apple & secure_apple))
G(!( car_starts & bar_is_down )) | F(( car_starts & bar_is_down ) & F( bar_is_down | motorbike_is_driven )),F(car_starts & bar_is_down & F(bar_is_down | motorbike_is_driven))
F ( acquire_pear ) | G ( F ( go_to_pear ) ),G((acquire_pear | go_to_pear))
gather_apple -> F ( scoop_up_apple ),G(gather_apple -> F(scoop_up_apple))
( F get_help ) -> ( ! get_help U ( go_home & ! get_help ) ),G(get_help -> F(go_home))
<>(table_2&&<>(p_brochure_5&&<>(street_5&&pd))),G((table_2 & p_brochure_5) -> F(street_5))
G(( brake_is_released & constructor_creates_instances ) -> F( bar_is_closing & motorbike_is_driven )),G((bar_is_closing & motorbike_is_driven) -> (brake_is_released & constructor_creates_instances))
G(!( brake_is_pressed | bridge_closes )) | F(( brake_is_pressed | bridge_closes ) & F( table_is_brown & house_is_built )),F(brake_is_pressed | bridge_closes) & F(table_is_brown & F(house_is_built))
F ( plant_8 & F ( p_box_5 & F ( store_6 & pd ) ) ),F(pd & plant_8 & F(store_6))
[]<>charger_3&&[]<>(area_3&&photo),G(photo -> F(charger_3))
F ( ( red_room | blue_room ) & F green_room ),(blue_room | red_room) -> F(green_room)
[]locality_5&&<>(office_3&&<>(p_package_5&&<>(office_6&&pd))),G((p_package_5 & office_3) -> (locality_5 U office_6))
G(!( escalator_speeds_up | house_collapses )) | F(( escalator_speeds_up | house_collapses ) & F( escalator_is_blocked | sensor_captures_data )),F(escalator_speeds_up | house_collapses) & F(escalator_is_blocked | sensor_captures_data)
<>[]intersection_4,G(intersection_4 )
G(!( escalator_moves & train_stops )) | F(( escalator_moves & train_stops ) & F( bridge_closes )),F(escalator_moves & train_stops & F(bridge_closes))
travel_to_apple U F ( make_to_flag ),travel_to_apple U make_to_flag
get_hold_of_pear -> hold_pear,G(get_hold_of_pear -> hold_pear)
[]<>(monument_8&&photo)&&!monument_8 U park_4,G(photo) & (!park_4 U monument_8)
F ( go_to_peach ) -> move_to_trash_can,G(go_to_peach -> move_to_trash_can)
G ( communicate_safe_victim -> X G ! get_help ),G(communicate_safe_victim -> G(!get_help))
G ( hold_onto_orange ) -> F ( make_contact_flag ),G(hold_onto_orange -> F(make_contact_flag))
G(( elevator_rises & bar_is_closing ) -> F( semaphore_is_red | car_starts )),F(semaphore_is_red) | ((elevator_rises & bar_is_closing) -> F(car_starts))
F ( going_to_house ) & F ( gather_pear ),F(going_to_house & G(gather_pear))
G(!( sensor_retrieves_data | bridge_closes )) | F(( sensor_retrieves_data | bridge_closes ) & F( table_is_brown & bar_is_closing )),F((sensor_retrieves_data | bridge_closes) & F(table_is_brown & F(bar_is_closing)))
( idle U search_elephant ) | G idle,search_elephant R idle
G F car_3 & F building_2,G(car_3) & F(building_2)
!street_4 U intersection_2&&<>(house_13&&p_trash_13),G((!intersection_2) -> (!street_4))
[]<>charger_9&&[]<>(warehouse_8&&<>(p_crate_2&&<>(store_2&&pd))),G((warehouse_8 & p_crate_2 & store_2) -> F(charger_9 ))
G ( search_broccoli -> F search_zebra ) -> G F pickup_donut,G((search_broccoli -> F(search_zebra)) -> G(F(pickup_donut)))
G(( train_has_arrived ) -> F( table_is_old & sensor_retrieves_data )),G(train_has_arrived -> (table_is_old & sensor_retrieves_data))
going_to_tree -> F ( go_to_trash_bin ),G(go_to_trash_bin -> going_to_tree)
G(!( train_has_arrived )) | F(( train_has_arrived ) & F( train_has_arrived & bridge_closes )),F(train_has_arrived & F(bridge_closes))
G(!( constructor_creates_instances | elevator_is_blocked )) | F(( constructor_creates_instances | elevator_is_blocked ) & F( car_stops | motorbike_has_started )),!(constructor_creates_instances & elevator_is_blocked) | F((constructor_creates_instances | elevator_is_blocked) & F(car_stops | motorbike_has_started))
F ( pass_by_trash_bin ) -> F ( procure_pear ),G((procure_pear) -> (pass_by_trash_bin))
! idle U deliver_backpack_shelf,G(idle -> deliver_backpack_shelf)
drop_orange U F ( move_forward_trash_can ),drop_orange U move_forward_trash_can
G ( ! ( drop_pear ) ) & F ( go_to_trash_receptacle ),G(!(drop_pear )) & G(go_to_trash_receptacle -> F(go_to_trash_receptacle ))
search_skis -> X ( ( search_apple U get_help ) | G search_apple ),G(search_skis -> X(search_apple U get_help)) | G(search_skis -> X(G(search_apple)))
G ( ! ( change_light_south_yellow & photo_jaywalker_west_9th_street ) -> F change_light_south_red ),G((!(change_light_south_yellow) & !(photo_jaywalker_west_9th_street)) -> F(change_light_south_red))
take_to_tree U F ( travel_to_house ),take_to_tree U travel_to_house
<>(store_5&&<>(p_box_8&&<>(house_1&&pd))),F(p_box_8 & F(pd & house_1))
G(( elevator_is_blocked ) -> G(( house_is_open ) -> F( table_is_old ))),G(elevator_is_blocked -> (house_is_open -> F(table_is_old)))
G(!( train_has_arrived )) | F(( train_has_arrived ) & F( train_is_crossing & house_collapses )),!train_has_arrived | F(train_has_arrived & F(train_is_crossing & house_collapses))
park_5 U ( monument_2 & photo & F ( intersection_5 & G intersection_5 ) ),park_5 U (photo & X (intersection_5 & G(intersection_5)))
G F ( landmark_21 & photo ),G(photo -> F(photo & landmark_21))
G(!( engine_stops | constructor_instantiate_objects )) | F(( engine_stops | constructor_instantiate_objects ) & F( train_has_arrived )),F(engine_stops | constructor_instantiate_objects) & F(train_has_arrived)
<>(house_4&&<>(p_trash_4&&<>(garbage_dump_1&&pd))),G((pd & house_4 & p_trash_4) -> F(garbage_dump_1))
walk -> F ( travel_to_trash_can ),G(walk -> F(travel_to_trash_can))
G(!( train_has_arrived )) | F(( train_has_arrived ) & F( bar_has_to_be_repaired & sensor_retrieves_data )),F(train_has_arrived ) & F(bar_has_to_be_repaired & sensor_retrieves_data )
G(( house_is_open & escalator_speeds_up ) -> F( motorbike_has_started & bar_is_down )),!(house_is_open & escalator_speeds_up) | F((house_is_open & escalator_speeds_up) & F(motorbike_has_started & bar_is_down))
F G table_4,G(table_4 )
! ( let_go_orange ) | take_to_trashcan,G(!(let_go_orange | take_to_trashcan))
( F ( green_room ) & G ( ! red_room ) ),G(!red_room -> F(green_room))
G(!( train_derails & train_is_crossing )) | F(( train_derails & train_is_crossing ) & F( car_enters & engine_stops )),F(train_derails & train_is_crossing & F(car_enters & engine_stops))
park_5 U (monument_2&&photo&&<>(intersection_5&&[]intersection_5)),park_5 U (photo & X (intersection_5 & G(intersection_5)))
G(!( train_has_arrived )) | F(( train_has_arrived ) & F( constructor_instantiate_objects & elevator_rises )),!train_has_arrived | F(train_has_arrived & F(constructor_instantiate_objects & elevator_rises))
[]<>(car_1&&photo)&&[]!parking_lot_9,G(photo & car_1) & G(!parking_lot_9)
F ( scoop_up_pear ) -> F ( touch_tree ),G(touch_tree -> scoop_up_pear)
G ( ! ( drop_apple ) ) -> F ( get_close_flag ),G(!drop_apple) & F(get_close_flag)
F ( make_way_waste_basket ) U get_to_tree,G((make_way_waste_basket) -> (make_way_waste_basket U get_to_tree))
G(( house_is_open | train_derails ) -> F( train_derails )),(house_is_open | train_derails) -> F(train_derails)
F ( table_2 & F ( p_brochure_5 & F ( street_5 & pd ) ) ),table_2 -> F (p_brochure_5 & F (street_5))
F ( store_3 & F ( p_package_2 & F ( house_2 & pd ) ) ) & G ! mall_1,G(!(mall_1)) & store_3 & F(p_package_2 & F(house_2))
G ( communicate_safe_victim -> F record_injured_rescuer ) -> G F record_injured_person,G((communicate_safe_victim -> F(record_injured_rescuer)) -> G(F(record_injured_person)))
! G ( ! ( get_help & X get_help ) ),G(get_help | X(get_help) | X(X(get_help)))
G ( move ) & move_to_house,G(move & move_to_house)
F ( proceed_to_house ) -> F ( venture_house ),G(proceed_to_house -> F(venture_house))
G ( communicate_safe_rescuer -> F record_safe_person ) -> G F communicate_safe_hostile,G((communicate_safe_rescuer -> F(record_safe_person)) -> G(F(communicate_safe_hostile)))
G F ( storage_4 & F ( p_crate_1 & F ( office_2 & pd ) ) ),G((storage_4 & p_crate_1) -> F(office_2 & p_crate_1))
G ( go_by_trash_can ) & F ( walk_near_flag ),G(go_by_trash_can ) & G(walk_near_flag )
G(!( bridge_closes )) | F(( bridge_closes ) & F( motorbike_catches_fire & car_enters )),F(bridge_closes & F(motorbike_catches_fire & F(car_enters)))
! photo U park_5 & F ( landmark_4 & photo ),G((!park_5) -> !photo) & F(park_5) & F(landmark_4 & photo)
communicate_injured_hostile -> X ( ( record_flood U avoid_impending_debris ) | G record_flood ),G(communicate_injured_hostile -> X(record_flood U avoid_impending_debris))
( F ( yellow_room ) & G ( ! blue_room ) ),G(!blue_room -> F(yellow_room))
G ( hold_on_pear ) & G ( F ( go_to_apple_trashcan ) ),G(hold_on_pear & go_to_apple_trashcan)
F ( start_going_to_house ) -> grip_apple,G(start_going_to_house -> grip_apple)
G ( F ( go_to_apple_trashcan ) ) | F ( track_towards_tree ),G(F(go_to_apple_trashcan ) | G(track_towards_tree ))
F ( go_by_house ) -> F ( visit_house ),G(go_by_house -> visit_house)
F ( park_7 & F ( monument_4 & photo ) ),F(park_7 & photo & monument_4)
photo_gas_leak U ( G ( F avoid_active_flood ) ),G(photo_gas_leak -> (photo_gas_leak U G(F(avoid_active_flood))))
G ( stay ) & come_to_tree,G(stay & come_to_tree)
F yellow_room,G(yellow_room )
G ( get_help -> record_jaywalker_south_5th_avenue ),G((record_jaywalker_south_5th_avenue) -> (get_help))
F ( house_4 & F ( p_package_2 & F ( warehouse_5 & pd ) ) ),F(house_4 & F(p_package_2 & F(warehouse_5)))
!street_5 U store_1&&<>(store_1&&p_package_4),(!street_5 U store_1) & F(store_1 & F(p_package_4))
G ( photo_debris -> F go_home ) -> G F get_help,G((G(photo_debris ) -> F(go_home )) -> G(F(get_help )))
<>(house_4&&<>(p_trash_4&&<>(garbage_dump_1&&pd))),G((house_4 & p_trash_4) -> F(pd & garbage_dump_1))
G(!( train_derails | house_collapses )) | F(( train_derails | house_collapses ) & F( car_enters | motorbike_falls_down )),!(train_derails | house_collapses) | F((train_derails | house_collapses) & F(car_enters | motorbike_falls_down))
F ( red_room & F blue_room ),red_room -> F(blue_room)
move_to_house -> pick_up_pear,G(move_to_house -> pick_up_pear)
<>(table_4&&<>(p_tin_can_4&&<>(trash_can_5&&pd)))&&[]!hallway_2,G((table_4 & p_tin_can_4) -> F(trash_can_5)) & G(!hallway_2)
G ( ! ( let_go_apple ) ) | pick_up_fruit,G(!(let_go_apple | pick_up_fruit))
<>[]street_2,F(street_2 ) & G(street_2 )
[]<>(intersection_4&&photo),G(photo -> F(photo & intersection_4))
G(!( motorbike_catches_fire & car_enters )) | F(( motorbike_catches_fire & car_enters ) & F( manager_collect_claims & semaphore_is_broken )),F((motorbike_catches_fire & car_enters) & F(manager_collect_claims & F(semaphore_is_broken)))
G F charger_2 & F ( table_2 & F ( p_plate_4 & F ( table_4 & pd ) ) ),G((p_plate_4 & table_2) -> F(charger_2))
F ( blue_room & F red_room ),blue_room -> F(red_room)
!parking_lot_4 U building_8,!building_8 U parking_lot_4
! G ( ! ( record_car_south_1st_avenue & X record_car_south_1st_avenue ) ),G(record_car_south_1st_avenue | X(record_car_south_1st_avenue) | X(X(record_car_south_1st_avenue)))
F ( capture_pear ) | ! ( F ( pick_up_anything ) ),G(capture_pear | !pick_up_anything)
G(!( constructor_creates_instances | table_is_old )) | F(( constructor_creates_instances | table_is_old ) & F( brake_is_pressed | motorbike_has_started )),F (constructor_creates_instances | table_is_old) & F (brake_is_pressed | motorbike_has_started)
G ( ! ( let_go ) ) | F ( go_by_flag ),G(!let_go | F(go_by_flag))
G ( move_around ) U F ( go_visit_house ),move_around U go_visit_house
park_2 U ( monument_13 & photo ),park_2 U photo
[]<>(area_9&&photo)&&[]<>(camp_4&&<>(p_ordnance_3&&<>(camp_9&&pd))),G((photo & area_9) -> X(photo & area_9)) & G((p_ordnance_3 & camp_4) -> F(camp_9))
F ( have_pear ) U F ( make_way_waste_basket ),G(have_pear U make_way_waste_basket)
[]locality_7&&<>(office_4&&<>(p_letter_1&&<>(house_1&&pd))),G((p_letter_1 & office_4) -> (locality_7 & F(house_1 & pd)))
<>[]house_5,G(house_5 & !X(!house_5))
[]!parking_lot_8&&<>street_5,G(street_5 -> G(!parking_lot_8))
G F ( landmark_21 & photo ),G(photo)
F ( withhold_apple ) | F ( bring_pear ),G((bring_pear) -> (withhold_apple))
F ( have_pear ) -> G ( F ( grab_tree ) ),G(have_pear -> F(grab_tree))
G F get_help -> G F record_person_northeast_1st_street,G(F(get_help) -> F(record_person_northeast_1st_street))
G ( photo_collision_southwest_5th_avenue -> F photo_vehicle_east_10th_avenue ) -> G F get_help,G((photo_collision_southwest_5th_avenue -> F(photo_vehicle_east_10th_avenue)) -> G(F(get_help)))
F ( store_5 & F ( p_box_8 & F ( house_1 & pd ) ) ),G((store_5 & p_box_8) -> F(house_1))
G ( photo_person_southeast_4th_street -> record_car_northeast_6th_street ),G(record_car_northeast_6th_street -> photo_person_southeast_4th_street)
G(!( engine_breaks | car_enters )) | F(( engine_breaks | car_enters ) & F( sensor_gathers_information )),F(engine_breaks | (car_enters & F(sensor_gathers_information)))
F ( venture_house ) | ! ( let_go_pear ),G((venture_house | !let_go_pear))
F ( present_at_flag ) U F ( reach_flag ),G((present_at_flag) -> (present_at_flag U reach_flag))
F ( bench_4 & photo & G bench_4 ),G((photo) -> (bench_4))
G ( ! ( let_go_orange ) ) -> going_to_tree,G(!(let_go_orange))
G( brake_is_pressed & manager_collect_claims & elevator_rises ),G(brake_is_pressed -> (manager_collect_claims & elevator_rises))
G(!( motorbike_falls_down | manager_collect_claims )) | F(( motorbike_falls_down | manager_collect_claims ) & F( manager_collect_claims & sensor_captures_data )),F((motorbike_falls_down | manager_collect_claims) & F(manager_collect_claims & sensor_captures_data))
[]<>charger_1&&<>(house_4&&<>(box_4&&<>(house_9&&pd))),G((box_4 & house_4) -> F(charger_1)) & G((box_4 & house_9) -> F(charger_1))
<>section_3&&[]!hall_5,section_3 & G(!hall_5)
travel_to_waste_bin | F ( steal_apple ),travel_to_waste_bin | steal_apple
( F photo_car_northeast_5th_avenue ) -> ( ! photo_car_northeast_5th_avenue U ( get_help & ! photo_car_northeast_5th_avenue ) ),G(photo_car_northeast_5th_avenue -> F(get_help))
[]<>charger_6&&[]<>(table_4&&p_brochure_4),G(charger_6 -> F(p_brochure_4 & F(charger_6)))
F ( pass_by_waste_receptacle ) & ! ( let_go_pear ),G((!let_go_pear) -> (pass_by_waste_receptacle))
G(!( sensor_retrieves_data | bridge_closes )) | F(( sensor_retrieves_data | bridge_closes ) & F( train_has_arrived )),!(sensor_retrieves_data & bridge_closes) | F((sensor_retrieves_data | bridge_closes) & F(train_has_arrived))
( record_vehicle_southeast_4th_avenue U photo_motorcycle_east_2nd_street ),record_vehicle_southeast_4th_avenue -> F(photo_motorcycle_east_2nd_street)
! ( let_go_orange ) | F ( journey_by_flag ),G(journey_by_flag -> let_go_orange)
( search_clock U search_kite ) | G search_clock,search_clock R search_kite
F ( red_room & F blue_room ),red_room & F(blue_room)
F green_room,G(green_room )
G ( ! ( drop_orange ) ) | F ( scoop_up_apple ),G(!drop_orange) | G(scoop_up_apple)
G locality_5 & F ( office_3 & F ( p_package_5 & F ( office_6 & pd ) ) ),G((p_package_5 & office_3) -> G(!(locality_5 & office_6)))
G(!( car_stops | motorbike_has_started )) | F(( car_stops | motorbike_has_started ) & F( bridge_closes )),F(car_stops | (motorbike_has_started & F(bridge_closes)))
( F record_motorcycle_northeast_6th_avenue ) -> ( ! record_motorcycle_northeast_6th_avenue U ( record_car_southwest_9th_avenue & ! record_motorcycle_northeast_6th_avenue ) ),G(record_motorcycle_northeast_6th_avenue -> F(record_car_southwest_9th_avenue))
G ( move_around ) | take_to_trash_can,G(move_around | take_to_trash_can)
G ( get_help -> X G ! avoid_probable_unstable_beam ),G(get_help -> G(!avoid_probable_unstable_beam))
F ( gather_pear ) -> acquire_orange,F(gather_pear & F(acquire_orange))
G ( deliver_aid_injured_rescuer -> deliver_aid_injured_hostile ),G(deliver_aid_injured_hostile -> deliver_aid_injured_rescuer)
G(!( bridge_closes )) | F(( bridge_closes ) & F( engine_stops & sensor_gathers_information )),F(bridge_closes & F(engine_stops & F(sensor_gathers_information)))
<>(landmark_9&&photo&&[]landmark_9),F(landmark_9 & photo)
G ( ! ( pickup_hot_dog & search_baseball_glove ) -> F idle ),G((!(pickup_hot_dog | search_baseball_glove)) -> F(idle))
G ( ! ( photo_car_north_10th_avenue & photo_collision_southwest_1st_street ) -> F photo_collision_south_6th_avenue ),G((!(photo_car_north_10th_avenue) & !(photo_collision_southwest_1st_street)) -> F(photo_collision_south_6th_avenue))
F G mall_5,F(mall_5) & G(mall_5)
G(( train_has_arrived ) -> F( car_enters | motorbike_is_driven )),train_has_arrived -> F (car_enters | motorbike_is_driven)
go_by_waste_bin -> G ( ! ( drop_apple ) ),G(go_by_waste_bin -> G(!drop_apple))
F ( present_at_flag ) U F ( venture_to_house ),present_at_flag U venture_to_house
F ( go_past_house ) -> go_visit_flag,F(go_past_house -> go_visit_flag)
get_help U ( G ( F deliver_parking_meter_shelf ) ),get_help R F G(deliver_parking_meter_shelf)
G(!( bridge_closes & elevator_falls )) | F(( bridge_closes & elevator_falls ) & F( elevator_is_open & train_is_crossing )),F((bridge_closes & elevator_falls) & F(elevator_is_open & train_is_crossing))
G(!( escalator_moves & car_starts )) | F(( escalator_moves & car_starts ) & F( sensor_gathers_information )),F((escalator_moves & car_starts) & F(sensor_gathers_information))
[]<>(statue_4&&photo)&&[]<>charger_4,G(photo -> F(charger_4)) & G(photo)
F ( got_to_house ) U go_to_orange_bin,G((go_to_orange_bin) -> (got_to_house U go_to_orange_bin))
F ( obtain_orange ) & G ( touch_flag ),G(obtain_orange -> F(touch_flag))
F get_help & F record_collision_east_2nd_street,F(get_help & F(record_collision_east_2nd_street ))
F ( ( red_room | yellow_room ) & F blue_room ),F((red_room | yellow_room) & blue_room)
area_5 U (store_2&&<>(p_package_8&&<>(house_9&&pd))),area_5 U (store_2 & p_package_8 & F (house_9 & pd))
<>[]building_3&&!building_3 U garage_3,G(!(building_3) U garage_3) & G(building_3)
F ( approach_house ) U F ( approach_flag ),G((approach_house) -> (approach_flag))
G ( F ( make_way_to_house ) ) | hold_orange,G(make_way_to_house | hold_orange)
( F ( yellow_room ) & G ( ! green_room ) ),G((!green_room) -> F(yellow_room))
<>(street_5&&<>house_4),street_5 -> F (house_4)
G ( F ( go_to_waste_basket ) ) | F ( make_way_for_tree ),G(make_way_for_tree -> F(go_to_waste_basket))
G(!( escalator_is_blocked | sensor_captures_data )) | F(( escalator_is_blocked | sensor_captures_data ) & F( bridge_closes )),!(escalator_is_blocked & sensor_captures_data) | F((escalator_is_blocked | sensor_captures_data) & F(bridge_closes))
F ( go_to_house ) & go_visit_flag,F (go_to_house & go_visit_flag )
G ( ! ( let_go_orange ) ) U F ( going_to_house ),G(going_to_house -> G(!let_go_orange))
deliver_tennis_racket_loading_dock -> X ( ( idle U get_help ) | G idle ),G(deliver_tennis_racket_loading_dock -> (X(idle U get_help) | G(idle)))
G ( ( record_flood <-> photo_safe_victim ) -> ( photo_safe_victim <-> record_safe_victim ) ),G((record_flood & photo_safe_victim) -> (photo_safe_victim & record_safe_victim))
going_to_tree | F ( getting_pear ),G((getting_pear) -> (going_to_tree))
<>(mall_5&&<>(p_box_4&&<>(house_1&&pd))),G(mall_5 -> F(p_box_4 & F(house_1)))
G ( ! ( go_home & deliver_aid_safe_victim ) -> F photo_unsafe_civilian ),G((!(go_home) & !(deliver_aid_safe_victim)) -> F(photo_unsafe_civilian))
G(!( train_has_arrived )) | F(( train_has_arrived ) & F( engine_breaks | manager_handles_requests )),F(train_has_arrived & F(engine_breaks | manager_handles_requests))
G ( F ( grab_tree ) ) | F ( spend_time_at_tree ),G(grab_tree -> F(spend_time_at_tree))
G(!( sensor_gathers_information )) | F(( sensor_gathers_information ) & F( bridge_closes | semaphore_is_broken )),F(sensor_gathers_information & F(bridge_closes | semaphore_is_broken))
F ( go_home ) & take_pear,G(go_home & take_pear)
take_orange | G ( F ( go_to_pear ) ),take_orange | G(go_to_pear)
G ( ! ( let_go_apple ) ) & F ( make_way_for_tree ),G(!(let_go_apple & F(make_way_for_tree)))
G ( move ) | F ( pass_by_waste_receptacle ),G(move | pass_by_waste_receptacle)
G ( F ( go_to_pear ) ) U F ( go_to_trash_receptacle ),go_to_pear U go_to_trash_receptacle
[]<>charger_9&&[]<>(warehouse_8&&<>(p_crate_2&&<>(store_2&&pd))),G((p_crate_2 & warehouse_8) -> F(store_2 & F(charger_9 & F(p_crate_2 & warehouse_8))))
parking_lot_4 U (car_5&&photo),parking_lot_4 U photo
G(!( bridge_opens | bar_is_up )) | F(( bridge_opens | bar_is_up ) & F( sensor_gathers_information & motorbike_catches_fire )),F(bridge_opens | bar_is_up) & F(sensor_gathers_information & F(motorbike_catches_fire))
G(!( sensor_captures_data & sensor_gathers_information )) | F(( sensor_captures_data & sensor_gathers_information ) & F( bridge_closes )),!(sensor_captures_data & sensor_gathers_information) | F((sensor_captures_data & sensor_gathers_information) & F(bridge_closes))
G ( moving ) | reach_house,G(moving | reach_house)
<>(park_5&&<>(monument_3&&photo)),park_5 -> F(photo & F(monument_3))
[]!street_4&&<>(store_7&&<>(p_package_8&&<>(house_2&&pd))),G((p_package_8 & store_7) -> G(!street_4))
procure_apple U F ( move_to_flag ),procure_apple U move_to_flag
G ! building_2 & F ( office_6 & p_letter_5 ),G(!(building_2 & p_letter_5))
<>(monument_1&&photo)&&!monument_1 U park_4,G((!park_4) -> (!monument_1)) & F(photo)
F ( proceed_to_tree ) U F ( travel_by_tree ),proceed_to_tree U travel_by_tree
G ( ! ( drop_apple ) ) & F ( bring_pear ),G(!drop_apple) & G(bring_pear)
F ( get_to_cup ) | move_to_trash_can,F(get_to_cup | move_to_trash_can)
F ( seize_pear ) U get_hold_of_pear,seize_pear U get_hold_of_pear
F ( lay_hold_of_apple ) & G ( F ( go_to_apple_trashcan ) ),F(lay_hold_of_apple & G(go_to_apple_trashcan))
F ( start_going_to_house ) U approach_trash_can,start_going_to_house U approach_trash_can
F ( ( green_room | yellow_room ) & F blue_room ),G(blue_room -> F(yellow_room | green_room))
G(( semaphore_is_yellow ) -> G( brake_is_pressed & bar_is_down )),G(semaphore_is_yellow -> (brake_is_pressed & bar_is_down))
hold_apple -> F ( make_contact_flag ),G(hold_apple -> F(make_contact_flag))
F ( go_to_flag ) U F ( move_past_trash_can ),go_to_flag U move_past_trash_can
( F ( yellow_room ) & G ( ! red_room ) ),G(!(red_room))
! record_collision_northwest_9th_avenue U get_help,G(record_collision_northwest_9th_avenue -> F(get_help))
G F ( car_1 & photo ) & G ! parking_lot_9,G(photo & car_1) & G(!parking_lot_9)
F ( make_to_flag ) | F ( withdraw_pear ),G(withdraw_pear -> make_to_flag)
G(!( train_has_arrived & bridge_closes )) | F(( train_has_arrived & bridge_closes ) & F( train_has_arrived )),F(train_has_arrived & bridge_closes & F(train_has_arrived))
G ( ! ( search_aeroplane & deliver_person_shelf ) -> F search_oven ),G((!(search_aeroplane ) & !(deliver_person_shelf )) -> F(search_oven ))
F ( contact_flag ) U pick_up_pear,G((pick_up_pear) -> (contact_flag))
G ( ! ( drop_pear ) ) & F ( obtain_orange ),G(!drop_pear) & G(obtain_orange)
F ( shift_to_flag ) -> F ( secure_pear ),G(secure_pear -> shift_to_flag)
( F pickup_aeroplane ) -> ( ! pickup_aeroplane U ( search_bus & ! pickup_aeroplane ) ),G(pickup_aeroplane -> F(search_bus))
F ( parking_lot_2 & F ( p_cone_5 & F ( street_1 & pd ) ) ),G((parking_lot_2 & p_cone_5) -> F(street_1 & !parking_lot_2 & !p_cone_5))
record_gas_leak U ( G ( F record_flood ) ),G(record_gas_leak -> (record_gas_leak U G(F(record_flood))))
G ( ( pickup_donut <-> idle ) -> ( idle <-> deliver_parking_meter_shelf ) ),G((pickup_donut & idle) -> (idle & deliver_parking_meter_shelf))
[]<>(store_2&&<>(p_crate_6&&<>(building_5&&pd))),G((store_2 & p_crate_6) -> F(building_5 & p_crate_6))
<>street_5&&[]!parking_lot_2,G(street_5 -> G(!parking_lot_2))
[]!building_2&&<>(office_6&&p_letter_5),G(!(building_2) -> F(p_letter_5))
G(( table_is_brown & car_starts ) -> G( semaphore_is_green | sensor_retrieves_data )),G(semaphore_is_green | (!((table_is_brown & car_starts)) | F(sensor_retrieves_data)))
acquire_orange U F ( go_to_peach ),acquire_orange U go_to_peach
G(!( bar_has_to_be_repaired | table_is_old )) | F(( bar_has_to_be_repaired | table_is_old ) & F( table_is_brown | motorbike_has_started )),F((bar_has_to_be_repaired | table_is_old) & F(table_is_brown | motorbike_has_started))
secure_apple -> F ( go_by_waste_basket ),F(go_by_waste_basket)
( F ( green_room ) & G ( ! yellow_room ) ),!yellow_room U green_room
( F get_help ) -> ( ! get_help U ( idle & ! get_help ) ),G(get_help -> F(idle))
G F get_help -> G F communicate_injured_victim,G(F(get_help ) -> F(communicate_injured_victim ))
G ( ! ( let_go_orange ) ) | F ( visit_house ),G(!let_go_orange) | visit_house
grip_apple -> G ( F ( go_to_apple_trashcan ) ),G(grip_apple -> F(go_to_apple_trashcan))
<>(kitchen_1&&<>(p_bottle_2&&<>(hall_2&&[]hall_2))),G((kitchen_1 & p_bottle_2) -> F(hall_2)) & G(hall_2)
F ( pass_by_house ) | G ( ! ( drop_pear ) ),G(!drop_pear) | pass_by_house
G ( ! ( drop_apple ) ) & F ( go_by_waste_basket ),G(!(drop_apple)) & G(go_by_waste_basket -> !drop_apple)
! locality_5 U ( house_2 & F ( p_pass_5 & F ( office_3 & pd ) ) ),(!locality_5) U (house_2 & p_pass_5 & X (office_3))
G(( train_derails ) -> G(( semaphore_is_green ) -> F( motorbike_catches_fire ))),G(semaphore_is_green -> F(motorbike_catches_fire))
hold_pear U F ( going_to_flag ),hold_pear U going_to_flag
G(!( semaphore_is_red & elevator_falls )) | F(( semaphore_is_red & elevator_falls ) & F( motorbike_falls_down | manager_collect_claims )),!(semaphore_is_red & elevator_falls) | F((semaphore_is_red & elevator_falls) & F(motorbike_falls_down | manager_collect_claims))
G ! parking_lot_5 & G F ( car_9 & photo ),G((photo) -> G(!(parking_lot_5)))
( F record_cyclist_northwest_7th_street ) -> ( ! record_cyclist_northwest_7th_street U ( record_jaywalker_southwest_8th_avenue & ! record_cyclist_northwest_7th_street ) ),G(record_cyclist_northwest_7th_street -> F(record_jaywalker_southwest_8th_avenue))
G(( bar_is_closing | motorbike_has_started ) -> F( elevator_rises | elevator_falls )),F((bar_is_closing | motorbike_has_started) & (elevator_rises | elevator_falls))
G(( sensor_captures_data | brake_is_released ) -> G( sensor_captures_data | train_has_been_launched )),G(sensor_captures_data | ((sensor_captures_data | brake_is_released) -> F(train_has_been_launched)))
come_to_tree & G ( hold_on_pear ),G(come_to_tree -> hold_on_pear)
building_4 U (room_43&&<>(p_folder_3&&<>(room_12&&pd))),building_4 U (p_folder_3 & room_43 & X room_12)
G ( go_by_trash_can ) | F ( travel_house ),G(go_by_trash_can | travel_house)
F ( withhold_apple ) | G ( ! ( drop_apple ) ),G((!drop_apple) | withhold_apple)
F green_room,G(green_room)
G(!( semaphore_is_yellow & bridge_closes )) | F(( semaphore_is_yellow & bridge_closes ) & F( sensor_gathers_information )),F (semaphore_is_yellow & bridge_closes & F (sensor_gathers_information))
G ( ! ( let_go_apple ) ) | move_to_tree,G(!(let_go_apple | move_to_tree))
drop_orange U F ( start_going_to_tree ),drop_orange U start_going_to_tree
! G ( ! ( avoid_impending_debris & X avoid_impending_debris ) ),G(avoid_impending_debris | X(avoid_impending_debris) | X(X(avoid_impending_debris)))
get_help U ( G ( F search_cake ) ),G(get_help -> (get_help U G(F(search_cake))))
G ( ! ( drop_apple ) ) | F ( withhold_apple ),G(!(drop_apple)) | withhold_apple
put_in_bucket U F ( acquire_pear ),put_in_bucket U acquire_pear
G(!( bridge_closes )) | F(( bridge_closes ) & F( train_has_arrived )),F(bridge_closes & F(train_has_arrived))
G ( move ) | F ( move_past_trash_can ),G(move | F(move_past_trash_can))
F ( bring_pear ) -> G ( ! ( drop_apple ) ),G(bring_pear -> G(!drop_apple))
( F pickup_elephant ) -> ( ! pickup_elephant U ( pickup_bottle & ! pickup_elephant ) ),G(pickup_elephant -> F(pickup_bottle))
F ( ! change_light_west_yellow ),F(change_light_west_yellow )
put_in_bucket & move_to_tree,F(put_in_bucket & F(move_to_tree))
G(!( brake_is_pressed | motorbike_has_started )) | F(( brake_is_pressed | motorbike_has_started ) & F( elevator_is_blocked | escalator_speeds_up )),!(brake_is_pressed & motorbike_has_started) | F((brake_is_pressed | motorbike_has_started) & F(elevator_is_blocked | escalator_speeds_up))
F ( make_way_waste_basket ) | ! ( let_go_pear ),G(make_way_waste_basket | !let_go_pear)
G(!( sensor_retrieves_data & house_collapses )) | F(( sensor_retrieves_data & house_collapses ) & F( bridge_closes )),F(sensor_retrieves_data & house_collapses & F(bridge_closes))
G(( escalator_moves & bar_is_closing ) -> G( brake_is_released | escalator_is_blocked )),G((escalator_moves & bar_is_closing) -> (brake_is_released | escalator_is_blocked))
G locality_7 & F ( office_4 & F ( p_letter_1 & F ( house_1 & pd ) ) ),G((p_letter_1 & office_4) -> (locality_7 U house_1))
F ( blue_room & F green_room ),blue_room U green_room
G F get_help -> G F record_car_south_9th_avenue,G(F(get_help) -> F(record_car_south_9th_avenue))
! ( let_go_orange ) U get_to_tree,!get_to_tree U let_go_orange
get_help -> X ( ( photo_vehicle_southeast_7th_avenue U record_pedestrian_north_1st_street ) | G photo_vehicle_southeast_7th_avenue ),G(get_help -> X((photo_vehicle_southeast_7th_avenue R record_pedestrian_north_1st_street) | G(photo_vehicle_southeast_7th_avenue)))
[]street_5&&[]<>(parking_lot_4&&photo),G((photo & parking_lot_4) -> street_5)
come_to_tree & F ( get_near_flag ),G(get_near_flag -> come_to_tree)
[]<>(locality_7&&photo)&&[]!park_3,G(!park_3) & G(photo -> locality_7)
F ( withhold_apple ) | G ( ! ( drop_apple ) ),G(withhold_apple | !drop_apple)
G ( pickup_sports_ball -> X G ! pickup_bus ),G(pickup_sports_ball -> G(!pickup_bus))
G(( sensor_captures_data & motorbike_falls_down ) -> G( semaphore_is_yellow & train_stops )),G((sensor_captures_data & motorbike_falls_down) -> (semaphore_is_yellow & F(train_stops)))
F ( arch_2 & photo & F ( park_8 & G park_8 ) ),photo -> F (park_8 & G (park_8))
G F car_3 & F building_2,G((!building_2) -> car_3)
G(( engine_stops | table_is_brown ) -> G( car_starts & manager_collect_claims )),G((engine_stops | table_is_brown) -> (car_starts & manager_collect_claims))
capture_orange & G ( ! ( drop_orange ) ),G(capture_orange & G(!drop_orange))
G(( semaphore_is_yellow ) -> G( semaphore_is_green | house_collapses )),G(semaphore_is_green | (semaphore_is_yellow -> F(house_collapses)))
G ( ! ( drop_apple ) ) U F ( reach_flag ),G(!(drop_apple) U reach_flag)
! G ( ! ( deliver_truck_loading_dock & X deliver_truck_loading_dock ) ),G(deliver_truck_loading_dock | X(deliver_truck_loading_dock) | X(X(deliver_truck_loading_dock)))
go_home U ( G ( F record_unsafe_civilian ) ),G(go_home -> (!go_home U G(F(record_unsafe_civilian))))
F ( house_3 & F ( p_pass_2 & F ( office_2 & pd ) ) ) & ! street_5 U p_pass_2,G((!p_pass_2) -> (!street_5)) & G((p_pass_2 & house_3) -> F(pd & office_2))
F ( pass_by_waste_receptacle ) -> F ( grab_orange ),G(pass_by_waste_receptacle -> grab_orange)
G ( F ( grab_tree ) ) | G ( ! ( drop_orange ) ),G(grab_tree -> F(grab_tree)) & G(!drop_orange)
G(!( constructor_creates_instances | table_is_old )) | F(( constructor_creates_instances | table_is_old ) & F( engine_breaks | car_enters )),!(constructor_creates_instances | table_is_old) | F((constructor_creates_instances | table_is_old) & F(engine_breaks | car_enters))
( photo_person_northwest_8th_street U get_help ) | G photo_person_northwest_8th_street,photo_person_northwest_8th_street R get_help
G(( car_enters | train_has_arrived ) -> G( brake_is_released & bar_has_to_be_repaired )),G((car_enters | train_has_arrived) -> (brake_is_released & bar_has_to_be_repaired))
F ( venture_flag ) & ! ( let_go_orange ),G(!(venture_flag) -> G(!(let_go_orange)))
( record_cyclist_southwest_6th_street U change_light_west_yellow ),!record_cyclist_southwest_6th_street | F(record_cyclist_southwest_6th_street & F(change_light_west_yellow))
!p_cone_2 U intersection_4,G(!(p_cone_2) U intersection_4)
G ! street_7 & F ( store_9 & F ( p_package_3 & F ( house_1 & pd ) ) ),G((p_package_3 & store_9 & !house_1) -> !street_7)
G ( record_motorcycle_north_10th_avenue -> X G ! record_car_northwest_6th_street ),G(record_motorcycle_north_10th_avenue -> G(!record_car_northwest_6th_street))
G(!( brake_is_released & bar_is_up )) | F(( brake_is_released & bar_is_up ) & F( train_has_arrived & bar_is_down )),F((brake_is_released & bar_is_up) & F(train_has_arrived & F(bar_is_down)))
park_1 U table_3,G(table_3 -> G(!park_1))
F ( warehouse_3 & F ( p_package_2 & F ( house_1 & pd & photo ) ) ),F(warehouse_3 & p_package_2 & F(house_1 & pd & photo))
F ( get_pear ) & gather_apple,G((get_pear & gather_apple) -> get_pear)
G(!( house_is_open & elevator_rises )) | F(( house_is_open & elevator_rises ) & F( bar_has_to_be_repaired | table_is_old )),F(house_is_open & elevator_rises & F(bar_has_to_be_repaired | table_is_old))
G ( photo_jaywalker_northwest_7th_avenue -> X G ! photo_car_north_4th_avenue ),G(photo_jaywalker_northwest_7th_avenue -> G(!photo_car_north_4th_avenue))
F ( snatch_pear ) -> hold_on_to_pear,G(snatch_pear -> hold_on_to_pear)
G(( car_enters | train_has_arrived ) -> G( brake_is_released | escalator_is_blocked )),G((car_enters | train_has_arrived) -> (brake_is_released | escalator_is_blocked))
G ( pickup_laptop -> F deliver_teddy_bear_shelf ) -> G F get_help,G((pickup_laptop -> F(deliver_teddy_bear_shelf)) -> G(F(get_help)))
G ( hold_onto_orange ) | F ( go_near_pear ),G(hold_onto_orange | go_near_pear)
<>(house_5&&<>(p_box_4&&<>(office_2&&pd))),G((pd & house_5 & p_box_4) -> F(office_2))
F ( go_to_transh_can ) | ! ( let_go_orange ),G((go_to_transh_can) -> F(let_go_orange))
F photo_pedestrian_north_1st_avenue & F photo_jaywalker_south_3rd_avenue,F(photo_pedestrian_north_1st_avenue & F(photo_jaywalker_south_3rd_avenue))
! intersection_1 U street_6 & F ( street_2 & F ( p_cone_3 & F ( intersection_1 & pd ) ) ),G((!intersection_1) U street_6) & G(street_6 -> F(p_cone_3))
( F change_light_north_yellow ) -> ( ! change_light_north_yellow U ( photo_car_southwest_3rd_street & ! change_light_north_yellow ) ),G(change_light_north_yellow -> F(photo_car_southwest_3rd_street))
G ( F ( go_to_pear ) ) | move_to_house,G(F(go_to_pear ) | F(move_to_house ))
G F get_help -> G F record_motorcycle_southwest_8th_avenue,G(F(get_help ) -> G(F(record_motorcycle_southwest_8th_avenue )))
G ( ( deliver_dining_table_shelf <-> pickup_banana ) -> ( pickup_banana <-> pickup_bus ) ),G((deliver_dining_table_shelf & pickup_banana) -> (pickup_banana & pickup_bus))
G(( bar_has_to_be_repaired | bar_is_up ) -> G( semaphore_is_green | sensor_retrieves_data )),G((bar_has_to_be_repaired | bar_is_up) -> (semaphore_is_green | sensor_retrieves_data))
photo_motorcycle_south_4th_street U ( G ( F photo_collision_south_6th_avenue ) ),photo_motorcycle_south_4th_street R F G photo_collision_south_6th_avenue
<>(arch_4&&photo)&&[]!park_2,photo & G(!park_2)
G ( hold_on_pear ) | F ( make_to_flag ),G(hold_on_pear | make_to_flag)
venture_towards_house & secure_apple,F(venture_towards_house & secure_apple)
F ( migrate_to_tree ) & G ( F ( grab_tree ) ),G(migrate_to_tree -> F(grab_tree))
F ( pick_up_apple ) & collect_pear,G(pick_up_apple & collect_pear)
G ( F ( grab_tree ) ) -> F ( stop_by_house ),G(grab_tree -> stop_by_house)
G(( brake_is_pressed | elevator_is_blocked ) -> G( escalator_moves & bar_is_closing )),G((brake_is_pressed | elevator_is_blocked) -> (escalator_moves & bar_is_closing))
G(!( semaphore_is_yellow & bridge_closes )) | F(( semaphore_is_yellow & bridge_closes ) & F( car_starts & semaphore_is_red )),!(semaphore_is_yellow & bridge_closes) | F((semaphore_is_yellow & bridge_closes) & F(car_starts & semaphore_is_red))
G(!( engine_stops & sensor_gathers_information )) | F(( engine_stops & sensor_gathers_information ) & F( table_is_brown & escalator_moves )),F((engine_stops & sensor_gathers_information) & F(table_is_brown & escalator_moves))
( deliver_aid_injured_victim U communicate_injured_victim ),deliver_aid_injured_victim -> F(communicate_injured_victim)
[]<>street_4,G(street_4)
F G ! deliver_scissors_shelf,G(!deliver_scissors_shelf )
G ( touch_flag ) U gather_orange,touch_flag U gather_orange
G(( brake_is_released | motorbike_has_started ) -> G( semaphore_is_yellow )),G((brake_is_released | motorbike_has_started) -> semaphore_is_yellow)
( F pickup_motorbike ) -> ( ! pickup_motorbike U ( pickup_traffic_light & ! pickup_motorbike ) ),G(pickup_motorbike -> (!pickup_motorbike U pickup_traffic_light))
! park_9 U ( gate_7 & photo ),G(!(park_9) U (gate_7 & photo))
( F photo_injured_civilian ) -> ( ! photo_injured_civilian U ( photo_safe_rescuer & ! photo_injured_civilian ) ),G(photo_injured_civilian  -> (!photo_safe_rescuer  U photo_safe_rescuer ))
F ( monument_3 & photo & F ( pathway_8 & G pathway_8 ) ),photo -> F(pathway_8 & G(pathway_8))
locality_1 U intersection_4 & F ( warehouse_9 & F ( p_package_5 & F ( store_2 & pd ) ) ),(locality_1 U intersection_4) & G(intersection_4 -> F(p_package_5 & F(store_2)))
G F get_help -> G F photo_car_west_8th_avenue,G(F(get_help) -> F(photo_car_west_8th_avenue))
G(!( house_is_open & elevator_rises )) | F(( house_is_open & elevator_rises ) & F( sensor_gathers_information )),F (house_is_open & elevator_rises & F (sensor_gathers_information))
G(( semaphore_is_green | bar_is_up ) -> G(!( motorbike_has_stopped & car_starts ))),G(!(motorbike_has_stopped & (semaphore_is_green | bar_is_up) & F(car_starts)))
G(( house_is_open & motorbike_has_started ) -> G( elevator_falls & engine_starts )),G(elevator_falls & (!house_is_open | !motorbike_has_started | F(engine_starts)))
( F go_home ) -> ( ! go_home U ( get_help & ! go_home ) ),G(go_home -> !get_help)
F ( go_past_house ) U F ( go_to_tree ),G(go_past_house -> go_to_tree)
G ( F ( make_way_to_house ) ) & G ( hold_onto_orange ),G(make_way_to_house) & G(hold_onto_orange)
locality_6 U ( store_8 & F ( p_package_3 & F ( house_5 & pd ) ) ),locality_6 U (store_8 & p_package_3 & house_5)
G(!( motorbike_catches_fire & engine_starts )) | F(( motorbike_catches_fire & engine_starts ) & F( car_starts | semaphore_is_broken )),F((motorbike_catches_fire & engine_starts) & F(car_starts | semaphore_is_broken))
!landmark_5 U park_5&&<>(landmark_5&&photo),G((!park_5) U (park_5 & F(photo & landmark_5)))
( G prop_2 & ( prop_1 <-> prop_3 ) ),G(prop_2 ) & G(prop_1 <-> prop_3 )
( prop_1 | F prop_2 ),G(prop_1 | prop_2)
( prop_1 & F prop_2 ),G((prop_2 ) -> (prop_1 ))
F ( prop_1 & F prop_2 ),F(prop_1 ) & F(prop_2 )
( prop_1 & G ( F prop_2 ) ),G(prop_1 ) & G(prop_2 )
F ( prop_1 | G ( F prop_2 ) ),G(prop_1 ) | G(prop_2 )
( ( prop_1 -> prop_2 ) -> F prop_3 ),G(prop_1 -> (prop_2 & F(prop_3)))
( ( ( prop_2 -> prop_4 ) <-> prop_3 ) & prop_1 ),G((prop_2 -> F(prop_4)) <-> prop_3) & prop_1
( prop_1 -> F prop_2 ),F (prop_2 )
( F ( prop_1 <-> prop_2 ) <-> prop_3 ),G((prop_1 <-> prop_2) -> (prop_3 <-> prop_3))
G ( F prop_1 & prop_2 ),G(prop_1 & prop_2)
( ( ! prop_3 -> prop_1 ) & prop_2 ),G(!prop_3 -> (prop_1 & prop_2))
F ( prop_1 U prop_2 ),prop_1 U prop_2
( F prop_1 -> prop_2 ),G(prop_1 -> prop_2)
G ( ( prop_2 | prop_1 ) -> F prop_3 ),G((prop_2 | prop_1) -> prop_3)
( G prop_2 <-> ( prop_1 -> prop_3 ) ),G(prop_2 ) <-> (prop_1  -> F(prop_3 ))
( ( prop_1 <-> prop_2 ) -> G prop_3 ),G((prop_1 <-> prop_2) -> prop_3)
( ( prop_4 U prop_3 ) -> ( prop_2 -> prop_1 ) ),G((prop_4 & !prop_3) -> (prop_2 -> prop_1))
F prop_1,G(prop_1 )
G ( prop_1 U prop_2 ),prop_1 U prop_2
( ( ! prop_1 & prop_2 ) -> prop_3 ),G((!(prop_1 & prop_2)) -> prop_3)
G ( ( prop_3 | prop_4 ) -> ( prop_1 U prop_2 ) ),G((prop_3 | prop_4) -> (!prop_2 U prop_1))
( ( G ( prop_1 ) & prop_2 ) & ! prop_3 ),G(prop_1 ) & F(prop_2 ) & G(!prop_3 )
F ( prop_1 | F prop_2 ),G(prop_1 -> prop_2)
( ! prop_3 | ( prop_2 <-> prop_1 ) ),G(! (prop_3)) | (prop_2 <-> prop_1)
( F prop_3 | ( prop_2 -> prop_1 ) ),F(prop_3) | G(prop_2 -> prop_1)
( ( prop_1 -> prop_2 ) & prop_3 ),G(prop_1 -> (prop_2 & prop_3))
G ( prop_1 -> F ( G prop_2 ) ),G(prop_1 -> F(prop_2))
G ( ( prop_1 | prop_2 ) -> G ( F prop_3 ) ),G((prop_1 | prop_2) -> F(prop_3))
( prop_1 | G ( F prop_2 ) ),prop_1 | G(prop_2 )
F ( prop_1 | G prop_2 ),F(prop_1 ) | G(prop_2 )
! ( F prop_1 | F prop_2 ),G(!prop_1 ) | G(prop_2 )
( ( prop_3 & prop_2 ) -> G prop_1 ),G((prop_3 & prop_2) -> G(prop_1 ))
( F prop_1 -> ( prop_3 <-> prop_2 ) ),G(prop_1 -> (prop_3 <-> prop_2))
( ( ( prop_2 <-> prop_1 ) -> prop_4 ) | prop_3 ),G((prop_2 <-> prop_1) -> prop_4) | G(!(prop_2 <-> prop_1) -> prop_3)
G ( ! prop_1 & F prop_2 ),G(!prop_1 ) & F(prop_2 )
G ( prop_2 -> ( prop_3 & prop_1 ) ),G((prop_2 ) -> (G(! (prop_3 )) & (prop_1 )))
( ( ( prop_3 | prop_1 ) <-> prop_4 ) & prop_2 ),G(((prop_3 | prop_1) <-> prop_4) & prop_2)
F ( prop_1 U F prop_2 ),G((prop_1 ) U (prop_2 ))
( ( ( prop_4 & prop_1 ) & prop_3 ) | prop_2 ),G((prop_4  & prop_1  & prop_3 ) -> prop_2 )
( G prop_1 -> ( prop_3 & prop_2 ) ),G(prop_1 -> F(prop_3 & prop_2))
( ! prop_1 U ( prop_2 <-> prop_3 ) ),G((!prop_1 U prop_2) <-> prop_3)
( ( prop_1 & prop_2 ) & ( prop_3 & prop_4 ) ),G((prop_1 & prop_2) -> (prop_3 & prop_4))
( prop_4 & ( prop_3 -> prop_2 ) & ! prop_1 ),G((prop_3 ) -> (prop_2 )) & G(!prop_1 )
( ( ( prop_3 U prop_1 ) -> prop_2 ) | prop_4 ),G((prop_3 -> (prop_3 U prop_1)) -> (prop_2 | prop_4))
( ( prop_2 | prop_1 ) | ! prop_3 ),prop_2 | prop_1 | G(!prop_3)
( G prop_1 U F prop_2 ),G(prop_2 -> !prop_1)
( ( prop_2 <-> prop_3 ) -> F prop_1 ),G((prop_2 <-> prop_3) -> F(prop_1))
( ( prop_2 <-> prop_3 ) & ( prop_1 | prop_4 ) ),G((prop_2 <-> prop_3) & (prop_1 | prop_4))
( ( prop_3 -> prop_4 ) <-> ( prop_2 & prop_1 ) ),G((prop_3 ) -> (prop_4 <-> (prop_2 & prop_1 )))
( ( prop_2 <-> prop_1 ) U ! prop_3 ),G((prop_1 <-> prop_2) U !prop_3)
( F prop_3 | ( prop_1 | prop_2 ) ),F(prop_3 ) | F(prop_1 ) | F(prop_2 )
G ( ! prop_1 | F prop_2 ),G(!prop_1 ) | F(prop_2 )
( ! ( prop_3 & prop_1 ) -> prop_2 ),G((!(prop_3 ) & !(prop_1 )) -> (prop_2 ))
F ( prop_2 & prop_1 ),G(prop_2 & prop_1)
( prop_2 U prop_1 ),prop_2 -> F(prop_1)
( ( prop_3 | prop_2 ) | ! prop_1 ),(prop_3 | prop_2) | G(!prop_1)
( ( prop_4 U prop_1 ) & ( prop_3 -> prop_2 ) ),G((!prop_1) -> (prop_4 & (prop_3 -> F(prop_2))))
( ( prop_1 & prop_3 ) -> ! prop_2 ),G((prop_1 & prop_3) -> G(!prop_2))
G ( ( prop_3 & prop_1 ) -> G prop_2 ),G((prop_3 & prop_1) -> G(!prop_2))
( ( ( prop_3 | prop_4 ) U prop_1 ) & prop_2 ),F((prop_3 | prop_4) U (prop_1 & prop_2))
( ( prop_3 U prop_1 ) -> ! prop_2 ),G((prop_3 U prop_1) -> G(!prop_2))
( ( prop_2 | prop_1 ) | ( prop_4 & prop_3 ) ),G((prop_2 | prop_1) | F(prop_4 & prop_3))
G ( ( prop_3 & prop_2 ) -> G ( F prop_1 ) ),G((prop_2 & !prop_3) -> G(F(prop_1)))
( ( prop_1 U prop_3 ) | ! prop_2 ),(prop_1 U prop_3) | G(!prop_2)
( ( ( prop_2 -> prop_1 ) | prop_4 ) | prop_3 ),G(prop_2 -> prop_1) | prop_4 | prop_3
( ( prop_3 -> prop_2 ) U ( prop_1 <-> prop_4 ) ),G((prop_3) -> ((prop_2) U (prop_1 <-> prop_4)))
( ( prop_2 -> prop_1 ) -> ! prop_3 ),G((prop_2 ) -> (prop_1 )) -> G(!(prop_3 ))
( G prop_1 -> F prop_2 ),G(prop_1 -> F(prop_2))
G ( ( prop_1 | prop_3 ) -> prop_2 ),G((!prop_1 | prop_3) -> prop_2)
( G ( prop_1 | prop_2 ) & prop_3 ),G((prop_1 | prop_2) -> prop_3)
( ( ( prop_3 <-> prop_1 ) | prop_4 ) & prop_2 ),G((prop_3 <-> prop_1) | (prop_4 & prop_2))
( ( prop_4 <-> prop_2 ) U ( prop_1 -> prop_3 ) ),G((prop_4 -> prop_2) -> G(prop_1 <-> prop_3))
( ( prop_4 & prop_2 ) | ( prop_1 -> prop_3 ) ),G(((prop_4 & prop_2) | prop_1) -> prop_3)
( ( prop_3 -> prop_1 ) & G prop_2 ),G(prop_3 -> prop_1) & G(prop_2)
( prop_2 -> ( prop_1 U prop_3 ) ),G(prop_2 -> (prop_1 U prop_3))
( ! ( prop_2 & prop_3 ) U prop_1 ),G((prop_1) -> ((! (prop_2 & prop_3)) R prop_1))
( ( prop_1 & prop_2 ) & ! prop_3 ),G((prop_1 & prop_2) & !prop_3)
( prop_1 U F prop_2 ),prop_1 U prop_2
( ( prop_3 <-> prop_2 ) & ( prop_1 <-> prop_4 ) ),G((prop_3 <-> prop_2) & (prop_1 <-> prop_4))
F ( prop_1 | G ( ! prop_2 ) ),F(prop_1 ) | G(!prop_2 )
F ( prop_1 | prop_2 ),prop_1 | prop_2
( prop_1 -> G prop_2 ),prop_1 -> prop_2
( ( prop_1 U prop_3 ) & ! prop_2 ),G(prop_1 -> (!prop_2 U prop_3))
G ( prop_1 | ! prop_2 ),G(prop_1 ) | G(!prop_2 )
( ( ( prop_3 & prop_4 ) & prop_1 ) -> prop_2 ),G((prop_3 & prop_4 & prop_1) -> F(prop_2))
( F prop_2 -> ( prop_1 -> prop_3 ) ),G((prop_2) -> G((prop_1) -> (prop_3)))
( ( prop_2 <-> prop_3 ) & ( prop_1 -> prop_4 ) ),G(((prop_2 <-> prop_3) & prop_1) -> prop_4)
( ( prop_3 -> prop_2 ) & F prop_1 ),G((prop_3 ) -> (prop_2 )) & G((prop_3 ) -> F(prop_1 ))
( F prop_1 -> F prop_2 ),G(prop_1 -> F(prop_2))
( G prop_3 -> ( prop_2 -> prop_1 ) ),G(prop_3 -> G(prop_2 -> prop_1))
( G prop_3 -> ( prop_1 | prop_2 ) ),G(prop_3 -> F(prop_1 | prop_2))
( ! prop_3 <-> ( prop_2 <-> prop_1 ) ),G((!prop_3 ) <-> (prop_1 <-> prop_2 ))
( ( ( prop_2 | prop_1 ) | prop_4 ) U prop_3 ),G((prop_2 | prop_1 | prop_4) -> (prop_3 U (prop_2 | prop_1 | prop_4)))
F ( prop_1 & ! ( F prop_2 ) ),G((prop_1 ) -> ! (prop_2 ))
( prop_1 -> G ( ! prop_2 ) ),G(prop_1 -> G(!prop_2))
G ( ( prop_1 | prop_2 ) -> F ( G prop_3 ) ),G((prop_1 | prop_2) -> F(prop_3))
( F prop_1 -> G ( ! prop_2 ) ),G(prop_1 -> G(!prop_2))
( prop_1 & prop_2 ),G(prop_1 & prop_2)
( ( ( prop_3 & prop_2 ) U prop_4 ) <-> prop_1 ),G(((prop_3 & prop_2) U prop_4) -> prop_1)
G ( prop_2 -> ( prop_1 U prop_3 ) ),G(prop_2 -> (prop_1 R prop_3))
( ( ! prop_2 ) U prop_1 ),prop_1 R !prop_2
( ( prop_3 U prop_1 ) | ( prop_2 -> prop_4 ) ),G((prop_3 -> (prop_3 R prop_1)) & (prop_2 -> prop_4))
( ( ( prop_2 & prop_3 ) | prop_4 ) <-> prop_1 ),G(((prop_2 & prop_3) | prop_4) -> (prop_1))
G ( F prop_1 | F prop_2 ),G(prop_1) | G(prop_2)
( ! prop_2 <-> ( prop_3 & prop_1 ) ),G((! prop_2 ) <-> ( prop_3  &  prop_1 ))
( ( prop_4 U prop_2 ) <-> ( prop_1 | prop_3 ) ),G((prop_4 U prop_2) <-> (prop_1 | prop_3))
( G prop_1 -> prop_2 ),G(prop_1 -> prop_2)
( ( prop_1 & prop_2 ) & F prop_3 ),!prop_1 | F(prop_1 & F(prop_2 & F(prop_3)))
( ( F prop_1 & prop_3 ) <-> ! prop_2 ),F (prop_1 & prop_3) <-> G (!prop_2)
( ( ( prop_3 <-> prop_2 ) & prop_4 ) U prop_1 ),(prop_3 <-> prop_2) R prop_4
( ( ! prop_2 & prop_3 ) -> G prop_1 ),G((!prop_2 & prop_3) -> prop_1)
( ( ( prop_2 | prop_1 ) | prop_3 ) <-> prop_4 ),G((prop_2 | prop_1 | prop_3) -> prop_4)
( ( prop_2 -> prop_3 ) & ! prop_1 ),G(prop_2 -> (prop_3 & !prop_1))
( G prop_2 <-> ( prop_1 | prop_3 ) ),G(prop_2 -> (prop_1 | prop_3))
( ! prop_1 -> prop_2 ),G((!prop_1) -> prop_2)
( ( prop_2 -> prop_1 ) U ! prop_3 ),G((prop_2 ) -> (prop_1 U ! (prop_3 )))
( ( ( prop_3 & prop_1 ) U prop_2 ) & prop_4 ),G((prop_3 & prop_1) U prop_2) & G(prop_4)
( ! prop_2 U ( prop_1 & prop_3 ) ),!(prop_1 & prop_3) U (prop_1 & prop_3)
( ( ! prop_1 -> prop_2 ) | prop_3 ),(!prop_1  -> F(prop_2 )) | prop_3
F ( prop_1 & G ( F prop_2 ) ),G(prop_1 ) & G(prop_2 )
( ( prop_1 & prop_2 ) & ( prop_4 <-> prop_3 ) ),G((prop_1 & prop_2 ) -> (prop_4 <-> prop_3 ))
( ( ( prop_3 | prop_2 ) U prop_1 ) | prop_4 ),F((prop_3 | prop_2) & ((prop_3 | prop_2) U prop_1)) | prop_4
( ( ( prop_1 | prop_4 ) & prop_3 ) | prop_2 ),G(((prop_1 | prop_4) & prop_3) | prop_2)
( ( ( prop_1 <-> prop_2 ) & prop_4 ) -> prop_3 ),G(((prop_1 <-> prop_2) & prop_4) -> prop_3)
( ! prop_2 | ( F prop_3 <-> prop_1 ) ),G(!prop_2 ) | F(prop_3 <-> prop_1 )
( ( ! prop_1 <-> prop_2 ) & prop_3 ),G(!prop_1 -> (prop_2 <-> prop_3))
( ( ! prop_2 & prop_3 ) & prop_1 ),G((!prop_2 & prop_3) -> prop_1)
G ( F prop_1 & F prop_2 ),G(prop_2 -> prop_1)
( ! prop_3 & ( prop_2 <-> prop_1 ) ),G(!(prop_3 )) & G(prop_2 <-> prop_1 )
( F ( ! ( prop_2 <-> prop_1 ) ) -> prop_3 ),G(F(! (prop_2 <-> prop_1)) -> prop_3 )
( ( prop_3 -> prop_1 ) U ( prop_4 | prop_2 ) ),G((prop_3 ) -> (prop_1 U (prop_4 | prop_2 )))
( ( ( prop_4 | prop_3 ) <-> prop_2 ) -> prop_1 ),G((prop_2 <-> (prop_4 | prop_3)) -> prop_1)
( prop_1 U G ( F prop_2 ) ),prop_1 U G(prop_2)
( F prop_2 -> ( prop_1 | prop_3 ) ),F(prop_2 & F(prop_1 | prop_3))
( ( ( prop_4 -> prop_3 ) -> prop_2 ) -> prop_1 ),G((prop_4 -> (prop_3 -> prop_2)) -> prop_1)
( ! ( prop_1 & prop_3 ) & prop_2 ),G(!(prop_1 & prop_3 & prop_2))
G ( ( prop_1 & prop_3 ) -> ! ( F prop_2 ) ),G((prop_1 & prop_3) -> F(prop_2))
( ! prop_3 | ( prop_2 -> prop_1 ) ),G(!prop_3) & G(prop_2 -> prop_1)
( ! prop_2 -> ( prop_1 & prop_3 ) ),G(!prop_2 -> (prop_1 & prop_3))
( ( prop_2 U prop_1 ) <-> ! prop_3 ),((prop_2 U prop_1) <-> G(!prop_3))
( ( ( prop_4 <-> prop_1 ) U prop_3 ) -> prop_2 ),G(((prop_4 <-> prop_1) U prop_3) -> prop_2)
( ( prop_2 | prop_3 ) & ( prop_1 | prop_4 ) ),G((prop_2 | prop_3) -> (prop_1 | prop_4))
( ( prop_4 <-> prop_2 ) -> ( prop_3 <-> prop_1 ) ),G((prop_4 <-> prop_2) -> (prop_3 <-> prop_1))
( ( prop_3 | prop_4 ) -> ( prop_2 | prop_1 ) ),G((prop_3 | prop_4) -> (prop_2 | prop_1))
( ! prop_3 -> ( prop_1 | prop_2 ) ),G(!(prop_3) -> (prop_1 | prop_2))
( ( prop_2 U prop_3 ) -> ( prop_1 & prop_4 ) ),G((prop_2 U prop_3) -> F(prop_1 & prop_4))
( G ( prop_1 & prop_3 ) | prop_2 ),G((prop_1 & prop_3) | prop_2)
( ! prop_1 U ( prop_3 | prop_2 ) ),G(!(prop_1 ) U (prop_3  | prop_2 ))
( ( ( prop_2 U prop_1 ) <-> prop_3 ) -> prop_4 ),G(((prop_2 U prop_1) <-> prop_3) -> prop_4)
( F prop_3 <-> ( prop_2 | prop_1 ) ),F((prop_3 ) <-> (prop_2  | prop_1 ))
F ( prop_1 U G ( ! prop_2 ) ),prop_1 U G(!prop_2)
( ( ( prop_1 <-> prop_4 ) | prop_2 ) -> prop_3 ),G(((prop_1 <-> prop_4) | prop_2) -> prop_3)
( ( prop_1 -> prop_3 ) -> G prop_2 ),G((prop_1 -> prop_3) -> G(prop_2 ))
G ( prop_1 | F prop_2 ),G(prop_1 ) | G(prop_2 )
( G prop_2 | ( prop_3 -> prop_1 ) ),G(prop_2 ) | G(prop_3 -> prop_1 )
( ( prop_4 -> prop_1 ) <-> ( prop_3 -> prop_2 ) ),G((prop_4 ) -> (prop_1 )) <-> G((prop_3 ) -> (prop_2 ))
( ! prop_3 | ( prop_1 & prop_2 ) ),G(!prop_3) | F(prop_1 & prop_2)
( ( prop_2 & prop_1 ) U ! prop_3 ),G((prop_2 & prop_1) -> ((prop_2 & prop_1) R !prop_3))
( ! prop_1 & prop_2 ),G(!prop_1 -> prop_2)
( ( prop_3 <-> prop_2 ) & prop_1 ),G((prop_3 <-> prop_2) & prop_1)
( ( ! prop_1 U prop_2 ) & prop_3 ),(!prop_1 U prop_2) & G(prop_3 )
F ( prop_1 & G ( ! prop_2 ) ),F(prop_1 ) & G(!prop_2 )
( ( prop_1 | prop_3 ) | ! prop_2 ),(prop_1 | prop_3) | G(!prop_2)
( ( ( prop_4 <-> prop_2 ) -> prop_1 ) & prop_3 ),G((prop_4 <-> prop_2) -> (prop_1 & prop_3))
( ! ( prop_2 U prop_1 ) -> prop_3 ),G((!(prop_2 ) U prop_1 ) -> prop_3 )
( ! ( prop_2 U prop_1 ) <-> prop_3 ),!((!prop_1 U prop_2) <-> prop_3)
( ( ! prop_1 & prop_3 ) & prop_2 ),G(!(prop_1) & prop_3 & prop_2)
( F prop_1 -> G prop_2 ),G(prop_1 -> G(prop_2 ))
( ( ( prop_1 | prop_3 ) U prop_2 ) -> prop_4 ),G(((prop_1 | prop_3) U prop_2) -> prop_4)
G ( ( prop_3 & prop_2 ) -> F ( G prop_1 ) ),G((prop_3 & prop_2) -> F(prop_1))
( F ( prop_3 <-> prop_2 ) & prop_1 ),F (prop_3 <-> prop_2) & G prop_1
( ( prop_2 & prop_3 ) -> F prop_1 ),G((prop_2 & prop_3) -> F(prop_1))
( F prop_2 -> ( prop_1 & prop_3 ) ),prop_2 -> (prop_1 & prop_3)
( ( ( prop_4 | prop_2 ) -> prop_1 ) <-> prop_3 ),G(((prop_4 | prop_2) -> prop_1) <-> prop_3)
G ( ( prop_3 U prop_1 ) -> F ( G prop_2 ) ),G((prop_1 U prop_3) -> F(prop_2))
( ( ( prop_3 U prop_2 ) & prop_1 ) | prop_4 ),G((prop_3 -> (prop_3 U prop_2)) & (prop_1 | prop_4))
( ( prop_2 & prop_3 ) <-> G prop_1 ),G((prop_2 & prop_3) -> prop_1)
( ( ( prop_4 | prop_1 ) U prop_3 ) <-> prop_2 ),(prop_4 | prop_1) R prop_3 <-> prop_2
( G ( prop_1 -> prop_3 ) & prop_2 ),G((prop_1 ) -> (prop_3  & prop_2 ))
G ( ! prop_1 U G ( ! prop_2 ) ),G(!prop_2 ) U G(!prop_1 )
( ( prop_2 | prop_3 ) -> G prop_1 ),G((prop_2 | prop_3) -> G(prop_1 ))
! ( prop_1 | prop_2 ),G(!(prop_1 ) | !(prop_2 ))
! ( prop_1 | F prop_2 ),G(!prop_1) & G(prop_2 -> !prop_1)
prop_1,G(prop_1 )
( ( prop_3 <-> prop_1 ) -> prop_2 ),G((prop_3 <-> prop_1) -> prop_2)
( ( prop_2 | prop_3 ) & F prop_1 ),F(prop_2 | prop_3) & F(prop_1)
G ( ! prop_1 & prop_2 ),G(!(prop_1 )) & prop_2
F ( prop_1 & ! prop_2 ),prop_1 & !prop_2
( ( G prop_1 -> prop_3 ) | ! prop_2 ),G(prop_1 -> prop_3) | G(!prop_1 -> !prop_2)
( ( prop_2 & prop_3 ) & ( prop_4 -> prop_1 ) ),G(((prop_2 & prop_3) & prop_4) -> prop_1)
( ( prop_1 <-> prop_3 ) -> ! prop_2 ),G((prop_1 <-> prop_3) -> G(!prop_2))
( ( ( prop_2 U prop_1 ) & prop_3 ) & prop_4 ),G((prop_2 -> (prop_2 U prop_1)) & prop_3 & prop_4)
F ( prop_1 & G prop_2 ),F(prop_1 ) & G(prop_2 )
( ! ( prop_1 | prop_3 ) & prop_2 ),G(!(prop_1 | prop_3) & prop_2)
G ( F prop_1 U prop_2 ),prop_1 U prop_2
( G prop_3 -> ( prop_1 <-> prop_2 ) ),G(prop_3 -> (prop_1 <-> prop_2))
( ( prop_1 U prop_2 ) -> prop_3 ),G((prop_1) -> (prop_2 U prop_3))
( ! prop_2 <-> ( prop_3 -> prop_1 ) ),G(!prop_2 ) <-> (prop_3  -> F(prop_1 ))
G ( prop_1 | G prop_2 ),G(prop_1 ) | G(prop_2 )
( ! ( prop_3 | prop_1 ) -> prop_2 ),G((!(prop_3 ) | prop_1 ) -> prop_2 )
( ( ! prop_3 | prop_2 ) U prop_1 ),G((( !prop_3 | prop_2 ) -> ( (prop_1) R (( !prop_3 | prop_2 )) )))
( ( prop_2 | prop_1 ) -> ( prop_3 -> prop_4 ) ),G((prop_1 | prop_2) -> G(prop_3 -> F(prop_4)))
( ( ( prop_3 U prop_1 ) | prop_4 ) & prop_2 ),G((prop_1 | prop_4 ) -> (prop_3 & prop_2 ))
( ( prop_2 -> prop_1 ) <-> ( prop_3 U prop_4 ) ),G(prop_2 -> prop_1) & G(prop_1 -> (prop_3 U prop_4))
( ! ( prop_3 & prop_1 ) <-> prop_2 ),((!prop_3 & !prop_1) <-> prop_2)
( ( ( prop_2 & prop_3 ) U prop_4 ) -> prop_1 ),G(((prop_2 & prop_3) U prop_4) -> prop_1)
( ( prop_4 -> prop_2 ) & ( prop_1 -> prop_3 ) ),G(prop_4 -> prop_2) & G(prop_1 -> prop_3)
! ( ( prop_3 & prop_1 ) | prop_2 ),G(!(prop_3 & prop_1) | prop_2)
( ( ( prop_3 <-> prop_2 ) -> prop_1 ) -> prop_4 ),G((prop_3 <-> prop_2) -> (prop_1 -> prop_4))
! ( prop_1 U F prop_2 ),G(!(prop_1 ) U prop_2 )
( ( ( prop_2 | prop_4 ) -> prop_3 ) & prop_1 ),G(((prop_2 ) | (prop_4 )) -> ((prop_3 ) & (prop_1 )))
( ( ( prop_4 -> prop_2 ) & prop_3 ) <-> prop_1 ),G((prop_4 ) -> ((prop_2 ) & (prop_3 ) <-> (prop_1 )))
( ! ( prop_3 -> prop_1 ) | prop_2 ),G(!(prop_3 -> F(prop_1)) | prop_2)
( ( ( prop_4 -> prop_2 ) U prop_1 ) | prop_3 ),G(prop_4 -> (prop_2 U prop_1)) | G(!prop_4 -> prop_3)
( ( ( prop_3 -> prop_2 ) & prop_1 ) | prop_4 ),G((prop_3 ) -> ((prop_2 ) & (prop_1 )) | (prop_4 ))
( ( G prop_1 <-> prop_3 ) | ! prop_2 ),G(prop_1 -> (prop_3 <-> !prop_2))
! ( prop_1 & F prop_2 ),G(!(prop_1 )) & G(prop_2 )
( ! prop_1 -> ( prop_2 U prop_3 ) ),G(!prop_1 -> (prop_2 U prop_3))
G ( ! prop_1 | G prop_2 ),G(!prop_1 ) | G(prop_2 )
( ( ( prop_4 <-> prop_2 ) U prop_3 ) | prop_1 ),((prop_2 R prop_3) <-> prop_4) | prop_1
( G ( F prop_1 ) -> F prop_2 ),G(prop_2 -> F(prop_1))
( ( ( prop_4 U prop_3 ) -> prop_2 ) -> prop_1 ),(prop_4 U prop_3) & G(prop_3 -> (prop_2 & prop_1))
( F ( prop_2 & prop_3 ) -> prop_1 ),F(prop_2 & prop_3 & F(prop_1))
G ( ( prop_3 & prop_2 ) -> ! ( G prop_1 ) ),G((prop_3 & prop_2) -> G(!prop_1))
F ( prop_1 U G prop_2 ),F(prop_1 & G(prop_2))
( G ( ! prop_1 ) -> prop_2 ),G(!prop_1 -> prop_2)
( ( prop_1 <-> prop_2 ) & F prop_3 ),G(prop_1 <-> prop_2) & F(prop_3)
G ( prop_1 | G ( F prop_2 ) ),G(prop_1 ) | G(prop_2 )
( ( prop_1 & prop_3 ) -> prop_2 ),G((prop_1 & prop_3) -> prop_2)
( ! prop_3 -> ( prop_2 <-> prop_1 ) ),G((!prop_3) -> (prop_2 <-> prop_1))
( ( prop_3 -> prop_1 ) & ( prop_2 | prop_4 ) ),G(prop_3 -> (prop_1 & (prop_2 | prop_4)))
( ( prop_2 & prop_4 ) U ( prop_3 -> prop_1 ) ),G((prop_2 & prop_4) -> ((prop_2 & prop_4) U (prop_3 & F(prop_1))))
( G prop_3 <-> ( prop_2 <-> prop_1 ) ),G(prop_3 <-> (prop_2 <-> prop_1))
( ! ( prop_1 | prop_3 ) <-> prop_2 ),((G(!(prop_1 | prop_3))) <-> (prop_2))
( ( prop_4 <-> prop_1 ) -> ( prop_2 U prop_3 ) ),G((prop_4 <-> prop_1) -> (prop_2 U prop_3))
( ( prop_1 <-> prop_3 ) | ( prop_2 -> prop_4 ) ),G(((prop_1 <-> prop_3) | prop_2) -> prop_4)
( ( ( prop_3 & prop_4 ) U prop_2 ) | prop_1 ),G((prop_3 & prop_4) -> ((prop_3 & prop_4) U prop_2)) | prop_1
! ( ( prop_3 -> prop_2 ) U prop_1 ),!((F(prop_3 ) -> (prop_2 ) U (prop_1 )))
( ( prop_3 & prop_2 ) & G prop_1 ),G((prop_3 & prop_2) -> prop_1)
! ( F prop_1 & F prop_2 ),G(!prop_1 ) & F(prop_2 )
( ( ( prop_1 -> prop_4 ) | prop_2 ) <-> prop_3 ),G((prop_1 -> prop_4) & (!prop_1 -> prop_2) -> prop_3)
( ( prop_2 | prop_1 ) U ( prop_4 -> prop_3 ) ),G((prop_2 | prop_1) -> ((prop_2 | prop_1) U (prop_4 & X(prop_3))))
( F prop_1 -> ! prop_2 ),G(prop_1 -> !prop_2)
( ! prop_1 -> F prop_2 ),G(prop_2 -> !prop_1)
G ( ( prop_1 | prop_3 ) -> ! ( G prop_2 ) ),G((prop_1 | prop_3) -> !prop_2)
( ( prop_1 U prop_4 ) & ( prop_3 <-> prop_2 ) ),G((prop_1 U prop_4) & (prop_3 <-> prop_2))
( G ( prop_1 <-> prop_3 ) | prop_2 ),G((prop_1 <-> prop_3) | prop_2)
( ! ( prop_3 <-> prop_2 ) <-> prop_1 ),G((prop_1 -> (prop_3 <-> !prop_2)) & (!prop_1 -> !(prop_3 <-> !prop_2)))
( ( prop_2 | prop_1 ) U ! prop_3 ),(prop_2) U (prop_1 | prop_3)
( ( prop_4 & prop_3 ) <-> ( prop_2 | prop_1 ) ),G((prop_4 & prop_3) <-> (prop_2 | prop_1))
( ( ( prop_4 | prop_3 ) | prop_2 ) -> prop_1 ),G((prop_4 | prop_3 | prop_2) -> (prop_1))
G ( ( prop_2 & prop_3 ) -> ! prop_1 ),G((!prop_2 & prop_3) -> !prop_1)
( ( prop_3 U prop_2 ) -> ( prop_1 | prop_4 ) ),G((prop_3 U prop_2) -> F(prop_1 | prop_4))
( ( prop_1 | prop_2 ) -> ! prop_3 ),G((prop_1 | prop_2) -> G(!prop_3))
( ( ( prop_1 U prop_4 ) -> prop_2 ) & prop_3 ),G((prop_1 -> (prop_1 U prop_4)) -> (prop_2 & prop_3))
G ( F prop_1 U F prop_2 ),prop_1 U G(prop_2)
( ( prop_1 & prop_2 ) -> ( prop_3 & prop_4 ) ),G((prop_1 & prop_2) -> (prop_3 & prop_4))
( F prop_1 | ( prop_3 & prop_2 ) ),F(prop_1 ) | G(prop_3  & prop_2 )
( G ( ! prop_3 -> prop_1 ) | prop_2 ),G((! prop_3 ) -> prop_1 ) & G((prop_3 ) -> prop_2 )
( G ( ! ( prop_1 & prop_3 ) ) & prop_2 ),G(!(prop_1 & prop_3) & prop_2 )
( G ( prop_3 -> prop_1 ) <-> prop_2 ),G((prop_2 ) -> (G(prop_3 ) -> G(prop_1 )))
G ( prop_1 U F prop_2 ),prop_1 U prop_2
! prop_1,G(!prop_1)
( ( ( prop_4 U prop_2 ) | prop_1 ) <-> prop_3 ),G((((prop_4 U prop_2) | prop_1) <-> prop_3 ))
F ( prop_1 | ! prop_2 ),G(prop_1 | !prop_2)
( ( ! prop_3 U prop_2 ) | prop_1 ),F((!prop_3 ) U prop_2 ) | prop_1
( ( prop_4 -> prop_1 ) -> ( prop_3 <-> prop_2 ) ),G((prop_4 -> prop_1) -> G(prop_3 <-> prop_2))
( ! ( prop_3 | prop_2 ) | prop_1 ),G(!(prop_3 | prop_2) | prop_1)
( F prop_2 <-> ( prop_3 -> prop_1 ) ),F((prop_2 ) <-> (prop_3  & X(prop_1 )))
( F prop_1 <-> ( prop_2 <-> prop_3 ) ),F(prop_1) & G((prop_2 <-> prop_3))
G ( ! prop_1 U F prop_2 ),G(!(prop_1 ) U G(prop_2 ))
( ( prop_3 -> prop_2 ) -> ( prop_1 -> prop_4 ) ),G(prop_3 -> prop_2) & G(prop_1 -> prop_4)
( ( ( prop_4 U prop_3 ) <-> prop_2 ) & prop_1 ),G((prop_4 ) U (prop_3 )) <-> (prop_2 ) & (prop_1 )
( ( prop_3 -> prop_4 ) U ( prop_1 -> prop_2 ) ),G((prop_1) -> (prop_2 U (prop_3 & prop_4)))
( ( prop_4 & prop_3 ) -> ( prop_2 -> prop_1 ) ),G((prop_4 & prop_3) -> (prop_2 -> prop_1))
( ( prop_4 -> prop_3 ) <-> ( prop_2 <-> prop_1 ) ),((prop_4 -> prop_3) <-> (prop_2 -> prop_1))
( G ( prop_2 | prop_3 ) | prop_1 ),G(prop_2 | prop_3) | G(prop_1)
( ( prop_2 | prop_3 ) & prop_1 ),G((prop_2 | prop_3) -> prop_1)
( ( prop_1 <-> prop_4 ) -> ( prop_3 -> prop_2 ) ),G((prop_1 <-> prop_4) -> (prop_3 -> prop_2))
( ( prop_2 & prop_4 ) U ( prop_3 <-> prop_1 ) ),G((prop_2 & prop_4) -> ((prop_3 <-> prop_1) R (prop_2 & prop_4)))
G ( prop_1 | G ( ! prop_2 ) ),G(prop_1 ) | G(!prop_2 )
( ( ! prop_3 -> prop_1 ) | F prop_2 ),G((!prop_3) -> prop_1) | F(prop_2)
( ! ( prop_3 -> prop_1 ) <-> prop_2 ),!(G(prop_3 -> (prop_1 <-> prop_2)))
( ( ( prop_3 <-> prop_1 ) -> prop_4 ) U prop_2 ),G((prop_3 <-> prop_1) -> (prop_4 U prop_2))
( ( ( prop_3 -> prop_2 ) & prop_1 ) -> prop_4 ),G((prop_3 ) -> (prop_2 )) & G((prop_1 ) -> (prop_4 ))
( ( prop_1 -> prop_2 ) & ( prop_3 <-> prop_4 ) ),G(prop_1 -> (prop_2 & G(prop_3 <-> prop_4)))
( ( ( prop_3 <-> prop_4 ) U prop_2 ) & prop_1 ),F((prop_3 <-> prop_4) U prop_2) & prop_1
! ( ( prop_2 U prop_1 ) & prop_3 ),!(prop_2 U (prop_1 & prop_3))
( ( prop_4 & prop_3 ) -> ( prop_2 | prop_1 ) ),G((prop_4 & prop_3) -> F(prop_2 | prop_1))
( ( prop_4 & prop_1 ) -> ( prop_3 <-> prop_2 ) ),G((prop_4 & prop_1) -> (prop_3 <-> prop_2))
( prop_1 & G prop_2 ),G(prop_1 -> G(prop_2))
G ( F prop_1 -> prop_2 ),F(prop_1 -> prop_2)
( ( ( prop_4 | prop_1 ) -> prop_2 ) -> prop_3 ),G((prop_4 | prop_1) -> (prop_2 & F(prop_3)))
( G ( F prop_1 ) -> prop_2 ),G(prop_1 -> F(prop_2))
( ( ( prop_2 U prop_3 ) & prop_1 ) <-> prop_4 ),(G(prop_2 U prop_3) & prop_1) <-> prop_4
( ( prop_1 | prop_2 ) U ( prop_3 & prop_4 ) ),G(((prop_1 | prop_2) -> ((prop_1 | prop_2) U (prop_3 & prop_4))))
( ( ( prop_1 -> prop_2 ) U prop_3 ) <-> prop_4 ),G((prop_1 & prop_2) U prop_3) <-> prop_4
( ( prop_2 -> prop_3 ) -> ( prop_1 | prop_4 ) ),G((prop_2) -> ((prop_3) -> (prop_1 | prop_4)))
( ( ( prop_1 | prop_3 ) | prop_2 ) & prop_4 ),F (prop_1 | prop_3 | (prop_2 & prop_4))
G ( ! prop_1 | G ( ! prop_2 ) ),G(!prop_1 ) | G(!prop_2 )
( G ( ! prop_2 -> prop_1 ) & prop_3 ),G((!prop_2) -> (prop_1 & prop_3))
( ( ! prop_3 <-> prop_2 ) & prop_1 ),G((! prop_3 ) <-> (prop_2  & prop_1 ))
( ( prop_1 U prop_3 ) U prop_2 ),prop_1 & X(prop_3 & X(prop_2))
( ! prop_2 -> ( prop_3 -> prop_1 ) ),G(!prop_2 -> (prop_3 -> prop_1))
( prop_1 -> ( prop_3 -> prop_2 ) ),prop_1 & X(prop_3 & X(prop_2))
( ( ( prop_2 -> prop_1 ) <-> prop_3 ) -> prop_4 ),G((prop_2 -> F(prop_1)) <-> prop_3) -> prop_4
( ! ( prop_1 U prop_3 ) & prop_2 ),!(prop_1 U (prop_3 & prop_2))
G ( ( prop_3 | prop_2 ) -> ! ( F prop_1 ) ),G((prop_3 | prop_2) -> !prop_1)
( ( prop_3 | prop_1 ) -> F prop_2 ),G((prop_3 | prop_1) -> F(prop_2))
! ( prop_1 & prop_2 ),G(!(prop_1) & !(prop_2))
( ( prop_2 & prop_1 ) & ( prop_4 | prop_3 ) ),G((prop_2 & prop_1) -> (prop_4 | prop_3))
G ( F prop_1 U G ( ! prop_2 ) ),prop_1 U G(!prop_2)
( ( ( prop_3 -> prop_4 ) -> prop_2 ) & prop_1 ),G(prop_3 -> F(prop_4))
( ! prop_3 U ( prop_2 -> prop_1 ) ),G((prop_2) -> G(!(prop_3)))
walk -> pick_up_orange,G(walk -> pick_up_orange)
G((bar_is_down & manager_handles_requests) -> F(constructor_creates_instances | elevator_is_blocked)),F((manager_handles_requests & bar_is_down) -> F(elevator_is_blocked | constructor_creates_instances))
GF charger_1 & F(house_4 & F(box_4 & F(house_9 & pd))),GF charger_1 & F (house_4 & box_4 & F (house_9 & pd))
G!(engine_stops | train_is_crossing) | F((engine_stops | train_is_crossing) & F bridge_closes),F(engine_stops | train_is_crossing) & F(F(bridge_closes))
(!building_3 U garage_3) & FG building_3,(!building_3 U garage_3) & G(garage_3 -> G building_3)
G((constructor_creates_instances & table_is_old) -> F(car_stops | escalator_is_blocked)),(table_is_old & constructor_creates_instances) -> F(car_stops | escalator_is_blocked)
hold_pear & F advance_to_house,F(advance_to_house & hold_pear)
F travel_to_flag & F grasp_apple,G(travel_to_flag) & F(grasp_apple)
GF(photo & street_3),G(photo & street_3)
G(house_is_built -> G(sensor_retrieves_data -> F train_derails)),house_is_built -> G(sensor_retrieves_data -> F train_derails)
F come_home & F secure_pear,(GF come_home) & (GF secure_pear)
!room_2 U (kitchen_1 & F(p_bottle_4 & F(pd & table_4))),!(room_2) U (p_bottle_4 & kitchen_1 & table_4)
GF go_to_pear & F collect_apple,GF(go_to_pear) & GF(collect_apple)
(!intersection_1 U street_6) & F(street_2 & F(p_cone_3 & F(intersection_1 & pd))),(!intersection_1 U street_6) & F(street_2 & p_cone_3) & F(intersection_1 & p_cone_3)
G((car_starts & table_is_brown) -> F(bridge_opens & house_is_open)),(car_starts & table_is_brown) -> F (house_is_open & bridge_opens)
G!(bar_is_down & car_starts) | F(bar_is_down & car_starts & F(constructor_instantiate_objects | engine_stops)),F((car_starts & bar_is_down) & F(engine_stops | X constructor_instantiate_objects))
F secure_pear & F be_at_flag,G(secure_pear) & G(be_at_flag)
G!(bridge_opens & constructor_creates_instances),!(constructor_creates_instances & bridge_opens)
G((bridge_closes | engine_breaks) -> F(motorbike_catches_fire & motorbike_has_started)),F(motorbike_catches_fire & ( (engine_breaks | bridge_closes) U motorbike_has_started ))
G((house_collapses | motorbike_falls_down) -> G(bar_is_down & semaphore_is_red)),(motorbike_falls_down | house_collapses) -> G(bar_is_down & semaphore_is_red)
GF go_to_waste_basket U venture_to_trash_can,(G go_to_waste_basket) U venture_to_trash_can
F(store_2 & F(p_package_4 & F(house_4 & pd))),F(p_package_4 & store_2 & F(p_package_4 & house_4))
G!(manager_collect_claims | motorbike_falls_down) | F((manager_collect_claims | motorbike_falls_down) & F(elevator_is_open & train_has_arrived)),F((motorbike_falls_down | manager_collect_claims) & F(elevator_is_open & train_has_arrived))
G(brake_is_pressed -> G(train_derails -> F escalator_moves)),G((brake_is_pressed & train_derails) -> F escalator_moves)
F record_unsafe_rescuer -> (!record_unsafe_rescuer U (avoid_nearest_debris & !record_unsafe_rescuer)),G(record_unsafe_rescuer -> (!avoid_nearest_debris U record_unsafe_rescuer))
G!(car_enters & motorbike_catches_fire) | F(car_enters & motorbike_catches_fire & F(motorbike_has_started | table_is_brown)),F((motorbike_catches_fire & car_enters) & F(table_is_brown | motorbike_has_started))
G((car_stops & elevator_is_blocked) -> F train_derails),F((car_stops & elevator_is_blocked) -> F train_derails)
G((car_stops & sensor_captures_data) -> F train_derails),(sensor_captures_data & car_stops) -> F train_derails
G!(bar_is_down | motorbike_falls_down) | F((bar_is_down | motorbike_falls_down) & F(motorbike_catches_fire & semaphore_is_red)),F((bar_is_down | motorbike_falls_down) & F(motorbike_catches_fire & semaphore_is_red))
F tax_apple & G go_by_trash_can,G(tax_apple & G go_by_trash_can)
F pick_up_apple | F stop_by_trash_can,G(pick_up_apple | stop_by_trash_can)
reach_house | G!drop_orange,G(!(drop_orange | reach_house))
G((deliver_sink_loading_dock & X search_dining_table) -> XX pickup_stop_sign),(deliver_sink_loading_dock & X search_dining_table) -> XX pickup_stop_sign
G!sensor_gathers_information | F(sensor_gathers_information & F(manager_handles_requests & train_derails)),F(sensor_gathers_information & F(train_derails & X manager_handles_requests))
drop_orange & G!drop_orange,!(G(!drop_orange) & drop_orange)
!let_go_pear & F get_hold_orange,G(get_hold_orange & !let_go_pear)
G((engine_starts & table_is_old) -> G(escalator_is_blocked | escalator_moves)),(engine_starts & table_is_old) -> G(escalator_is_blocked | escalator_moves)
G!(brake_is_pressed | elevator_falls) | F((brake_is_pressed | elevator_falls) & F(car_starts & semaphore_is_red)),F(elevator_falls | brake_is_pressed) & F(car_starts & semaphore_is_red)
F withhold_apple | G!drop_apple,G(withhold_apple | G(!drop_apple))
F(photo & statue_6) & G park_5,F(statue_6 & X photo) & G(park_5)
F(intersection_5 & F(p_cone_5 & F(pd & street_2))),F(p_cone_5 & intersection_5 & F(pd & street_2))
G((manager_collect_claims | sensor_gathers_information) -> G semaphore_is_yellow),F((manager_collect_claims | sensor_gathers_information) & G(semaphore_is_yellow))
F((red_room | yellow_room) & F green_room),(red_room | yellow_room) U green_room
F(post_office_1 & F(p_lettter_2 & F(building_3 & pd))),F(p_lettter_2 & post_office_1 & F(p_lettter_2 & building_3))
F((green_room | yellow_room) & F red_room),(green_room | yellow_room) U red_room
F scoop_up_pear -> F pick_up_peach,F(scoop_up_pear) -> G(pick_up_peach)
GF(store_4 & F(p_box_2 & F(hall_8 & pd))),G(p_box_2 & store_4 & hall_8)
F get_near_flag | GF grab_tree,G(get_near_flag | GF grab_tree)
change_light_east_yellow U get_help,F(change_light_east_yellow & F get_help)
GF charger_2 & GF(table_2 & F(p_plate_4 & F(pd & table_4))),GF(charger_2) & GF(p_plate_4 & table_2 & X(F(p_plate_4 & table_4)))
GF(mall_5 & F(p_crate_8 & F(office_6 & pd))),G(F(pd & p_crate_8 & mall_5 & F(pd & p_crate_8 & office_6)))
(!photo U park_5) & F(landmark_4 & photo),(!photo) U (park_5 & F photo)
F(mall_5 & F(p_box_4 & F(house_1 & pd))),F(mall_5 & F(p_box_4 & F(house_1)))
deliver_clock_loading_dock -> X((pickup_fork U pickup_sheep) | G pickup_fork),deliver_clock_loading_dock -> (X(pickup_fork U pickup_sheep) | G pickup_fork)
F(house_2 & p_trash_can_2),F(house_2 & F p_trash_can_2)
G(engine_starts & table_has_been_moved & train_has_arrived),G(train_has_arrived -> (table_has_been_moved & engine_starts))
F make_to_flag | GF grab_tree,GF(make_to_flag | GF grab_tree)
G((elevator_falls | elevator_rises) -> F(engine_stops | escalator_is_blocked)),(elevator_rises | elevator_falls) -> F (escalator_is_blocked | engine_stops)
G!(motorbike_is_driven & table_is_brown) | F(motorbike_is_driven & table_is_brown & F(car_enters & table_is_brown)),F((table_is_brown & motorbike_is_driven) & F(car_enters & table_is_brown))
F travel_house | F proceed_to_house,G(travel_house | F proceed_to_house)
put_in_bin | F go_home,F(go_home | put_in_bin)
photo_pedestrian_northwest_1st_street U get_help,F(photo_pedestrian_northwest_1st_street & F get_help)
(!parking_lot_4 U street_5) & F(parking_lot_4 & G parking_lot_4),(!parking_lot_4 U street_5) & F(G street_5)
park_5 U (monument_2 & photo & F(intersection_5 & G intersection_5)),(park_5 U (photo & F (X (G intersection_5))))
F(intersection_5 & F(p_cone_5 & F(pd & street_2))),F(p_cone_5 & intersection_5 & F(p_cone_5 & street_2))
G street_5 & GF(parking_lot_4 & photo),G(street_5 & GF photo)
G!(elevator_rises & table_has_been_moved),!(elevator_rises & table_has_been_moved)
F(photo & statue_2) & (!statue_2 U park_5),(!statue_2) U (park_5 & photo)
G((motorbike_has_stopped & sensor_gathers_information) -> G!(bar_is_up & semaphore_is_red)),G((motorbike_has_stopped & sensor_gathers_information) -> !(semaphore_is_red & bar_is_up))
(!intersection_5 U street_4) & F(house_4 & F(p_pass_4 & F(office_1 & pd))),(!intersection_5) U street_4
G(go_home -> XG!record_safe_rescuer),G(go_home -> G(!record_safe_rescuer))
F get_to_flag | GF grab_tree,F get_to_flag | G grab_tree
photo_cyclist_south_8th_avenue U get_help,F(photo_cyclist_south_8th_avenue & F get_help)
!get_help U search_stop_sign,!(!search_stop_sign U get_help)
G!(car_starts & semaphore_is_broken) | F(car_starts & semaphore_is_broken & F(elevator_is_open | engine_starts)),F(car_starts & semaphore_is_broken & F(engine_starts | X elevator_is_open))
G!train_has_arrived | F(train_has_arrived & F(escalator_speeds_up | house_collapses)),F(train_has_arrived & F(escalator_speeds_up | house_collapses))
F get_apple U put_in_apple_bucket,F(get_apple U put_in_apple_bucket)
F get_hold_orange U procure_apple,G(get_hold_orange U procure_apple)
F(store_3 & F(p_package_2 & F(house_2 & pd))) & G!mall_1,F(store_3 & p_package_2 & F(house_2 & pd)) & G(!mall_1)
G!sensor_gathers_information | F(sensor_gathers_information & F(engine_starts | sensor_retrieves_data)),F(sensor_gathers_information & F(sensor_retrieves_data | engine_starts))
G!(bridge_closes & engine_breaks & escalator_moves),!(escalator_moves & bridge_closes & engine_breaks)
G(motorbike_has_stopped -> G(train_is_crossing -> F constructor_instantiate_objects)),G(motorbike_has_stopped -> (train_is_crossing -> F constructor_instantiate_objects))
seize_apple & G!drop_orange,G(!drop_orange & seize_apple)
deliver_refrigerator_loading_dock U get_help,F(deliver_refrigerator_loading_dock & F get_help)
photo_vehicle_west_8th_avenue -> X((photo_pedestrian_north_1st_avenue U photo_collision_northeast_10th_avenue) | G photo_pedestrian_north_1st_avenue),photo_vehicle_west_8th_avenue -> (X (photo_pedestrian_north_1st_avenue U photo_collision_northeast_10th_avenue) | G photo_pedestrian_north_1st_avenue)
F visit_waste_basket -> F visit_house,F(visit_waste_basket) -> G(visit_house)
GF(table_2 & F(p_brochure_8 & F(pd & street_9))) & GF charger_6,G((p_brochure_8 & table_2 & street_9) & charger_6)
get_help U record_car_southwest_1st_street,F(get_help & F record_car_southwest_1st_street)
G!(bridge_closes & semaphore_is_yellow) | F(bridge_closes & semaphore_is_yellow & F train_has_arrived),F((semaphore_is_yellow & bridge_closes) & F(train_has_arrived))
!let_go_pear & F venture_to_waste_basket,G(venture_to_waste_basket & !let_go_pear)
F withold_apple | G go_by_trash_can,G(withold_apple | G go_by_trash_can)
F blue_room & G!red_room,(!red_room) U blue_room
keep_apple U GF grab_tree,keep_apple U G grab_tree
F obtain_apple U acquire_apple,F(obtain_apple U acquire_apple)
grip_apple | G hold_on_pear,G(hold_on_pear | grip_apple)
G((car_starts | train_derails) -> F sensor_captures_data),(car_starts | train_derails) -> F sensor_captures_data
G((brake_is_released | car_stops) -> G semaphore_is_yellow),G((car_stops | brake_is_released) -> X semaphore_is_yellow)
F reach_flag | F venture_to_house,F reach_flag | G F venture_to_house
!G!(search_toaster & X search_toaster),G(search_toaster | X search_toaster | X X search_toaster)
F(pd & F(park_4 & G park_4)),!pd & F(park_4 & G park_4)
secure_apple -> F reach_flag,G(secure_apple -> F reach_flag)
GF charging_station_9 & GF(warehouse_5 & F(p_crate_4 & F(mall_4 & pd))),G(p_crate_4 & warehouse_5 & mall_4 -> GF charging_station_9)
G!(bar_is_down & car_starts) | F(bar_is_down & car_starts & F(engine_stops | train_is_crossing)),F((car_starts & bar_is_down) & F(engine_stops | X train_is_crossing))
!let_go_orange -> F venture_flag,G(venture_flag -> !let_go_orange)
G((constructor_instantiate_objects & motorbike_has_started) -> G(escalator_speeds_up & motorbike_catches_fire)),(motorbike_has_started & constructor_instantiate_objects) -> G(escalator_speeds_up & motorbike_catches_fire)
G!drop_pear -> F arrive_at_tree,G(!drop_pear) -> GF(arrive_at_tree)
G!(constructor_creates_instances | table_is_old) | F((constructor_creates_instances | table_is_old) & F(elevator_is_open & train_has_arrived)),F(table_is_old | constructor_creates_instances) & F(F(elevator_is_open & train_has_arrived))
get_to_tree & GF go_to_apple_trashcan,F(get_to_tree & GF go_to_apple_trashcan)
GF(store_4 & F(p_box_2 & F(hall_8 & pd))),G(p_box_2 & store_4 -> F(p_box_2 & hall_8))
G!(motorbike_has_started | motorbike_has_stopped) | F((motorbike_has_started | motorbike_has_stopped) & F(car_starts & semaphore_is_green)),(motorbike_has_stopped | motorbike_has_started) & F(semaphore_is_green & car_starts)
take_to_trashcan & F journey_by_flag,G((journey_by_flag & take_to_trashcan))
G((search_train & X search_horse) -> XX search_pizza),(search_train & X search_horse) -> XX search_pizza
G((bar_is_up & motorbike_has_stopped) -> G!(house_is_built & table_is_old)),F((bar_is_up & motorbike_has_stopped) -> G(!(table_is_old & house_is_built)))
change_light_west_red -> X((get_help U change_light_north_green) | G get_help),change_light_west_red -> (X (get_help U change_light_north_green) | G get_help)
G((engine_starts & engine_stops) -> F sensor_captures_data),F(engine_starts & F(engine_stops & F sensor_captures_data))
GF go_to_apple_trashcan -> snatch_up_pear,G(go_to_apple_trashcan -> F snatch_up_pear)
G(bar_is_down -> G(semaphore_is_yellow -> F house_is_built)),bar_is_down -> G(semaphore_is_yellow -> F house_is_built)
(locality_1 U intersection_4) & F(warehouse_9 & F(p_package_5 & F(pd & store_2))),(locality_1 U intersection_4) & F(intersection_4 & F(warehouse_9 & F(p_package_5 & F store_2)))
(!park_4 U street_3) & F(store_7 & F(p_takeout_2 & F(bench_3 & pd))),(!park_4 U street_3) & F(store_7 & p_takeout_2 & F bench_3)
F(landmark_6 & photo),F(landmark_6 & F photo)
G!(elevator_is_blocked | house_is_open) | F((elevator_is_blocked | house_is_open) & F bridge_closes),F((elevator_is_blocked | house_is_open) & F bridge_closes)
GF(photo & statue_4) & GF charger_4,G(photo & statue_4) & GF(charger_4)
put_in_apple_bucket | G move,G(move | put_in_apple_bucket)
G!park_3 & F(p_cone_2 & police_station_1 & F(intersection_2 & pd)),G(!(park_3 & (p_cone_2 & police_station_1 & intersection_2)))
F(green_room & F red_room),(!red_room U green_room) & F red_room
F walk_to_flag & F go_to_home,G(walk_to_flag) & F(go_to_home)
secure_apple -> go_by_waste_bin,G(secure_apple -> go_by_waste_bin)
G(!(avoid_impending_flood & record_unsafe_person) -> F avoid_nearest_flood),G(!(record_unsafe_person | avoid_impending_flood) -> F avoid_nearest_flood)
F stop_by_trash_can U G!drop_orange,G(stop_by_trash_can U !drop_orange)
F(yellow_room & F green_room),(!green_room U yellow_room)
!F pick_up_anything & F be_near_tree,(!pick_up_anything) & F be_near_tree
G((semaphore_is_red & sensor_retrieves_data) -> F(car_stops | escalator_is_blocked)),(semaphore_is_red & sensor_retrieves_data) -> F(car_stops | escalator_is_blocked)
G(photo_person_southwest_10th_street -> (change_light_north_green | X change_light_north_green)),(photo_person_southwest_10th_street -> (change_light_north_green | X change_light_north_green))
G(get_help -> XXX avoid_impending_gas_leak),G(get_help -> X X X !avoid_impending_gas_leak)
F(table_2 & F(p_brochure_9 & F(park_4 & G park_4))),F(table_2 & p_brochure_9 & F(park_4 & G park_4))
G(escalator_moves -> G(train_is_crossing -> F motorbike_has_stopped)),escalator_moves & G(train_is_crossing -> F motorbike_has_stopped)
(!store_4 U street_6) & F(office_2 & F(p_package_8 & F(pd & store_4))),(!store_4 U street_6) & p_package_8 & office_2 & store_4
!get_help U deliver_orange_loading_dock,!(!deliver_orange_loading_dock U get_help)
F(intersection_7 & photo & G intersection_7),F(photo & intersection_7) & G(intersection_7)
G((manager_handles_requests | motorbike_has_started) -> G(bar_is_closing | car_starts)),((manager_handles_requests | motorbike_has_started) -> G(car_starts | bar_is_closing))
(!park_4 U street_3) & F(store_7 & F(p_takeout_2 & F(bench_3 & pd))),(!park_4 U street_3) & F(store_7 & F(p_takeout_2 & F bench_3))
G!(bar_is_up | house_collapses | table_has_been_moved),!(bar_is_up | house_collapses | table_has_been_moved)
G(train_has_arrived -> F(constructor_creates_instances & escalator_moves)),F(constructor_creates_instances & F(train_has_arrived -> X escalator_moves))
G((sensor_gathers_information | train_derails) -> F(bar_is_closing & train_is_crossing)),F((sensor_gathers_information | train_derails) -> F(bar_is_closing & train_is_crossing))
G(house_collapses & motorbike_catches_fire & sensor_captures_data),G(motorbike_catches_fire -> (house_collapses & sensor_captures_data))
G!bridge_closes | F(bridge_closes & F(sensor_retrieves_data | train_has_been_launched)),F(bridge_closes & F(sensor_retrieves_data | X train_has_been_launched))
G!bridge_closes | F(bridge_closes & F(engine_stops | manager_collect_claims)),F(bridge_closes & F(engine_stops | (manager_collect_claims & X(manager_collect_claims))))
!G!(communicate_injured_hostile & X communicate_injured_hostile),"G(F[0,2] communicate_injured_hostile)"
hold_on_to_pear -> F procure_orange,hold_on_to_pear -> G procure_orange
G!(bridge_closes | sensor_retrieves_data) | F((bridge_closes | sensor_retrieves_data) & F(bar_is_up | semaphore_is_green)),F((sensor_retrieves_data | bridge_closes) & F(semaphore_is_green | bar_is_up))
F visit_waste_basket -> move_to_trash_can,G(visit_waste_basket -> move_to_trash_can)
F((green_room | red_room) & F blue_room),F(red_room | green_room) & F(blue_room)
F move_forward_trash_can & F walk_to_flag,(G move_forward_trash_can) & (G walk_to_flag)
F going_to_flag U F visit_house,G(going_to_flag U visit_house)
F go_to_trash_can & F seize_pear,G(go_to_trash_can -> F seize_pear)
G!street_3 & F building_4,!(street_3 U building_4)
G((sensor_captures_data | train_is_crossing) -> G!(bridge_opens & motorbike_catches_fire)),(sensor_captures_data | train_is_crossing) -> !(motorbike_catches_fire & bridge_opens)
park_8 U (monument_2 & photo & F(bench_5 & G bench_5)),(park_8 U (photo & monument_2 & X (G bench_5)))
F(green_room & F red_room),(!red_room U green_room)
G!(motorbike_has_started & semaphore_is_broken),!(motorbike_has_started & semaphore_is_broken)
G((bar_is_closing & semaphore_is_green) -> G!(engine_starts | engine_stops)),F((bar_is_closing & semaphore_is_green) -> G(!(engine_starts | engine_stops)))
G(!(deliver_refrigerator_shelf & get_help) -> F pickup_skateboard),G(!(get_help | deliver_refrigerator_shelf) -> F pickup_skateboard)
drop_pear -> F withdraw_pear,G(drop_pear -> F withdraw_pear)
G((bar_has_to_be_repaired | motorbike_catches_fire) -> G!(engine_starts & semaphore_is_broken)),G((motorbike_catches_fire | bar_has_to_be_repaired) -> !(engine_starts & semaphore_is_broken))
G!sensor_gathers_information | F(sensor_gathers_information & F(bridge_closes & semaphore_is_yellow)),F(sensor_gathers_information & F(semaphore_is_yellow & X bridge_closes))
F scoop_up_pear -> hold_pear,G(scoop_up_pear -> hold_pear)
G!drop_apple & F bring_pear,G(!drop_apple) & G(bring_pear)
G stay | F start_going_to_house,G(stay | F start_going_to_house)
G((semaphore_is_yellow & train_stops) -> G semaphore_is_yellow),F(semaphore_is_yellow & train_stops) -> G(semaphore_is_yellow)
G((house_is_built & train_derails) -> G(house_collapses | motorbike_falls_down)),F((house_is_built & train_derails) & G(motorbike_falls_down | house_collapses))
G((engine_starts & motorbike_falls_down) -> G!(car_stops & constructor_instantiate_objects)),G((motorbike_falls_down & engine_starts) -> !(car_stops & constructor_instantiate_objects))
GF(warehouse_1 & F(p_package_5 & F(pd & store_5))) & GF charging_station_5,G((pd & p_package_5 & warehouse_1 & store_5) & GF charging_station_5)
grab_hold_pear -> F have_pear,G(grab_hold_pear -> FG have_pear)
F deliver_bird_shelf -> (!deliver_bird_shelf U (!deliver_bird_shelf & search_bench)),G(deliver_bird_shelf -> (F search_bench & !deliver_bird_shelf))
F(house_1 & F(p_trash_can_4 & F(garbage_dump_3 & pd))),F(house_1 & F(p_trash_can_4 & F(garbage_dump_3)))
G((constructor_creates_instances & table_is_old) -> F(brake_is_pressed & semaphore_is_broken)),((table_is_old & constructor_creates_instances) -> F(brake_is_pressed & semaphore_is_broken))
G!(bar_is_up | semaphore_is_yellow) | F((bar_is_up | semaphore_is_yellow) & F(elevator_falls & semaphore_is_red)),F(semaphore_is_yellow | bar_is_up) & F(semaphore_is_red & X elevator_falls)
GF charger_5 & GF(photo & region_4),GF(charger_5) & G(photo & region_4)
park_2 U (monument_13 & photo),park_2 U photo
G!(brake_is_released | car_stops) | F((brake_is_released | car_stops) & F(car_enters | motorbike_has_started)),F((car_stops | brake_is_released) & F(car_enters | motorbike_has_started))
G((escalator_speeds_up | motorbike_is_driven) -> G!(escalator_is_blocked & sensor_captures_data)),G((motorbike_is_driven | escalator_speeds_up) -> !(sensor_captures_data & escalator_is_blocked))
G!(bridge_opens & escalator_speeds_up) | F(bridge_opens & escalator_speeds_up & F sensor_gathers_information),F(escalator_speeds_up & bridge_opens) & F(sensor_gathers_information)
secure_apple U F bring_pear,secure_apple U bring_pear
F visit_trash_bin -> keep_apple,G(visit_trash_bin -> keep_apple)
GF(photo & street_3),G(photo & street_3)
G!(motorbike_has_started & semaphore_is_yellow) | F(motorbike_has_started & semaphore_is_yellow & F(bar_is_up & brake_is_released)),(motorbike_has_started & semaphore_is_yellow) & F(brake_is_released & bar_is_up)
F((blue_room | yellow_room) & F green_room),(F blue_room | F yellow_room) & F green_room
!F pick_up_anything | F go_to_peach,!(pick_up_anything | G go_to_peach)
F approach_house & G hold_onto_orange,F(approach_house & G(hold_onto_orange))
G((photo_person_south_3rd_street & X photo_car_northeast_9th_street) -> XX get_help),(photo_person_south_3rd_street & X photo_car_northeast_9th_street) -> XX get_help
F reach_tree & F visit_waste_basket,F(reach_tree) & G(visit_waste_basket -> visit_waste_basket)
G!(manager_collect_claims | motorbike_falls_down) | F((manager_collect_claims | motorbike_falls_down) & F(sensor_gathers_information & table_is_old)),F(motorbike_falls_down | manager_collect_claims) & F(sensor_gathers_information & X table_is_old)
G((photo_safe_rescuer & X go_home) -> XX deliver_aid_safe_hostile),(photo_safe_rescuer & X go_home) -> XX deliver_aid_safe_hostile
F(house_2 & p_trash_can_2),F(house_2 & F p_trash_can_2)
building_9 U (room_2 & F(p_bottle_3 & F(pd & room_6))),(building_9) U (p_bottle_3 & room_2 & F(p_bottle_3 & room_6))
GF charging_station_5 & GF(warehouse_1 & F(p_package_5 & F(pd & store_5))),G(charging_station_5 & (warehouse_1 & p_package_5) U store_5)
G(!(go_home & photo_gas_leak) -> F photo_unsafe_rescuer),G(!(go_home | photo_gas_leak) -> F photo_unsafe_rescuer)
G(!(change_light_south_green & photo_collision_east_7th_street) -> F record_person_southwest_5th_avenue),G(!(change_light_south_green | photo_collision_east_7th_street) -> F record_person_southwest_5th_avenue)
G!train_has_arrived | F(train_has_arrived & F(brake_is_pressed | motorbike_has_started)),F(train_has_arrived & F(brake_is_pressed | X motorbike_has_started))
G((elevator_falls & motorbike_has_stopped) -> G(escalator_speeds_up & motorbike_catches_fire)),F((motorbike_has_stopped & elevator_falls) -> G(escalator_speeds_up & motorbike_catches_fire))
F get_orange U G touch_flag,G(get_orange U touch_flag)
G!(car_starts | train_derails) | F((car_starts | train_derails) & F(elevator_is_blocked | house_is_open)),F(car_starts | train_derails) & F(elevator_is_blocked | F house_is_open)
F go_to_peach -> F get_close_flag,G(go_to_peach -> G get_close_flag)
!let_go_pear | F travel_to_flag,!(let_go_pear | GF travel_to_flag)
G((car_starts & motorbike_has_stopped) -> G!(car_stops | table_is_brown)),G((motorbike_has_stopped & car_starts) -> ! (table_is_brown | car_stops))
G(idle -> XG!deliver_car_loading_dock),G(idle -> G(!deliver_car_loading_dock))
walk U F grab_orange,walk U grab_orange
G!let_go & F grasp_apple,G(!let_go) & GFgrasp_apple
idle -> X((pickup_giraffe U pickup_bowl) | G pickup_giraffe),idle -> (X (pickup_giraffe U pickup_bowl) | G pickup_giraffe)
get_to_tree U F get_to_flag,get_to_tree U get_to_flag
F(intersection_5 & F(p_cone_5 & F(pd & street_2))),F(p_cone_5 & intersection_5 & F(p_cone_5 & street_2))
venture_to_trash_can | G!let_go,G(!(let_go | venture_to_trash_can))
G(car_enters -> G(table_is_old -> F train_is_crossing)),G((car_enters & table_is_old) -> F train_is_crossing)
G!bridge_closes | F(bridge_closes & F(sensor_captures_data & sensor_gathers_information)),F(bridge_closes) & F(sensor_captures_data & F(sensor_gathers_information))
G!(bridge_closes | sensor_retrieves_data) | F((bridge_closes | sensor_retrieves_data) & F sensor_gathers_information),F((sensor_retrieves_data | bridge_closes) & F(sensor_gathers_information))
hold_orange -> F have_possession_of_apple,G(hold_orange -> F have_possession_of_apple)
F(table_8 & F(p_brochure_2 & F(pd & table_1))),F(table_8 & F(p_brochure_2 & F(table_1)))
G((bar_is_up & motorbike_has_started) -> F(car_stops | semaphore_is_red)),F(semaphore_is_red | ((bar_is_up & motorbike_has_started) -> X car_stops))
G((engine_stops | train_is_crossing) -> G!(escalator_moves | table_is_old)),(engine_stops | train_is_crossing) -> G(!(escalator_moves | table_is_old))
move_towards_trash_can | G!let_go_orange,G(!(let_go_orange | move_towards_trash_can))
G!train_has_arrived | F(train_has_arrived & F(manager_handles_requests & train_derails)),F(train_has_arrived & F(train_derails & manager_handles_requests))
F reach_flag | G!drop_apple,G(reach_flag | G(!drop_apple))
F blue_room & G!yellow_room,blue_room & !yellow_room
G!(car_enters & motorbike_catches_fire) | F(car_enters & motorbike_catches_fire & F(constructor_creates_instances | table_is_old)),F((motorbike_catches_fire & car_enters) & F(constructor_creates_instances | table_is_old))
G!parking_lot_5 & GF(car_9 & photo),G(!(parking_lot_5 & photo & car_9))
F migrate_to_tree | F have_pear,G(migrate_to_tree | F have_pear)
G((escalator_speeds_up & motorbike_falls_down) -> F(house_is_built & train_stops)),(motorbike_falls_down & escalator_speeds_up) -> F(house_is_built & train_stops)
G(go_home -> XG!avoid_inactive_gas_leak),F(go_home -> G(!avoid_inactive_gas_leak))
G!train_has_arrived | F(train_has_arrived & F(bar_is_up & table_is_brown)),F(train_has_arrived & F(table_is_brown & X bar_is_up))
F pick_up_peach -> F stand_by_tree,G(pick_up_peach -> F stand_by_tree)
F reach_flag U go_by_waste_bin,G(reach_flag U go_by_waste_bin)
F(store_6 & F(p_box_1 & F(house_9 & pd))) & F(intersection_5 & G intersection_5),F(p_box_1 & store_6 & F(p_box_1 & house_9 & F(intersection_5 & G intersection_5)))
G((table_is_brown | train_is_crossing) -> F sensor_captures_data),F(sensor_captures_data & (F train_is_crossing | table_is_brown))
F obtain_orange U F stop_by_trash_can,F(obtain_orange U G stop_by_trash_can)
F(house_3 & F(p_box_8 & F(office_2 & pd))),F(p_box_8 & house_3 & F(p_box_8 & office_2))
G(train_derails -> F(bar_is_closing | elevator_falls)),F(bar_is_closing | (train_derails -> X elevator_falls))
G((car_starts | train_derails) -> F train_has_arrived),(car_starts | train_derails) -> F train_has_arrived
F(police_station_1 & F(p_cone_2 & F(intersection_2 & pd))) & G!park_3,F(p_cone_2 & police_station_1 & F(pd & intersection_2)) & G(!park_3)
!G!(change_light_south_yellow & X change_light_south_yellow),"G(F[0,2] change_light_south_yellow)"
drop_orange & G touch_flag,G(touch_flag & drop_orange)
F going_to_flag -> F journey_to_tree,G(going_to_flag -> G(journey_to_tree))
G!sensor_gathers_information | F(sensor_gathers_information & F(elevator_falls & manager_collect_claims)),F(sensor_gathers_information) & F(elevator_falls & F(manager_collect_claims))
F green_room,green_room
G!let_go_orange | F go_to_apple,G(!let_go_orange) | G(go_to_apple -> F go_to_apple)
G move & F go_past_flag,G(move & F go_past_flag)
G!bridge_closes | F(bridge_closes & F(bar_is_down & table_is_brown)),F(bridge_closes & F(table_is_brown & bar_is_down))
(!photo U park_5) & F(landmark_4 & photo),(!photo) U (park_5 & F(landmark_4 & F photo))
photo_vehicle_north_6th_avenue -> X((photo_car_west_8th_avenue U record_vehicle_east_10th_street) | G photo_car_west_8th_avenue),photo_vehicle_north_6th_avenue -> (X (photo_car_west_8th_avenue U record_vehicle_east_10th_street) | G photo_car_west_8th_avenue)
G((constructor_creates_instances & manager_handles_requests) -> G!(brake_is_released & sensor_captures_data)),G((manager_handles_requests & constructor_creates_instances) -> !(sensor_captures_data & brake_is_released))
F green_room & G!yellow_room,(!yellow_room) U green_room
F journey_to_tree -> approach_tree,G(journey_to_tree -> approach_tree)
GF make_way_to_house | F obtain_pear,GF(make_way_to_house | obtain_pear)
G!(car_enters & motorbike_catches_fire) | F(car_enters & motorbike_catches_fire & F bridge_closes),F((motorbike_catches_fire & car_enters) & F bridge_closes)
F go_by_waste_basket -> F venture_to_house,G(go_by_waste_basket -> G(venture_to_house))
F(park_7 & F(monument_4 & photo)),park_7 & photo & monument_4
keep_apple & G stay,G(stay & keep_apple)
F red_room,red_room
F(photo & statue_7),F(statue_7 & F photo)
F(shop_1 & F(p_bottle_3 & F(hospital_2 & pd))),F(p_bottle_3 & shop_1 & F(pd & hospital_2))
(!street_4 U intersection_2) & F(house_13 & p_trash_13),(!street_4) U (intersection_2 & p_trash_13 & house_13)
G((bar_has_to_be_repaired | car_stops) -> G(brake_is_released & semaphore_is_red)),(car_stops | bar_has_to_be_repaired) -> G(semaphore_is_red & brake_is_released)
G((engine_starts & semaphore_is_broken) -> G!(brake_is_released | engine_starts)),(engine_starts & semaphore_is_broken) -> G !(brake_is_released | engine_starts)
F venture_to_house U F reach_flag,G(venture_to_house U F reach_flag)
F((green_room | yellow_room) & F blue_room),F((green_room | yellow_room) U blue_room)
G!(car_enters | motorbike_has_started) | F((car_enters | motorbike_has_started) & F(bar_is_down | motorbike_is_driven)),F(car_enters | motorbike_has_started) & F(bar_is_down | X motorbike_is_driven)
F red_room,red_room
F bring_pear | G!drop_apple,G(bring_pear | G(!drop_apple))
G move & F go_past_flag,G(move & (go_past_flag -> go_past_flag))
GF(locality_7 & photo) & G!park_3,G((photo & locality_7) & !park_3)
GF(intersection_4 & photo),G(photo & intersection_4)
F go_to_trashcan & G hold_on_pear,F(go_to_trashcan & G hold_on_pear)
G!(motorbike_catches_fire & semaphore_is_red) | F(motorbike_catches_fire & semaphore_is_red & F(elevator_is_blocked & train_stops)),F(motorbike_catches_fire & semaphore_is_red) & F(F(train_stops & elevator_is_blocked))
F(house_3 & F(p_pass_2 & F(office_2 & pd))) & (!street_5 U p_pass_2),(!street_5 U p_pass_2) & F(p_pass_2 & F(office_2))
G!(manager_collect_claims | train_is_crossing) | F((manager_collect_claims | train_is_crossing) & F(brake_is_pressed | elevator_falls)),F((train_is_crossing | manager_collect_claims) & F(elevator_falls | X brake_is_pressed))
G(bar_is_down & table_is_old & train_stops),G(table_is_old -> (train_stops & bar_is_down))
G touch_flag U F move_forward_trash_can,G(touch_flag U F move_forward_trash_can)
G((bar_is_down | house_is_open) -> G!(brake_is_released & sensor_captures_data)),F((bar_is_down | house_is_open) & G(!(sensor_captures_data & brake_is_released)))
G!(car_enters & car_starts & sensor_captures_data),!(car_enters & (car_starts & sensor_captures_data))
G((escalator_speeds_up | motorbike_has_started) -> G(engine_breaks | sensor_captures_data)),G(sensor_captures_data | (motorbike_has_started -> F engine_breaks) | escalator_speeds_up)
F seize_pear | F tax_apple,G(seize_pear | tax_apple)
G locality_5 & F(office_3 & F(p_package_5 & F(office_6 & pd))),G((p_package_5 & office_3) U (p_package_5 & office_6)) -> G(locality_5)
go_visit_flag -> hold_pear,go_visit_flag <-> hold_pear
GF(photo & statue_4) & GF charger_4,G(photo & statue_4 & charger_4)
F(table_9 & F(p_brochure_3 & F(park_2 & pd))),F(p_brochure_3 & table_9 & F(p_brochure_3 & park_2))
pick_up_fruit -> G!let_go_apple,G(pick_up_fruit -> G(!let_go_apple))
G!sensor_gathers_information | F(sensor_gathers_information & F(manager_collect_claims | sensor_retrieves_data)),F(sensor_gathers_information & F(sensor_retrieves_data | X manager_collect_claims))
G((table_has_been_moved | train_stops) -> F(escalator_is_blocked | motorbike_has_stopped)),F((table_has_been_moved | train_stops) -> F(motorbike_has_stopped | escalator_is_blocked))
G!(house_is_open & manager_collect_claims & table_is_old),!(manager_collect_claims & table_is_old & house_is_open)
G!(manager_handles_requests | motorbike_has_started) | F((manager_handles_requests | motorbike_has_started) & F train_has_arrived),F((manager_handles_requests | motorbike_has_started) & F train_has_arrived)
G!(house_collapses | sensor_gathers_information),!(sensor_gathers_information | house_collapses)
G((elevator_falls & motorbike_has_stopped) -> G(bar_is_up & engine_stops)),G((motorbike_has_stopped & elevator_falls) -> F(engine_stops & bar_is_up))
G((elevator_rises | semaphore_is_yellow) -> F(brake_is_pressed & bridge_opens)),F((elevator_rises | semaphore_is_yellow) -> F(bridge_opens & brake_is_pressed))
GF parking_lot_4 & F(car_5 & F(p_document_4 & F(car_6 & pd))),GF(parking_lot_4) & (p_document_4 & car_5) U (p_document_4 & car_6)
F pass_by_trash_bin & GF go_to_pear,G(pass_by_trash_bin -> GF go_to_pear)
reach_trash_can | F withold_apple,F(withold_apple | reach_trash_can)
G(semaphore_is_yellow -> G(elevator_falls & semaphore_is_green)),semaphore_is_yellow -> G(semaphore_is_green & elevator_falls)
G!(bar_has_to_be_repaired | table_is_old) | F((bar_has_to_be_repaired | table_is_old) & F bridge_closes),F((table_is_old | bar_has_to_be_repaired) & F(X bridge_closes))
idle U deliver_dog_loading_dock,F(idle & F deliver_dog_loading_dock)
G!(car_starts | house_collapses | house_is_built),!(house_is_built | car_starts | house_collapses)
GF(mall_5 & F(p_crate_8 & F(office_6 & pd))),GF(mall_5 & F(p_crate_8 & F office_6))
venture_towards_house U G!drop_apple,venture_towards_house U !drop_apple
F green_room,green_room
G!drop_apple | F present_at_flag,G(!drop_apple) | G(present_at_flag -> F(present_at_flag))
G!street_7 & F(store_9 & F(p_package_3 & F(house_1 & pd))),G(!((p_package_3 & store_9) | (p_package_3 & house_1)) | !street_7)
G!(car_enters | motorbike_has_started) | F((car_enters | motorbike_has_started) & F bridge_closes),(car_enters | motorbike_has_started) & F bridge_closes
gather_orange | G move_around,G(move_around | gather_orange)
F travel_house -> get_hold_of_pear,G(travel_house -> F get_hold_of_pear)
G(go_home -> avoid_nearest_flood),G(go_home -> !avoid_nearest_flood)
G(!(get_help & go_home) -> F communicate_injured_hostile),G(!(get_help | go_home) -> F communicate_injured_hostile)
G!parking_lot_5 & F(car_3 & photo),G(!(parking_lot_5 & photo & car_3))
G(!(deliver_sheep_shelf & get_help) -> F pickup_cake),G(!(get_help | deliver_sheep_shelf) -> F pickup_cake)
F journey_by_flag -> G have_in_orange,F(journey_by_flag -> G have_in_orange)
G!let_go_orange | F make_contact_flag,G(!let_go_orange) & GF(make_contact_flag)
!let_go_orange | G have_in_orange,G(have_in_orange | !let_go_orange)
F get_hold_of_orange U F get_to_cup,G(get_hold_of_orange U get_to_cup)
F acquire_pear -> move_to_house,G(F(acquire_pear) -> move_to_house)
!let_go_pear U F shift_to_flag,(!let_go_pear) U shift_to_flag
G!(bar_has_to_be_repaired & sensor_retrieves_data) | F(bar_has_to_be_repaired & sensor_retrieves_data & F(bridge_opens & escalator_speeds_up)),F((bar_has_to_be_repaired & sensor_retrieves_data) & F(escalator_speeds_up & bridge_opens))
GF(building_5 & photo) & GF charger_4,G((photo & building_5) & GF charger_4)
F go_to_trash_bin U pick_up_orange,F(go_to_trash_bin U pick_up_orange)
G((engine_stops | train_is_crossing) -> G!(brake_is_released | car_enters)),G((engine_stops | train_is_crossing) -> !(car_enters | brake_is_released))
F(yellow_room & F blue_room),yellow_room U blue_room
F((green_room | red_room) & F blue_room),(green_room U blue_room) | (red_room U blue_room)
F seize_pear -> get_hold_of_pear,G(seize_pear -> get_hold_of_pear)
park_4 U (photo & statue_9),!park_4 U photo
G((house_is_open & sensor_retrieves_data) -> F train_derails),F((house_is_open & sensor_retrieves_data) -> F train_derails)
G((escalator_speeds_up & motorbike_catches_fire) -> G(engine_breaks | semaphore_is_yellow)),(escalator_speeds_up & motorbike_catches_fire) -> G(semaphore_is_yellow | engine_breaks)
area_5 U (store_2 & F(p_package_8 & F(house_9 & pd))),(area_5) U (p_package_8 & store_2 & house_9)
F shift_to_flag U F grab_orange,G(shift_to_flag U grab_orange)
F green_room & G!yellow_room,green_room & !yellow_room
G((bridge_opens & engine_starts) -> G!(bar_is_up | sensor_retrieves_data)),(bridge_opens & engine_starts) -> G(!(bar_is_up | sensor_retrieves_data))
F(warehouse_3 & F(p_package_2 & F(house_1 & pd & photo))),F(warehouse_3 & pd & p_package_2) & F(house_1 & pd & p_package_2) & F(house_1 & photo)
GF go_to_apple_trashcan | F withdraw_pear,GF(go_to_apple_trashcan) | G(withdraw_pear -> withdraw_pear)
G!(motorbike_has_stopped | train_stops) | F((motorbike_has_stopped | train_stops) & F bridge_closes),F(train_stops | motorbike_has_stopped) & F(bridge_closes)
F haul_pear | F withold_apple,F(haul_pear) | G(withold_apple)
G!drop_apple U go_by_waste_bin,(!drop_apple) U go_by_waste_bin
F(table_2 & F(p_brochure_9 & F(park_4 & G park_4))),F(p_brochure_9 & table_2) & F(F(p_brochure_9 & table_2) & F(park_4 & G park_4))
deliver_tennis_racket_loading_dock -> X((pickup_traffic_light U idle) | G pickup_traffic_light),deliver_tennis_racket_loading_dock -> (X(pickup_traffic_light U idle) | G pickup_traffic_light)
G(semaphore_is_yellow -> G(escalator_speeds_up | motorbike_has_stopped)),semaphore_is_yellow -> G (motorbike_has_stopped | escalator_speeds_up)
G locality_7 & F(office_4 & F(p_letter_1 & F(house_1 & pd))),G(locality_7 & (p_letter_1 & office_4 U (p_letter_1 & house_1)))
F(intersection_5 & F(p_cone_5 & F(pd & street_2))),F(p_cone_5 & intersection_5 & F(street_2 & pd))
G(!(idle & search_backpack) -> F get_help),G(!(idle | search_backpack) -> F get_help)
G!train_has_arrived | F(train_has_arrived & F(bridge_closes | sensor_retrieves_data)),F(train_has_arrived & F(sensor_retrieves_data | X bridge_closes))
GF go_to_apple_trashcan | F move_near_tree,GF(go_to_apple_trashcan | move_near_tree)
go_visit_flag & F acquire_pear,G(F(acquire_pear & go_visit_flag))
G((constructor_instantiate_objects | train_has_arrived) -> F train_derails),(train_has_arrived | constructor_instantiate_objects) -> F train_derails
G!drop_apple & F advance_to_house,G(!drop_apple) & G(advance_to_house -> advance_to_house)
F(yellow_room & F blue_room),F(blue_room) -> F(yellow_room)
G((communicate_safe_victim <-> go_home) -> (communicate_injured_victim <-> communicate_safe_victim)),G((go_home & communicate_safe_victim) -> (communicate_safe_victim & communicate_injured_victim))
park_4 U (photo & statue_9),park_4 U photo
G!(motorbike_has_stopped | train_is_crossing) | F((motorbike_has_stopped | train_is_crossing) & F(manager_handles_requests & motorbike_falls_down)),F((train_is_crossing | motorbike_has_stopped) & F(manager_handles_requests & motorbike_falls_down))
G!(motorbike_has_stopped & semaphore_is_red) | F(motorbike_has_stopped & semaphore_is_red & F train_has_arrived),F(motorbike_has_stopped & semaphore_is_red & F train_has_arrived)
G!(street_3 | street_4),G(!(street_3 & street_4))
F(p_luggage_2 & F(pd & room_402)),F(p_luggage_2 & F(room_402))
G((brake_is_released | motorbike_has_started) -> G(car_starts | elevator_falls)),(brake_is_released | motorbike_has_started) -> G(car_starts | elevator_falls)
G((house_is_open | manager_collect_claims) -> G!(bar_is_up & motorbike_is_driven)),F(house_is_open | manager_collect_claims) -> G!(motorbike_is_driven & bar_is_up)
GF charger_2 & F(table_2 & F(p_plate_4 & F(pd & table_4))),G(charger_2) & F(p_plate_4 & table_2 & F(p_plate_4 & table_4))
approach_trash_can U F withdraw_pear,approach_trash_can U withdraw_pear
GF(storage_4 & F(p_crate_1 & F(office_2 & pd))),GF(pd & p_crate_1 & storage_4 & office_2)
G!living_room_1 & F(kitchen_2 & p_bottle_3),(!living_room_1) U (p_bottle_3 & kitchen_2)
F go_home U F let_go_apple,G(go_home U G let_go_apple)
G((bar_has_to_be_repaired & brake_is_released) -> G(manager_handles_requests | table_is_old)),(brake_is_released & bar_has_to_be_repaired) -> G(manager_handles_requests | table_is_old)
G!drop_apple & F present_at_flag,G(!drop_apple) & G(present_at_flag -> present_at_flag)
G((bridge_closes | car_starts) -> F(sensor_retrieves_data | train_is_crossing)),(bridge_closes | car_starts) -> F (sensor_retrieves_data | train_is_crossing)
G!(bar_is_down | motorbike_is_driven),!(bar_is_down | motorbike_is_driven)
G((escalator_speeds_up | semaphore_is_red) -> F(engine_breaks & manager_collect_claims)),(semaphore_is_red | escalator_speeds_up) -> F(manager_collect_claims & engine_breaks)
gather_apple | F visit_house,F(visit_house | gather_apple)
building_9 U (room_2 & F(p_bottle_3 & F(pd & room_6))),(building_9) U (p_bottle_3 & room_2 & room_6)
G((engine_stops | escalator_is_blocked) -> F sensor_captures_data),(escalator_is_blocked | engine_stops) -> F sensor_captures_data
!G!(idle & X idle),G(idle | X idle | X X idle)
G!(elevator_rises | table_is_brown) | F((elevator_rises | table_is_brown) & F train_has_arrived),F((table_is_brown | elevator_rises) & F train_has_arrived)
F go_home & F arrive_at_tree,G(go_home -> F arrive_at_tree)
put_in_apple_bucket -> F go_visit_house,G(put_in_apple_bucket -> F go_visit_house)
F seize_pear U F go_to_house,G(seize_pear U go_to_house)
F blue_room & G!green_room,(!green_room) U blue_room
GF(car_1 & photo) & G!parking_lot_9,G(photo & !parking_lot_9)
F contact_flag | F grasp_apple,G(contact_flag) | F(grasp_apple)
G!(bar_is_closing & table_is_brown) | F(bar_is_closing & table_is_brown & F train_has_arrived),F(table_is_brown & bar_is_closing & F train_has_arrived)
G(!(get_help & record_vehicle_southwest_8th_street) -> F record_motorcycle_north_3rd_street),G(!(get_help | record_vehicle_southwest_8th_street) -> F record_motorcycle_north_3rd_street)
F grasp_apple U acquire_orange,F(grasp_apple U acquire_orange)
grasp_orange & F journey_to_flag,G((journey_to_flag & grasp_orange))
G!let_go_orange & F go_near_flag,G(!let_go_orange) & GF(go_near_flag)
F start_going_to_tree -> F gather_pear,G(start_going_to_tree -> F gather_pear)
F(house_1 & F(p_trash_can_4 & F(garbage_dump_3 & pd))),F(p_trash_can_4 & house_1 & F(p_trash_can_4 & garbage_dump_3))
GF(storage_4 & F(p_crate_1 & F(office_2 & pd))),GF(pd & p_crate_1 & storage_4 & office_2)
F(photo & statue_7),F(statue_7 & F photo)
G!park_3 & F(monument_3 & photo),!(park_3 & photo & monument_3)
grab_hold_pear U F journey_by_flag,grab_hold_pear U journey_by_flag
G((elevator_falls & escalator_speeds_up) -> G(car_starts & table_is_brown)),(elevator_falls & escalator_speeds_up) -> G(table_is_brown & car_starts)
G!(constructor_creates_instances | manager_collect_claims) | F((constructor_creates_instances | manager_collect_claims) & F(bridge_closes | escalator_is_blocked)),F((manager_collect_claims | constructor_creates_instances) & F(bridge_closes | escalator_is_blocked))
F blue_room & G!red_room,!red_room U blue_room
G((elevator_is_blocked & motorbike_has_stopped) -> F(engine_stops | escalator_is_blocked)),(elevator_is_blocked & motorbike_has_stopped) -> F(escalator_is_blocked | engine_stops)
take_pear -> GF go_to_pear,G(take_pear -> G go_to_pear)
F((blue_room | yellow_room) & F green_room),F(green_room & (yellow_room | blue_room))
F(office_3 & F(p_document_1 & F(street_2 & G street_2))),F(p_document_1 & office_3 & F(p_document_1 & street_2 & G(street_2)))
F((blue_room | red_room) & F yellow_room),yellow_room & (red_room | blue_room)
F grab_orange | G!drop_apple,G(grab_orange | G(!drop_apple))
!room_2 U (kitchen_1 & F(p_bottle_4 & F(pd & table_4))),!(room_2) U (p_bottle_4 & kitchen_1 & F (p_bottle_4 & table_4))
G(sensor_retrieves_data -> G(constructor_creates_instances -> F brake_is_released)),sensor_retrieves_data -> G(constructor_creates_instances -> F brake_is_released)
G!(elevator_falls & manager_collect_claims) | F(elevator_falls & manager_collect_claims & F(bar_is_down | motorbike_falls_down)),F((elevator_falls & manager_collect_claims) & F(bar_is_down | motorbike_falls_down))
G((engine_stops | table_has_been_moved) -> F(bar_has_to_be_repaired | elevator_rises)),(table_has_been_moved | engine_stops) -> F (bar_has_to_be_repaired | elevator_rises)
G((escalator_speeds_up | motorbike_has_started) -> G(escalator_speeds_up | manager_collect_claims)),F(motorbike_has_started | escalator_speeds_up) -> G(manager_collect_claims | escalator_speeds_up)
come_to_tree & G hold_on_pear,G(hold_on_pear & come_to_tree)
building_9 U (room_2 & F(p_bottle_3 & F(pd & room_6))),(building_9) U (p_bottle_3 & room_2 & F (p_bottle_3 & room_6))
G!(motorbike_catches_fire & sensor_gathers_information) | F(motorbike_catches_fire & sensor_gathers_information & F(elevator_is_blocked & train_stops)),F(sensor_gathers_information & motorbike_catches_fire) & F(train_stops & F elevator_is_blocked)
F yellow_room,yellow_room
G go_by_trash_can & F proceed_to_flag,G(go_by_trash_can & FG proceed_to_flag)
G have_in_orange -> grab_hold_pear,G(have_in_orange -> grab_hold_pear)
G((bar_is_closing & elevator_is_blocked) -> G!(constructor_instantiate_objects & escalator_speeds_up)),F((bar_is_closing & elevator_is_blocked) & G(!(constructor_instantiate_objects & escalator_speeds_up)))
G((sensor_captures_data | table_has_been_moved) -> G!(elevator_falls | elevator_is_blocked)),G((sensor_captures_data | table_has_been_moved) -> !(elevator_is_blocked | elevator_falls))
G!(car_starts & escalator_moves) | F(car_starts & escalator_moves & F bridge_closes),F((escalator_moves & car_starts) & F(bridge_closes))
G((deliver_laptop_shelf & X idle) -> XX deliver_frisbee_shelf),(deliver_laptop_shelf & X idle) -> XX deliver_frisbee_shelf
"F(""p_crate_4 "" & F(""park_1 "" & pd & G park_1))","F(""p_crate_4 "" & F(park_1 & F(pd & G park_1)))"
G((bar_is_down | sensor_retrieves_data) -> G(house_is_built & train_derails)),F((bar_is_down | sensor_retrieves_data) & G(house_is_built & train_derails))
G county_4 & GF(office_3 & F(p_package_4 & F(office_8 & pd))),G(county_4 & (office_3 U (p_package_4 & office_8)))
hold_on_to_pear U F scoop_up_apple,hold_on_to_pear U scoop_up_apple
!G!(deliver_clock_loading_dock & X deliver_clock_loading_dock),"G(F[0,2] deliver_clock_loading_dock)"
F go_by_waste_basket | G!drop_apple,G(go_by_waste_basket -> G(!drop_apple))
G(semaphore_is_yellow -> F(car_starts & house_is_open)),F(semaphore_is_yellow -> F(car_starts & house_is_open))
G!drop_apple | F touch_house,G(!drop_apple) | G(touch_house -> F(touch_house))
get_hold_of_pear U F scoop_up_pear,get_hold_of_pear U scoop_up_pear
F spend_time_at_tree | GF grab_tree,G(spend_time_at_tree | GF grab_tree)
F travel_to_house -> G!drop_apple,G(travel_to_house -> G(!drop_apple))
stop_by_flag -> grasp_orange,G(stop_by_flag -> grasp_orange)
G!(brake_is_released & car_enters & engine_stops),!(car_enters & brake_is_released & engine_stops)
G!(engine_breaks | manager_handles_requests) | F((engine_breaks | manager_handles_requests) & F(escalator_moves | manager_collect_claims)),F((engine_breaks | manager_handles_requests) & F(escalator_moves | manager_collect_claims))
G!train_has_arrived | F(train_has_arrived & F(car_enters & motorbike_catches_fire)),F(train_has_arrived) & F(motorbike_catches_fire & X car_enters)
G((brake_is_released | house_collapses) -> F sensor_captures_data),(brake_is_released | house_collapses) -> F sensor_captures_data
F(store_6 & F(p_box_1 & F(house_9 & pd))) & F(intersection_5 & G intersection_5),F(p_box_1 & store_6 & F(p_box_1 & house_9 & F(G intersection_5)))
(!building_3 U garage_3) & FG building_3,(!building_3 U garage_3) & G(garage_3 -> G building_3)
G!(house_collapses & house_is_open) | F(house_collapses & house_is_open & F bridge_closes),F((house_collapses & house_is_open) & X(bridge_closes))
G((brake_is_pressed & train_has_arrived) -> F(semaphore_is_red | train_derails)),F(train_derails | ((brake_is_pressed & train_has_arrived) -> X semaphore_is_red))
G((motorbike_falls_down & sensor_captures_data) -> G(house_collapses | motorbike_falls_down)),(sensor_captures_data & motorbike_falls_down) -> G(motorbike_falls_down | house_collapses)
F visit_waste_basket & !F pick_up_anything,G(visit_waste_basket & !pick_up_anything)
G(deliver_car_shelf -> XG!pickup_bicycle),G(deliver_car_shelf -> G(!pickup_bicycle))
F(photo & statue_5),statue_5 & photo
F take_possession_of_bear -> !F pick_up_anything,G(take_possession_of_bear -> !pick_up_anything)
secure_apple & F go_by_waste_basket,F(go_by_waste_basket & secure_apple)
F go_to_trash_receptacle | G!let_go_orange,G(go_to_trash_receptacle | G(!let_go_orange))
G(photo_pedestrian_southeast_1st_avenue -> XG!change_light_west_green),G(photo_pedestrian_southeast_1st_avenue -> G(!change_light_west_green))
G((bar_has_to_be_repaired & brake_is_released) -> G(motorbike_falls_down & table_has_been_moved)),(brake_is_released & bar_has_to_be_repaired) -> G(motorbike_falls_down & table_has_been_moved)
G((manager_handles_requests | table_is_old) -> G(car_starts & table_is_brown)),(manager_handles_requests | table_is_old) -> G(table_is_brown & car_starts)
G((brake_is_released | escalator_is_blocked) -> G(sensor_gathers_information & train_stops)),(brake_is_released | escalator_is_blocked) -> G(train_stops & sensor_gathers_information)
G(semaphore_is_yellow -> G(constructor_creates_instances | house_is_built)),semaphore_is_yellow -> G(constructor_creates_instances | house_is_built)
F get_pear | G hold_onto_orange,G(get_pear | G hold_onto_orange)
G!let_go_orange U F make_way_for_tree,!let_go_orange U make_way_for_tree
!G!(get_help & X get_help),"G(F[0,2] get_help)"
F get_orange -> F go_to_house,G(get_orange -> F go_to_house)
F make_your_way_flag U hold_pear,F(make_your_way_flag U hold_pear)
G!(bar_has_to_be_repaired | table_is_old) | F((bar_has_to_be_repaired | table_is_old) & F(elevator_is_blocked | house_is_open)),F((bar_has_to_be_repaired | table_is_old) & F(elevator_is_blocked | X house_is_open))
G((car_starts | table_is_old) -> G(bar_is_down & brake_is_pressed)),F((table_is_old | car_starts) & G((brake_is_pressed & bar_is_down)))
G!sensor_gathers_information | F(sensor_gathers_information & F(constructor_creates_instances | elevator_is_blocked)),F(sensor_gathers_information & F(constructor_creates_instances | X elevator_is_blocked))
G((record_person_southwest_6th_avenue & X change_light_north_red) -> XX get_help),(record_person_southwest_6th_avenue & X change_light_north_red) -> XX get_help
G touch_flag | F show_yourself_near_house,G(touch_flag | F show_yourself_near_house)
record_pedestrian_southeast_7th_avenue U change_light_west_yellow,F(record_pedestrian_southeast_7th_avenue & F change_light_west_yellow)
G!street_4 & F(store_7 & F(p_package_8 & F(house_2 & pd))),G(!(street_4 & p_package_8))
G(get_help -> XG!change_light_south_green),G(get_help -> G(!change_light_south_green))
G!(manager_handles_requests & motorbike_falls_down) | F(manager_handles_requests & motorbike_falls_down & F(manager_collect_claims & sensor_captures_data)),F((manager_handles_requests & motorbike_falls_down) & F(manager_collect_claims & sensor_captures_data))
G!(sensor_gathers_information & train_derails & train_has_arrived),!(train_has_arrived & (train_derails & sensor_gathers_information))
take_apple & F show_yourself_near_house,G(show_yourself_near_house & take_apple)
G!(bar_is_down | bridge_closes | escalator_speeds_up),!(escalator_speeds_up | bar_is_down | bridge_closes)
G!(elevator_is_open & manager_collect_claims) | F(elevator_is_open & manager_collect_claims & F(brake_is_pressed | bridge_closes)),F((elevator_is_open & manager_collect_claims) & F(brake_is_pressed | bridge_closes))
G(deliver_aid_injured_hostile -> XG!go_home),G(deliver_aid_injured_hostile -> G(!go_home))
F proceed_to_flag -> acquire_apple,G(proceed_to_flag -> F acquire_apple)
G((brake_is_released | sensor_captures_data) -> G(brake_is_pressed | elevator_is_blocked)),G((sensor_captures_data | brake_is_released) -> (brake_is_pressed | elevator_is_blocked))
G((elevator_is_blocked & semaphore_is_green) -> F(elevator_falls | elevator_is_open)),F((semaphore_is_green & elevator_is_blocked) -> F(elevator_falls | elevator_is_open))
G have_apple | F go_to_apple,G(have_apple | G(go_to_apple -> F have_apple))
F yellow_room,yellow_room
F(house_5 & F(p_box_4 & F(office_2 & pd))),F(p_box_4 & house_5 & F(p_box_4 & office_2 & pd))
G!(elevator_rises | motorbike_falls_down),!(motorbike_falls_down | elevator_rises)
G((bar_is_closing & semaphore_is_green) -> G!(car_stops | house_collapses)),F((bar_is_closing & semaphore_is_green) -> G(!(car_stops | house_collapses)))
G((motorbike_falls_down & table_has_been_moved) -> G(manager_handles_requests | motorbike_has_started)),(motorbike_falls_down & table_has_been_moved) -> G(manager_handles_requests | motorbike_has_started)
G((photo_motorcycle_east_10th_street <-> photo_vehicle_north_10th_street) -> (change_light_east_red <-> photo_vehicle_north_10th_street)),G((photo_motorcycle_east_10th_street & photo_vehicle_north_10th_street) -> (photo_vehicle_north_10th_street & change_light_east_red))
G((brake_is_released | car_stops) -> G(sensor_captures_data | train_has_been_launched)),G(sensor_captures_data | F((car_stops | brake_is_released) & F train_has_been_launched))
G(avoid_nearest_flood -> XG!record_flood),G(avoid_nearest_flood -> G(!record_flood))
venture_towards_house & F venture_to_house,venture_towards_house & G venture_to_house
F(photo & statue_2) & (!statue_2 U park_5),(!statue_2) U (park_5 & photo)
G((deliver_car_shelf & X search_remote) -> XX idle),(deliver_car_shelf & X search_remote) -> XX idle
(!street_4 U intersection_2) & F(house_13 & p_trash_13),(!street_4) U (intersection_2 & F (house_13 & F p_trash_13))
G((bar_has_to_be_repaired | escalator_moves) -> G(bridge_opens & engine_stops)),G((bar_has_to_be_repaired | escalator_moves) -> (engine_stops & bridge_opens))
G!(bridge_closes & train_has_arrived) | F(bridge_closes & train_has_arrived & F(sensor_captures_data & sensor_gathers_information)),F(train_has_arrived & bridge_closes) & F(sensor_captures_data & X sensor_gathers_information)
G!(car_starts & semaphore_is_broken) | F(car_starts & semaphore_is_broken & F(car_enters & motorbike_catches_fire)),F(car_starts & semaphore_is_broken & F(motorbike_catches_fire & X car_enters))
G((house_collapses | semaphore_is_green) -> G(engine_breaks & sensor_retrieves_data)),(semaphore_is_green | house_collapses) -> G(sensor_retrieves_data & engine_breaks)
communicate_safe_hostile U avoid_inactive_unstable_beam,F(communicate_safe_hostile & F avoid_inactive_unstable_beam)
G((record_collision_north_5th_street & X get_help) -> XX photo_car_north_4th_street),(record_collision_north_5th_street & X get_help) -> XX photo_car_north_4th_street
(park_5 U bench_4) & F(store_2 & F(p_bottle_5 & F(bench_4 & pd))),(park_5 U bench_4) & F(store_2 & p_bottle_5 & F bench_4)
G!(escalator_is_blocked & sensor_captures_data) | F(escalator_is_blocked & sensor_captures_data & F sensor_gathers_information),F((escalator_is_blocked & sensor_captures_data) & F sensor_gathers_information)
GF charger_3 & GF(area_3 & photo),G(photo & area_3 -> G charger_3)
G((sensor_retrieves_data & table_is_old) -> F(house_collapses & motorbike_falls_down)),(table_is_old & sensor_retrieves_data) -> F(house_collapses & motorbike_falls_down)
F venture_house U F go_to_trash_bin,G(venture_house U go_to_trash_bin)
building_4 U (room_43 & F(p_folder_3 & F(pd & room_12))),!building_4 U (p_folder_3 & room_43 & F (p_folder_3 & room_12))
G!(engine_starts & train_has_been_launched) | F(engine_starts & train_has_been_launched & F(brake_is_pressed | bridge_closes)),F((engine_starts & train_has_been_launched) & F(brake_is_pressed | X bridge_closes))
hold_pear | F stand_by_tree,G(stand_by_tree | hold_pear)
(!photo U park_5) & F(landmark_4 & photo),(!photo) U (park_5 & F(landmark_4 & F photo))
prop_1 -> G!prop_2,G(prop_1 -> G(!prop_2))
prop_3 | ((prop_1 & prop_2) U prop_4),(prop_2 & prop_1) -> ((prop_2 & prop_1) U (prop_4 | prop_3))
F(prop_1 & F prop_2),G(prop_1) & F(prop_2)
(prop_1 <-> prop_3) -> !prop_2,F(prop_1 <-> prop_3) -> G(!prop_2)
F(prop_1 | GF prop_2),G(prop_1 | G prop_2)
G(prop_1 -> G prop_2),G(prop_1 -> X prop_2)
(prop_2 -> prop_3) | F prop_1,(prop_2 U prop_3) | F prop_1
F(prop_1 | F prop_2),G(prop_1 | F prop_2)
F prop_1 -> F prop_2,G(prop_1 -> G(prop_2))
(prop_2 -> prop_1) <-> G prop_3,G(prop_2 -> prop_1) <-> G(prop_3)
!prop_1 U (prop_2 | prop_3),(!prop_2) U (prop_1 | prop_3)
prop_4 | (prop_1 <-> (prop_2 | prop_3)),(prop_3 | (prop_2 <-> prop_1)) | prop_4
prop_1 & F(prop_2 | prop_3),F((prop_2 | prop_3) & prop_1)
(prop_2 -> prop_1) <-> (prop_3 <-> prop_4),(prop_2 -> (prop_1 <-> (prop_3 <-> prop_4)))
G(!prop_1 | prop_2),G(!prop_1) | prop_2
prop_1 & GF prop_2,prop_1 & G prop_2
G((prop_2 & prop_4) -> (prop_1 & prop_3)),G((prop_2 & prop_4) -> (prop_3 & X prop_1))
G((prop_1 | prop_3) -> (prop_2 U prop_4)),G((prop_3 | prop_1) -> F(prop_4 && F prop_2))
F(prop_1 | G prop_2),F prop_1 | G prop_2
G((prop_1 & prop_4) -> (prop_2 | prop_3)),G((prop_1 & prop_4) -> (prop_2 & !prop_3))
(prop_3 & (prop_1 <-> prop_2)) -> prop_4,((prop_2 <-> (prop_1 & prop_3)) -> prop_4)
prop_1 & F prop_2,prop_1 & G prop_2
G(prop_1 -> (prop_3 U prop_2)),prop_1 -> (!prop_3 U prop_2)
(prop_1 -> prop_2) -> F prop_3,G(prop_1 -> X(prop_2 & F prop_3))
G prop_2 -> (prop_1 & prop_3),G(prop_2 -> (prop_1 & prop_3))
F prop_1 -> prop_2,G(prop_1 -> prop_2)
F(prop_1 U F prop_2),prop_1 U prop_2
G((prop_2 & prop_3) -> G prop_1),G((prop_3 & prop_2) -> prop_1)
G(!prop_1 & F prop_2),G(!prop_1) & F(prop_2)
G(!prop_1 | F prop_2),G(!prop_1) | F(prop_2)
G((prop_2 | prop_3) -> (prop_1 & prop_4)),((prop_3 | prop_2) -> (prop_1 & prop_4))
G((prop_1 | prop_3) -> GF prop_2),G((prop_3 | prop_1) -> G prop_2)
F(prop_1 U prop_2),prop_1 U prop_2
G((prop_1 | prop_2) -> FG prop_3),(prop_1 | prop_2) -> F G prop_3
!prop_2 & (prop_1 <-> prop_3),(prop_1 -> prop_3) & !prop_2
(prop_2 <-> prop_3) & G prop_1,G(prop_1 & (prop_3 <-> prop_2))
F(prop_1 & !F prop_2),F(prop_1 & !prop_2)
G((prop_1 | prop_2) -> G prop_3),G((prop_1 | prop_2) -> prop_3)
G(prop_2 & F prop_1),G(prop_1 & prop_2)
G(prop_1 | G prop_2),G(prop_1) | G(prop_2)
F(prop_1 <-> prop_2) -> prop_3,F((prop_2 <-> prop_1) U prop_3)
G(prop_1 -> prop_2),prop_1 -> G(prop_2)
(prop_2 | prop_3) & G prop_1,G(prop_2 | prop_3) & G(prop_1)
!prop_2 U (prop_1 & prop_3),!prop_2 -> (! (prop_1 & prop_3) U (prop_1 & prop_3))
G((prop_1 | prop_2) -> (prop_3 | prop_4)),(prop_2 | prop_1) -> (prop_4 | prop_3)
G(F prop_1 & F prop_2),GF prop_1 & G(prop_2 -> prop_1)
(prop_2 -> prop_3) U (prop_1 <-> prop_4),(prop_2 U (prop_2 <-> prop_3)) & (G(prop_1 -> prop_4))
(prop_1 -> prop_2) -> !prop_3,(prop_1 -> (prop_2 -> !prop_3))
(prop_1 -> prop_2) & G prop_3,G(prop_3) & G(prop_1 -> F prop_2)
(prop_2 | prop_3) U !prop_1,((prop_2 | prop_3) -> ((prop_2 | prop_3) U !prop_1))
prop_3 | (prop_1 & (prop_2 U prop_4)),(F(prop_2 U prop_4) & prop_1) | prop_3
F(prop_1 & G prop_2),G(prop_1) & G(prop_2)
F prop_2 -> (prop_3 -> prop_1),prop_2 -> (prop_3 & X prop_1)
prop_1 U F prop_2,prop_1 U prop_2
F(prop_1 | G!prop_2),G(prop_1) | !F(prop_2)
F prop_1,prop_1
(prop_1 -> prop_4) | (prop_2 & prop_3),(prop_1 U prop_4) | (prop_3 & prop_2)
G((prop_1 & prop_3) -> F prop_2),(prop_3 & prop_1) -> F prop_2
F(prop_1 & GF prop_2),F prop_1 & G prop_2
!prop_2 U (prop_1 <-> prop_3),(!prop_1) U (prop_2 & prop_3)
!prop_3 & (prop_1 -> prop_2),(prop_1 -> prop_2) & G(!prop_3)
prop_1 & prop_2 & !prop_3,G(!prop_3) & F(prop_1) & F(prop_2)
(prop_1 <-> prop_4) U (prop_3 -> prop_2),(prop_3 <-> prop_2) U (prop_1 -> prop_4)
G(F prop_1 | F prop_2),GF prop_1 | F prop_2
G prop_2 -> (prop_1 -> prop_3),G(prop_2) -> G(prop_1 -> prop_3)
(prop_1 & prop_3) -> (prop_2 -> prop_4),G((prop_1 & prop_3) -> (prop_2 -> F prop_4))
G((prop_1 & prop_3) -> (prop_4 U prop_2)),G((prop_1 & prop_3) -> (prop_2 U prop_4))
(prop_2 | prop_3) U (prop_1 | prop_4),((prop_2 | prop_3) -> ((prop_2 | prop_3) U (prop_1 | prop_4)))
prop_1 & F(prop_2 <-> prop_3),F((prop_2 <-> prop_3) & prop_1)
(prop_1 <-> prop_4) & (prop_3 -> prop_2),((prop_1 <-> prop_4) & prop_3) -> prop_2
(prop_2 | prop_4) U (prop_1 & prop_3),F((prop_2 | prop_4) & F(prop_3 & prop_1))
((prop_1 <-> prop_2) U prop_3) -> prop_4,F((prop_2 <-> prop_1) U prop_3) -> prop_4
(G prop_1 -> prop_3) -> !prop_2,(G(prop_1 -> prop_3)) -> !prop_2
prop_1 <-> ((prop_3 & prop_4) U prop_2),((prop_3 & prop_4) U prop_2) -> prop_1
prop_1 & prop_3 & F prop_2,prop_3 & X(prop_1 & X G prop_2)
F(prop_1 -> G prop_2),F(prop_2 & GX prop_1)
G(!prop_1 & prop_2),G(!(prop_1 & prop_2))
prop_4 | ((prop_1 | prop_2) -> prop_3),((prop_1 | prop_2) -> F prop_3) | prop_4
G(prop_1 & prop_2),G(prop_1) & prop_2
prop_2 & (!prop_1 -> prop_3),!prop_1 -> (prop_3 & prop_2)
(prop_1 U prop_3) U prop_2,prop_1 & F(prop_3 & F prop_2)
(prop_1 -> prop_3) U (prop_2 | prop_4),(prop_1 U prop_3) & G((prop_2 | prop_4) -> !F prop_3)
G(prop_1 -> (prop_2 & prop_3)),prop_1 -> (prop_3 & prop_2)
G((prop_1 & prop_2) -> !F prop_3),G((prop_2 & prop_1) -> !prop_3)
(prop_1 -> prop_3) U !prop_2,(!prop_1) U (prop_3 -> prop_2)
(prop_1 | prop_2) <-> F prop_3,F(prop_3 <-> (prop_1 | prop_2))
prop_1 -> F prop_2,G(prop_1 -> G(prop_2))
G prop_1 -> F prop_2,G(prop_1) -> G(prop_2 -> F prop_2)
(!prop_1 -> !prop_3) & G prop_2,(!prop_3 -> !prop_1) & G prop_2
G((prop_1 & prop_2) -> prop_3),G((prop_1 & prop_2) -> X prop_3)
G((prop_1 & prop_2) -> FG prop_3),(prop_1 & prop_2) -> F prop_3
(prop_2 -> prop_1) <-> (prop_3 & prop_4),(G(prop_2 -> F prop_1)) <-> (prop_3 & prop_4)
(prop_2 -> prop_1) -> prop_3,((prop_2 -> F prop_1) -> prop_3)
prop_3 | (prop_4 & (prop_1 -> prop_2)),(prop_1 -> prop_2) & (prop_4 | prop_3)
!prop_2 | (prop_3 <-> F prop_1),F((prop_1 <-> prop_3) | !prop_2)
(!prop_1 <-> prop_3) | G prop_2,G(prop_2 | (!prop_1 <-> prop_3))
prop_3 | (prop_2 & G prop_1),G((prop_1 & prop_2) | prop_3)
G(prop_1 | F prop_2),G(prop_1) | F(prop_2)
(prop_1 | prop_2) & F prop_3,((prop_1 | prop_2) U prop_3)
((prop_3 U prop_2) -> prop_4) -> prop_1,((prop_3 U prop_2) -> F prop_4) -> F prop_1
G!prop_1 -> F prop_2,G(!prop_1) <-> G(prop_2)
F(prop_1 & G!prop_2),G(prop_1) & G(!prop_2)
prop_1 <-> !(prop_2 U prop_3),!(prop_2 U F prop_3) <-> prop_1
(prop_4 U prop_2) -> (prop_1 -> prop_3),(prop_4 U prop_2) -> F(prop_1 & F prop_3)
(prop_2 -> prop_1) & (prop_3 U prop_4),prop_2 -> (prop_1 & (prop_3 U prop_4))
(prop_1 & prop_4) U (prop_2 & prop_3),G((prop_1 & prop_4) -> (prop_1 & prop_4) U (prop_3 & prop_2))
F prop_2 -> (prop_1 & prop_3),G(prop_2 -> (prop_1 & prop_3))
prop_3 | prop_4 | (prop_1 -> prop_2),(prop_1 -> prop_2) | (!prop_1 & prop_3) | (!prop_1 & !prop_3 & prop_4)
G(prop_1 U prop_2),(G prop_1) U prop_2
(prop_1 -> prop_2) & F prop_3,prop_3 & (prop_1 -> prop_2)
prop_2 & prop_3 & (prop_1 -> prop_4),(prop_2 & prop_3) & (prop_4 -> prop_1)
GF prop_1 -> F prop_2,G(prop_1) -> G(prop_2)
prop_3 & !(prop_1 | prop_2),(prop_2 | !prop_1) & prop_3
G(F prop_1 U prop_2),(G prop_1) U prop_2
(prop_3 <-> (prop_1 & prop_4)) U prop_2,(F(prop_4 & prop_1)) <-> (prop_3 U prop_2)
(prop_1 & prop_2) <-> F prop_3,F(prop_3 <-> (prop_2 & prop_1))
G(F prop_1 U F prop_2),(G prop_1) U (F prop_2)
prop_2 & (prop_3 | (prop_4 U prop_1)),(prop_4 U prop_1) | (prop_3 & prop_2)
(prop_3 -> prop_4) <-> (prop_1 U prop_2),(prop_1 U prop_2) <-> (prop_3 & F prop_4)
((prop_1 & prop_4) U prop_3) -> prop_2,F((prop_4 & prop_1) U prop_3) -> prop_2
!(prop_1 | F prop_2),!prop_1 | G(prop_2 -> prop_2)
(prop_3 -> prop_1) & (prop_2 -> prop_4),(G(prop_3 -> prop_1)) & (G(prop_2 -> prop_4))
prop_3 | ((prop_1 <-> prop_2) U prop_4),F((prop_1 <-> prop_2) U prop_4) | prop_3
!(prop_1 U F prop_2),!prop_1 U prop_2
prop_4 <-> (prop_3 & (prop_1 -> prop_2)),((prop_1 -> prop_2) & (prop_3 -> prop_4)) <-> prop_4
F prop_1 -> GF prop_2,F(prop_1) -> G(prop_2)
G(prop_1 | prop_2),G(prop_1) | prop_2
prop_1 | G(prop_2 & prop_3),G((prop_2 & prop_3) | prop_1)
G(!prop_1 U F prop_2),!prop_1 U prop_2
!(prop_2 & F prop_1),!(prop_1 & prop_2)
(prop_2 & prop_3 & prop_4) -> prop_1,G((prop_2 & prop_3 & prop_4) -> F prop_1)
!(prop_1 | prop_2),!(prop_1) | prop_2
G!prop_1 -> prop_2,G(!prop_1) <-> prop_2
(prop_1 | prop_3) U (prop_2 <-> prop_4),(prop_4 | prop_2) U (prop_3 <-> prop_1)
prop_1 -> GF prop_2,G(prop_1 -> G prop_2)
G((prop_2 U prop_3) -> FG prop_1),G(F(prop_3 U prop_2) -> F(G prop_1))
prop_4 <-> ((prop_1 | prop_3) U prop_2),(F((prop_3 | prop_1) U prop_2)) <-> prop_4
prop_1 & !prop_2 & prop_3,G(!prop_2) & F(prop_3 & prop_1)
(prop_1 & prop_3) U (prop_2 -> prop_4),G((prop_3 & prop_1) -> ((prop_3 & prop_1) U (prop_2 & X prop_4)))
(prop_2 -> prop_3) | (prop_1 <-> prop_4),((prop_2 -> prop_3) | !prop_2) <-> prop_4
!prop_1 <-> (prop_3 & G prop_2),G(prop_2 & prop_3) <-> !prop_1
(prop_1 <-> prop_2) <-> G prop_3,G(prop_3 <-> (prop_2 <-> prop_1))
(prop_3 U prop_2) -> prop_1,(prop_3 U prop_2) & F prop_1
prop_1 & prop_3 & G prop_2,G(prop_2 & (prop_3 & prop_1))
G prop_1,F prop_1
prop_1 U G!prop_2,prop_1 U !prop_2
!(F prop_1 & F prop_2),!prop_1 & GF prop_2
prop_4 <-> (prop_1 | (prop_2 -> prop_3)),prop_2 <-> ((G(prop_3 -> F prop_1)) | prop_4)
(prop_2 <-> prop_4) -> (prop_1 | prop_3),(prop_2 <-> prop_4) -> F(prop_1 | prop_3)
(prop_2 | prop_3) U (prop_1 -> prop_4),F((prop_2 | prop_3) -> ((prop_2 | prop_3) U (prop_1 -> prop_4)))
(!prop_1 -> prop_2) U prop_3,(!prop_1) -> (prop_2 U prop_3)
(prop_2 <-> (prop_1 | prop_4)) U prop_3,F((prop_1 | prop_4) <-> prop_2) U prop_3
(!prop_1 & prop_3) | G prop_2,F(!prop_1 & prop_3) | G prop_2
!(prop_1 | !prop_2),!prop_1 | !prop_2
!prop_3 -> (prop_2 & F prop_1),!prop_3 -> F(prop_1 & prop_2)
(prop_1 & (prop_2 | prop_4)) -> prop_3,F((prop_2 | prop_4) & prop_1) -> prop_3
prop_4 & ((prop_2 U prop_3) -> prop_1),((prop_2 U prop_3) -> (prop_1 & prop_4))
prop_3 | !(prop_2 -> prop_1),!(prop_2 -> (F prop_1 | prop_3))
F prop_1 & G!prop_2,F(prop_1 & G(!prop_2))
prop_2 <-> F(prop_3 -> prop_1),F((prop_3 -> prop_1) <-> prop_2)
(prop_1 | prop_4) -> (prop_2 -> prop_3),((prop_4 | prop_1) -> (F prop_2 & (prop_2 U prop_3)))
prop_2 <-> G(prop_3 -> prop_1),G(prop_3 -> (prop_1 <-> prop_2))
prop_1 | G(prop_2 <-> prop_3),G((prop_2 <-> prop_3) | prop_1)
G(prop_1 U F prop_2),(G prop_1) U prop_2
prop_3 <-> (prop_1 | (prop_4 U prop_2)),((prop_4 U (prop_2 | prop_1)) -> prop_3)
prop_2 & ((prop_3 | prop_4) U prop_1),F((prop_3 | prop_4) U prop_1) & prop_2
(prop_3 -> prop_1) -> (prop_2 <-> prop_4),G((prop_3 & F prop_1) -> (prop_2 <-> prop_4))
!(prop_1 & G prop_2),(!prop_1) & G prop_2
(prop_3 -> prop_1) <-> F prop_2,F prop_2 <-> (prop_3 & F prop_1)
(prop_2 & prop_3) U (prop_1 | prop_4),(prop_3 & prop_2) -> ((prop_3 & prop_2) U (prop_1 | prop_4))
prop_1 <-> (prop_2 -> prop_3),(prop_2 & FX prop_3) <-> prop_1
prop_1 | G(prop_2 | prop_3),G((G prop_2 | prop_3) | prop_1)
prop_1 & (prop_2 | prop_3),prop_3 | (prop_2 & prop_1)
prop_2 & ((prop_3 -> prop_1) U prop_4),prop_3 -> (F(prop_1 U prop_4) & prop_2)
((prop_3 & prop_5) -> (prop_6 U !prop_4)) & (prop_1 U !prop_2),(prop_5 & prop_3) -> ((prop_6 U !prop_4) & (prop_1 U !prop_2))
(prop_1 & prop_2) U (prop_3 <-> prop_4),G((prop_1 & prop_2) -> (prop_3 <-> prop_4))
prop_3 & G(prop_1 -> prop_2),G((prop_1 -> prop_2) & prop_3)
F(prop_1 | !prop_2),G(prop_1 | !prop_2)
prop_1 | prop_2 | !prop_3,!prop_3 -> (prop_2 | prop_1)
(prop_1 & (prop_3 -> prop_4)) -> prop_2,((prop_3 -> (prop_4 & prop_1)) -> prop_2)
!(prop_1 & (prop_3 U prop_2)),!(prop_3 U (prop_2 & prop_1))
!(prop_3 | (prop_1 U prop_2)),!( (prop_1 U (prop_2 | prop_3)) )
prop_3 <-> G(prop_1 & prop_2),G((prop_1 & prop_2) <-> prop_3)
!prop_1 <-> (prop_3 & F prop_2),F(prop_2 & prop_3) <-> !prop_1
GF prop_1 -> prop_2,G(prop_1 -> prop_2)
prop_1 -> !prop_2,G(prop_1 -> !prop_2)
prop_2 <-> ((prop_1 -> prop_3) U prop_4),(F(prop_1) -> (prop_3 U prop_4)) <-> prop_2
(prop_1 -> prop_2) -> (prop_3 | prop_4),(F(prop_1 & F prop_2)) -> (F prop_4 | F prop_3)
G(!prop_1 | G!prop_2),G(!prop_1) | G(!prop_2)
prop_2 & G(!prop_3 -> prop_1),G(!prop_3 -> (prop_1 & prop_2))
prop_3 & !(prop_1 U prop_2),!( (prop_1 U prop_2) & prop_3 )
prop_1 & prop_4 & (prop_2 | prop_3),(prop_3 | (prop_2 & prop_1)) & prop_4
prop_3 | ((prop_1 -> prop_4) U prop_2),(F(prop_1) -> (prop_4 U prop_2)) | prop_3
F(prop_1 U GF prop_2),G(prop_1 U G prop_2)
prop_2 & (prop_1 | prop_3 | prop_4),G((prop_4 | prop_3 | prop_1) -> F prop_2)
G(F prop_1 | G!prop_2),GF prop_1 | G ! prop_2
prop_3 | ((prop_1 -> prop_2) -> prop_4),((prop_1 -> prop_2) & X(prop_1 -> prop_4)) | prop_3
(!prop_3 -> prop_1) & F prop_2,(!prop_3) -> (prop_1 & F prop_2)
prop_1 | !F prop_2,prop_1 | !prop_2
(prop_1 -> prop_2) U (prop_3 -> prop_4),(! (prop_1 & prop_2)) U (prop_3 -> prop_4)
F photo_injured_person -> (!photo_injured_person U (avoid_impending_gas_leak & !photo_injured_person)),G(photo_injured_person -> (F avoid_impending_gas_leak V photo_injured_person))
put_in_bin & G!drop_pear,G(!(drop_pear & put_in_bin))
F(office_4 & F(p_box_2 & F(house_1 & pd))),F(pd & office_4 & p_box_2) & F(F(pd & office_4 & p_box_2) -> F(pd & house_1 & p_box_2))
GF(landmark_21 & photo),G(photo & landmark_21)
G((house_is_built | sensor_captures_data) -> F(manager_handles_requests & table_is_brown)),(house_is_built | sensor_captures_data) -> F(manager_handles_requests & table_is_brown)
F(house_4 & F(p_stack_4 & F(street_2 & G street_2))),F(p_stack_4 & house_4 & F(street_2 & G street_2))
F((red_room | yellow_room) & F green_room),G(!yellow_room) & F((red_room | yellow_room) & X(green_room))
F red_room & G!green_room,(!green_room) U red_room
G(record_jaywalker_northwest_5th_street -> XG!photo_cyclist_north_8th_street),G(record_jaywalker_northwest_5th_street -> G(!photo_cyclist_north_8th_street))
stop_by_flag & G!drop_apple,G(!drop_apple & stop_by_flag)
hold_on_to_pear & G!let_go_orange,G(!let_go_orange & hold_on_to_pear)
G(house_is_built -> G(table_is_brown -> F car_starts)),house_is_built -> G(table_is_brown -> F car_starts)
G((elevator_rises | table_is_brown) -> F(bar_is_up | car_enters)),(table_is_brown | elevator_rises) -> F (car_enters | bar_is_up)
(!store_4 U street_6) & F(office_2 & F(p_package_8 & F(pd & store_4))),(!store_4 U street_6) & (F(office_2 & p_package_8) & F(store_4 & p_package_8))
F get_pear U take_pear,F(get_pear U take_pear)
F visit_trash_bin | G!drop_orange,G(visit_trash_bin | G(!drop_orange))
!locality_5 U (house_2 & F(p_pass_5 & F(office_3 & pd))),(!locality_5) U (p_pass_5 & F(office_3))
G((communicate_safe_rescuer <-> deliver_aid_safe_hostile) -> (deliver_aid_safe_hostile <-> record_injured_victim)),G((communicate_safe_rescuer & deliver_aid_safe_hostile) -> (deliver_aid_safe_hostile & record_injured_victim))
G!park_3 & F(monument_3 & photo),G(!(park_3 & photo & monument_3))
GF(building_5 & photo) & GF charger_4,G(photo & building_5 & charger_4)
G(idle -> XG!get_help),G(idle -> G(!get_help))
G!(bar_is_closing | escalator_speeds_up) | F((bar_is_closing | escalator_speeds_up) & F(motorbike_catches_fire & sensor_gathers_information)),F((escalator_speeds_up | bar_is_closing) & F(sensor_gathers_information & motorbike_catches_fire))
(!landmark_5 U park_5) & F(landmark_5 & photo),(!landmark_5 U park_5) & F photo
G!(p_cone_1 | p_cone_2),G(!(p_cone_1 & p_cone_2))
GF(store_4 & F(p_box_2 & F(hall_8 & pd))),GF(p_box_2 & store_4 & F(p_box_2 & hall_8))
G((manager_handles_requests | table_is_old) -> G(escalator_speeds_up | motorbike_has_started)),G((manager_handles_requests | table_is_old) -> (motorbike_has_started | escalator_speeds_up))
G!(bar_is_down | engine_breaks) | F((bar_is_down | engine_breaks) & F(house_is_built & table_is_brown)),F((engine_breaks | bar_is_down) & F(table_is_brown & house_is_built))
venture_towards_house | G!drop_apple,G(!drop_apple & !venture_towards_house)
G((bar_is_up & elevator_falls) -> G!(brake_is_released & sensor_captures_data)),F(elevator_falls & bar_is_up) -> G(!(sensor_captures_data & brake_is_released))
secure_apple & venture_towards_house,F(venture_towards_house & F secure_apple)
F journey_by_house & !F pick_up_anything,G(journey_by_house & !pick_up_anything)
GF(area_9 & photo) & GF(camp_4 & F(p_ordnance_3 & F(camp_9 & pd))),G(photo & area_9) & GF(p_ordnance_3 & camp_4 & F(p_ordnance_3 & camp_9))
F go_by_flag & F haul_pear,GF(go_by_flag) & G(haul_pear -> go_by_flag)
G((change_light_east_red <-> record_vehicle_southwest_4th_avenue) -> (record_collision_west_9th_avenue <-> record_vehicle_southwest_4th_avenue)),G((change_light_east_red & record_vehicle_southwest_4th_avenue) -> (record_vehicle_southwest_4th_avenue & record_collision_west_9th_avenue))
F(red_room & F blue_room),F(blue_room & F(blue_room))
drop_pear | F go_to_transh_can,G(go_to_transh_can -> drop_pear)
F migrate_to_tree & F go_to_transh_can,G(migrate_to_tree -> F go_to_transh_can)
G((elevator_falls & escalator_speeds_up) -> G(sensor_captures_data | train_has_been_launched)),F(elevator_falls & escalator_speeds_up) -> G(sensor_captures_data | train_has_been_launched)
F(table_8 & F(p_brochure_2 & F(pd & table_1))),F(pd & p_brochure_2 & table_8) & F(F(pd & p_brochure_2 & table_8) & F(pd & p_brochure_2 & table_1))
G((house_collapses | motorbike_falls_down) -> G(escalator_is_blocked & motorbike_falls_down)),G((motorbike_falls_down | house_collapses) -> F(motorbike_falls_down & escalator_is_blocked))
G((elevator_is_open | house_is_built) -> G semaphore_is_yellow),F(elevator_is_open | house_is_built) -> G(semaphore_is_yellow)
F(office_5 & F(p_letter_4 & F(house_2 & pd))),F(office_5 & p_letter_4 & pd) & F(house_2 & p_letter_4 & pd)
F visit_house -> pick_up_flag,F(visit_house) -> F(pick_up_flag)
advance_to_tree & !let_go_pear,F(advance_to_tree & G(!let_go_pear))
(!office_4 U p_pass_6) & F(house_5 & F(p_pass_6 & F(office_4 & pd))),(!office_4) U p_pass_6
F travel_to_flag | F procure_pear,G(travel_to_flag | F procure_pear)
GF(warehouse_3 & F(p_crate_4 & F(pd & store_9))) & GF charger_3,GF(warehouse_3 & p_crate_4 & F(store_9 & pd)) & GF(charger_3)
G((motorbike_has_started & semaphore_is_red) -> G!(escalator_moves | sensor_captures_data)),F(motorbike_has_started & semaphore_is_red) -> G(!(sensor_captures_data | escalator_moves))
deliver_bed_shelf U get_help,F(deliver_bed_shelf & F get_help)
grip_apple | G stay,G(stay | grip_apple)
idle -> X((pickup_bed U pickup_sports_ball) | G pickup_bed),G(idle -> X((pickup_bed U pickup_sports_ball) | G pickup_bed))
G have_in_orange | F make_to_flag,G(have_in_orange | (make_to_flag -> have_in_orange))
G!(car_starts | semaphore_is_green) | F((car_starts | semaphore_is_green) & F(elevator_is_blocked & train_derails)),F((semaphore_is_green | car_starts) & F(elevator_is_blocked & train_derails))
F make_way_waste_basket | GF grab_tree,GF(make_way_waste_basket | grab_tree)
G((motorbike_falls_down & sensor_captures_data) -> G(sensor_gathers_information & train_stops)),G((sensor_captures_data & motorbike_falls_down) -> F(train_stops & sensor_gathers_information))
G!(constructor_creates_instances & train_has_been_launched) | F(constructor_creates_instances & train_has_been_launched & F(bar_is_closing | sensor_retrieves_data)),F(constructor_creates_instances & train_has_been_launched) & F(bar_is_closing | F sensor_retrieves_data)
GF intersection_4 & F locality_9,(intersection_4 U locality_9)
put_in_apple_bucket & GF go_to_waste_basket,GF(go_to_waste_basket & F put_in_apple_bucket)
grasp_orange | F get_close_flag,GF(get_close_flag | grasp_orange)
!let_go_pear & F move_near_tree,G(move_near_tree & !let_go_pear)
G((motorbike_falls_down & table_has_been_moved) -> G semaphore_is_yellow),F(motorbike_falls_down & table_has_been_moved) -> G(semaphore_is_yellow)
take_pear -> take_to_tree,G(take_pear -> take_to_tree)
F(p_dish_2 & parking_lot_2),F(parking_lot_2 & F p_dish_2)
GF(table_2 & F(p_brochure_8 & F(pd & street_9))) & GF charger_6,GF(pd & p_brochure_8 & table_2) & GF(pd & p_brochure_8 & street_9) & GF(charger_6)
F withhold_apple | F reach_flag,G(withhold_apple | F reach_flag)
G!sensor_gathers_information | F(sensor_gathers_information & F(engine_breaks | manager_handles_requests)),F(sensor_gathers_information & F(engine_breaks | manager_handles_requests))
G((bar_is_up & manager_collect_claims) -> F sensor_captures_data),F(bar_is_up & manager_collect_claims & F sensor_captures_data)
take_pear | GF go_to_pear,GF(go_to_pear | take_pear)
GF charger_6 & GF(p_brochure_4 & table_4),G(p_brochure_4 -> charger_6)
G street_5 & GF(parking_lot_4 & photo),G(street_5 -> photo)
G!(car_starts | train_derails) | F((car_starts | train_derails) & F(engine_stops | manager_collect_claims)),F((car_starts | train_derails) & F(engine_stops | manager_collect_claims))
F(engine_starts & engine_stops & train_stops),F(train_stops & F(engine_starts & F(engine_stops)))
take_orange & G touch_flag,G(touch_flag & take_orange)
G!(engine_stops | semaphore_is_red) | F((engine_stops | semaphore_is_red) & F(car_stops & engine_stops)),F((semaphore_is_red | engine_stops) & F(engine_stops & F car_stops))
G((engine_stops & manager_collect_claims) -> F(elevator_is_blocked & train_derails)),F((engine_stops & manager_collect_claims) & F(elevator_is_blocked & train_derails))
G!(house_collapses & sensor_retrieves_data) | F(house_collapses & sensor_retrieves_data & F sensor_gathers_information),F((sensor_retrieves_data & house_collapses) & F sensor_gathers_information)
G!drop_apple | F get_close_tree,G(!drop_apple & !get_close_tree)
G((bar_is_closing & elevator_rises) -> F(car_stops | semaphore_is_red)),F(elevator_rises & bar_is_closing) -> F(semaphore_is_red | car_stops)
G!(elevator_falls & train_has_arrived) | F(elevator_falls & train_has_arrived & F(bar_has_to_be_repaired | table_is_old)),F((train_has_arrived & elevator_falls) & F(table_is_old | bar_has_to_be_repaired))
!G!(get_help & X get_help),G(get_help | X get_help | XX get_help)
F make_contact_with_house -> F get_hold_of_orange,G(make_contact_with_house -> G(get_hold_of_orange -> get_hold_of_orange))
G!train_has_arrived | F(train_has_arrived & F(manager_collect_claims | train_is_crossing)),F(train_has_arrived & F(train_is_crossing | manager_collect_claims))
G((engine_breaks & motorbike_catches_fire) -> G(manager_collect_claims | sensor_gathers_information)),G((motorbike_catches_fire & engine_breaks) -> F(manager_collect_claims | sensor_gathers_information))
G have_in_orange -> take_to_trashcan,G(have_in_orange -> take_to_trashcan)
G((motorbike_has_stopped | semaphore_is_broken) -> G(escalator_is_blocked | motorbike_falls_down)),(motorbike_has_stopped | semaphore_is_broken) -> G(motorbike_falls_down | escalator_is_blocked)
GF go_to_pear U venture_to_trash_can,(G(go_to_pear)) U venture_to_trash_can
G((car_starts & engine_stops) -> F sensor_captures_data),F(car_starts & engine_stops & F sensor_captures_data)
G(brake_is_pressed -> G(car_enters -> F semaphore_is_green)),G(brake_is_pressed -> F(car_enters & F semaphore_is_green))
GF(house_2 & p_trash_can_4),G(house_2 & p_trash_can_4)
G(train_has_arrived -> G(motorbike_catches_fire -> F bridge_closes)),train_has_arrived -> (motorbike_catches_fire -> F bridge_closes)
record_gas_leak -> X((avoid_nearest_fire_source U deliver_aid_injured_hostile) | G avoid_nearest_fire_source),G(record_gas_leak -> (X(avoid_nearest_fire_source U deliver_aid_injured_hostile) | G(avoid_nearest_fire_source)))
F go_to_peach -> F advance_to_house,G(go_to_peach -> G(advance_to_house))
get_to_tree & GF go_to_apple_trashcan,F(get_to_tree & GF go_to_apple_trashcan)
F(table_4 & F(p_tin_can_4 & F(pd & trash_can_5))) & G!hallway_2,F(pd & p_tin_can_4 & table_4) & F(pd & p_tin_can_4 & trash_can_5) & G(!hallway_2)
G(car_starts -> G(motorbike_has_stopped -> F table_is_old)),car_starts -> (motorbike_has_stopped -> F table_is_old)
G!(bar_is_closing | escalator_speeds_up) | F((bar_is_closing | escalator_speeds_up) & F sensor_gathers_information),F((escalator_speeds_up | bar_is_closing) & F sensor_gathers_information)
F(kitchen_2 & p_bottle_3) & G!living_room_1,(!living_room_1) U (kitchen_2 & p_bottle_3)
G(!(get_help & pickup_bicycle) -> F pickup_person),G(!pickup_bicycle & !get_help -> F pickup_person)
F get_close_tree U put_in_apple_bucket,G(get_close_tree -> (get_close_tree U put_in_apple_bucket))
G((engine_stops | escalator_is_blocked) -> F semaphore_is_yellow),(escalator_is_blocked | engine_stops) -> F semaphore_is_yellow
G(!(photo_car_southeast_5th_street & photo_motorcycle_east_3rd_avenue) -> F record_collision_northeast_7th_street),G(!photo_motorcycle_east_3rd_avenue & !photo_car_southeast_5th_street -> F record_collision_northeast_7th_street)
G((car_starts | elevator_falls) -> G semaphore_is_yellow),(car_starts | elevator_falls) -> G semaphore_is_yellow
G!(escalator_is_blocked & sensor_captures_data) | F(escalator_is_blocked & sensor_captures_data & F(engine_stops | manager_collect_claims)),F((escalator_is_blocked & sensor_captures_data) & F(engine_stops | manager_collect_claims))
acquire_orange -> F journey_to_flag,G(journey_to_flag -> F acquire_orange)
GF charger_12 & GF(house_5 & F(p_box_1 & F(house_23 & pd))),GF(charger_12) & GF(p_box_1 & house_5 & F(p_box_1 & house_23))
F present_at_flag | F reach_flag,GF(present_at_flag | reach_flag)
GF(area_51 & photo) & GF charger_4,G(photo & area_51 & charger_4)
G!(table_has_been_moved & train_derails) | F(table_has_been_moved & train_derails & F(bridge_closes & semaphore_is_yellow)),F((table_has_been_moved & train_derails) & F(semaphore_is_yellow & bridge_closes))
deliver_chair_loading_dock -> X((search_scissors U idle) | G search_scissors),G(deliver_chair_loading_dock -> (X(search_scissors U idle) | G search_scissors))
F make_way_waste_basket U G!drop_orange,G(make_way_waste_basket -> (!drop_orange U !drop_orange))
G!sensor_gathers_information | F(sensor_gathers_information & F(escalator_is_blocked | table_is_old)),F(sensor_gathers_information & F(escalator_is_blocked | table_is_old))
secure_apple & F withhold_apple,secure_apple & G(withhold_apple -> secure_apple)
F yellow_room & G!red_room,(!red_room) U yellow_room
G((elevator_rises & train_has_arrived) -> G!(motorbike_has_stopped & sensor_gathers_information)),(elevator_rises & train_has_arrived) -> G(!(motorbike_has_stopped & sensor_gathers_information))
idle -> X((get_help U search_apple) | G get_help),G(idle -> (X(get_help U search_apple) | G get_help))
G!sensor_gathers_information | F(sensor_gathers_information & F(bridge_closes | escalator_is_blocked)),F(sensor_gathers_information & F(bridge_closes | X escalator_is_blocked))
F go_to_transh_can | GF grab_tree,G(go_to_transh_can | grab_tree)
GF go_to_pear -> move_to_house,G(go_to_pear -> F move_to_house)
G!(constructor_creates_instances | table_is_old) | F((constructor_creates_instances | table_is_old) & F(bar_is_closing | brake_is_pressed)),F((constructor_creates_instances | table_is_old) & F(bar_is_closing | X brake_is_pressed))
F yellow_room & G!red_room,F(red_room & F yellow_room)
(locality_1 U intersection_4) & F(warehouse_9 & F(p_package_5 & F(pd & store_2))),locality_1 U intersection_4
(!store_4 U street_6) & F(office_2 & F(p_package_8 & F(pd & store_4))),(!store_4 U street_6)
F(p_dish_2 & parking_lot_2),F(parking_lot_2 & F p_dish_2)
G!(bar_is_up | semaphore_is_green) | F((bar_is_up | semaphore_is_green) & F train_has_arrived),F((semaphore_is_green | bar_is_up) & F(train_has_arrived))
pick_up_fruit | G touch_flag,F pick_up_fruit | G touch_flag
(!intersection_1 U street_6) & F(street_2 & F(p_cone_3 & F(intersection_1 & pd))),(!intersection_1 U street_6) & F(street_2 & p_cone_3 & F(intersection_1 & p_cone_3))
(!street_4 U intersection_6) & FG street_4,(!street_4) U intersection_6
G!bridge_closes | F(bridge_closes & F(bar_is_down | motorbike_is_driven)),F(bridge_closes & F(bar_is_down | X motorbike_is_driven))
(idle U deliver_tie_shelf) | G idle,(!deliver_tie_shelf U deliver_tie_shelf) | G idle
F(house_3 & F(p_box_8 & F(office_2 & pd))),F(house_3 & p_box_8 & F(pd & office_2))
acquire_apple & approach_tree,F(acquire_apple & approach_tree)
G((car_stops | house_collapses) -> G!(bridge_opens & elevator_is_blocked)),G((car_stops | house_collapses) -> !(bridge_opens & elevator_is_blocked))
GF(store_4 & F(p_box_2 & F(hall_8 & pd))),G(F(pd & p_box_2 & store_4 & F(pd & p_box_2 & hall_8)))
F contact_flag U hold_pear,F(contact_flag U hold_pear)
F(kitchen_1 & F(p_bottle_2 & F(hall_2 & G hall_2))),F(kitchen_1 & p_bottle_2 & F(hall_2 & G hall_2))
(!building_3 U street_6) & F(store_3 & F(p_box_8 & F(house_2 & pd))),(!building_3 U street_6) & F(store_3 & p_box_8 & F(house_2 & p_box_8))
!get_help U avoid_impending_flood,(!get_help) U (!avoid_impending_flood)
F(store_5 & F(p_box_8 & F(house_1 & pd))),F(p_box_8 & store_5) & F(p_box_8 & house_1)
grip_apple & travel_to_apple,F(grip_apple & F travel_to_apple)
(!park_4 U street_3) & F(store_7 & F(p_takeout_2 & F(bench_3 & pd))),(!park_4) U street_3
F communicate_injured_rescuer -> (!communicate_injured_rescuer U (!communicate_injured_rescuer & deliver_aid_injured_victim)),G(communicate_injured_rescuer -> (deliver_aid_injured_victim U communicate_injured_rescuer))
F bring_pear | F withhold_apple,G(bring_pear | F withhold_apple)
G(!(photo_car_northeast_5th_avenue & record_person_southwest_7th_avenue) -> F record_collision_west_10th_avenue),G(!photo_car_northeast_5th_avenue & !record_person_southwest_7th_avenue -> F record_collision_west_10th_avenue)
G!(manager_handles_requests & train_derails) | F(manager_handles_requests & train_derails & F(bar_is_up | semaphore_is_green)),F((train_derails & manager_handles_requests) & F(semaphore_is_green | bar_is_up))
grasp_orange -> F move_past_trash_can,G(grasp_orange -> G(move_past_trash_can -> move_past_trash_can))
drop_pear -> advance_to_tree,G(drop_pear -> X advance_to_tree)
GF(area_4 & photo) & GF(area_3 & photo),G(photo & area_4) & GF(photo & area_3)
G(car_enters -> G(escalator_moves -> F sensor_captures_data)),G(car_enters -> F(escalator_moves & F sensor_captures_data))
F contact_house -> move_to_tree,G(contact_house -> move_to_tree)
F go_to_transh_can | F get_near_flag,G(get_near_flag -> go_to_transh_can)
F withold_apple & F visit_waste_basket,G(withold_apple & (visit_waste_basket -> withold_apple))
F blue_room,blue_room
GF car_3 & F building_2,GF car_3 U building_2
G!train_has_arrived | F(train_has_arrived & F(engine_stops | semaphore_is_red)),F(train_has_arrived & F(semaphore_is_red | engine_stops))
G((elevator_rises & escalator_moves) -> F semaphore_is_yellow),F(elevator_rises & escalator_moves & F semaphore_is_yellow)
F((red_room | yellow_room) & F green_room),(!green_room U (red_room | yellow_room)) & F green_room
change_light_west_red U photo_pedestrian_southeast_4th_street,F(change_light_west_red & F photo_pedestrian_southeast_4th_street)
G!(bar_is_up | elevator_is_open | motorbike_is_driven),!(bar_is_up | elevator_is_open | motorbike_is_driven)
F journey_by_flag -> !let_go_orange,G(journey_by_flag -> !let_go_orange)
hold_apple -> F journey_to_flag,G(hold_apple -> F journey_to_flag)
G((car_stops | house_collapses) -> G!(car_stops & elevator_falls)),G(car_stops | house_collapses) -> G(!(car_stops & elevator_falls))
G!train_has_arrived | F(train_has_arrived & F(bridge_opens & escalator_speeds_up)),F(train_has_arrived & F(escalator_speeds_up & F(bridge_opens)))
F collect_orange -> get_hold_of_pear,G(collect_orange -> F get_hold_of_pear)
change_light_north_green U photo_car_south_1st_avenue,F(change_light_north_green & F photo_car_south_1st_avenue)
advance_to_tree | F spend_time_at_tree,GF(advance_to_tree | spend_time_at_tree)
G((idle <-> pickup_hair_drier) -> (pickup_hair_drier <-> pickup_skis)),G((idle & pickup_hair_drier) -> (pickup_hair_drier <-> pickup_skis))
G!let_go & F proceed_to_tree,G(!let_go & FG proceed_to_tree)
park_2 U (monument_13 & photo),park_2 U photo
communicate_safe_rescuer U deliver_aid_safe_victim,F(communicate_safe_rescuer & F deliver_aid_safe_victim)
G((bridge_closes | escalator_moves) -> F(bar_is_down & manager_handles_requests)),F((manager_handles_requests & bar_is_down) & (bridge_closes | escalator_moves))
G!(brake_is_pressed | elevator_falls) | F((brake_is_pressed | elevator_falls) & F bridge_closes),F((elevator_falls | brake_is_pressed) & F bridge_closes)
G((bar_is_closing & escalator_moves) -> G(manager_handles_requests | table_is_old)),(escalator_moves & bar_is_closing) -> G(manager_handles_requests | table_is_old)
F venture_flag -> G hold_on_pear,G(venture_flag -> G hold_on_pear)
G!sensor_gathers_information | F(sensor_gathers_information & F(brake_is_pressed & motorbike_has_stopped)),F(sensor_gathers_information & F(brake_is_pressed & F(motorbike_has_stopped)))
!G!(record_unsafe_civilian & X record_unsafe_civilian),G(record_unsafe_civilian | X record_unsafe_civilian | XX record_unsafe_civilian)
G((house_is_open & motorbike_has_started) -> G!(sensor_captures_data & sensor_retrieves_data)),G((house_is_open & motorbike_has_started) -> !(sensor_retrieves_data & sensor_captures_data))
gather_apple & G!let_go_orange,F(gather_apple) & G(!let_go_orange)
G!(bar_has_to_be_repaired & table_is_old) | F(bar_has_to_be_repaired & table_is_old & F(motorbike_has_stopped | train_stops)),F(table_is_old & bar_has_to_be_repaired) & F(train_stops | X motorbike_has_stopped)
move_to_trash_can -> F make_contact_with_house,G(move_to_trash_can -> G(make_contact_with_house))
F(table_9 & F(p_brochure_3 & F(park_2 & pd))),F(p_brochure_3 & table_9 & pd) & F(p_brochure_3 & park_2 & pd)
G((bar_has_to_be_repaired & manager_collect_claims) -> F(escalator_moves & motorbike_has_stopped)),F((bar_has_to_be_repaired & manager_collect_claims) U (motorbike_has_stopped & escalator_moves))
G!(elevator_falls | engine_starts) | F((elevator_falls | engine_starts) & F(motorbike_catches_fire & sensor_gathers_information)),(F (engine_starts | elevator_falls)) & (F (sensor_gathers_information & F motorbike_catches_fire))
F(house_4 & F(p_trash_4 & F(garbage_dump_1 & pd))),F(house_4 & F(p_trash_4 & F(garbage_dump_1)))
GF charger_3 & GF(area_3 & photo),G(photo & area_3 -> F charger_3)
F((green_room | red_room) & F blue_room),F(blue_room) & ((green_room | red_room) U blue_room)
G locality_2 & F(office_4 & F(p_document_5 & F(office_9 & pd))),(p_document_5 & office_4) U (p_document_5 & office_9) & G((p_document_5 & !office_9) -> locality_2)
G!(car_enters | engine_breaks) | F((car_enters | engine_breaks) & F(bar_is_down | motorbike_is_driven)),F((engine_breaks | car_enters) & F(bar_is_down | X motorbike_is_driven))
G!(sensor_captures_data & sensor_gathers_information) | F(sensor_captures_data & sensor_gathers_information & F train_has_arrived),F((sensor_captures_data & sensor_gathers_information) & F train_has_arrived)
acquire_orange U F travel_to_trash_can,acquire_orange U travel_to_trash_can
hold_orange -> stop_by_flag,G(hold_orange -> stop_by_flag)
G((bar_is_up | constructor_instantiate_objects) -> F(engine_stops | train_stops)),(constructor_instantiate_objects | bar_is_up) -> F(engine_stops | train_stops)
GF(monument_8 & photo) & (!monument_8 U park_4),G(photo) & (!monument_8 U park_4)
F capture_pear -> take_pear,G(capture_pear -> take_pear)
G(get_help -> XG!record_jaywalker_north_9th_avenue),G(get_help -> G(!record_jaywalker_north_9th_avenue))
GF(warehouse_4 & F(p_crate_8 & F(pd & store_8))) & GF charger_2,G(F(p_crate_8 & warehouse_4) & F(p_crate_8 & store_8) & F(charger_2))
F((green_room | red_room) & F blue_room),F(red_room & F(green_room | blue_room))
G!(elevator_rises | train_is_crossing) | F((elevator_rises | train_is_crossing) & F(motorbike_is_driven & table_has_been_moved)),F((train_is_crossing | elevator_rises) & F(table_has_been_moved & motorbike_is_driven))
G((sensor_captures_data & sensor_retrieves_data) -> G!(car_starts | escalator_is_blocked)),G((sensor_retrieves_data & sensor_captures_data) -> !(escalator_is_blocked | car_starts))
(!garage_1 U photo) & F(landmark_5 & photo),(!garage_1) U (photo & landmark_5)
GF charging_station_9 & GF(warehouse_5 & F(p_crate_4 & F(mall_4 & pd))),GF(charging_station_9) & GF(p_crate_4 & warehouse_5 & F(p_crate_4 & mall_4))
G(semaphore_is_yellow -> F(constructor_instantiate_objects & semaphore_is_red)),F(semaphore_is_yellow & F(constructor_instantiate_objects & semaphore_is_red))
going_to_tree -> F visit_flag,G(going_to_tree -> F visit_flag)
G((elevator_is_blocked & escalator_is_blocked) -> G(house_collapses & manager_handles_requests)),G((elevator_is_blocked & escalator_is_blocked) -> (manager_handles_requests & house_collapses))
G!train_has_arrived | F(train_has_arrived & F(bridge_closes & semaphore_is_yellow)),F(train_has_arrived) & F(semaphore_is_yellow & F(bridge_closes))
G!(engine_stops | train_is_crossing) | F((engine_stops | train_is_crossing) & F(engine_breaks | semaphore_is_yellow)),F((engine_stops | train_is_crossing) & F(engine_breaks | semaphore_is_yellow))
G((bar_has_to_be_repaired & bridge_opens) -> G(bar_is_closing & train_has_been_launched)),G((train_has_been_launched & F(bar_has_to_be_repaired & F(bridge_opens & bar_is_closing))))
F grab_flag -> F migrate_to_tree,G(grab_flag -> G(migrate_to_tree))
G((bar_is_closing & engine_breaks) -> G!(engine_starts | train_is_crossing)),G((engine_breaks & bar_is_closing) -> !(engine_starts | train_is_crossing))
drop_orange U F go_to_trash_bin,drop_orange U go_to_trash_bin
photo_injured_person -> X((avoid_nearest_debris U deliver_aid_safe_victim) | G avoid_nearest_debris),G(photo_injured_person -> (X(avoid_nearest_debris U deliver_aid_safe_victim) | G(X avoid_nearest_debris)))
G(!(change_light_north_green & record_cyclist_east_8th_street) -> F change_light_south_red),G(!record_cyclist_east_8th_street & !change_light_north_green -> F change_light_south_red)
seize_apple U F pass_by_house,seize_apple U pass_by_house
F(table_8 & F(p_brochure_2 & F(pd & table_1))),F(table_8 & F(p_brochure_2 & F(table_1)))
G(house_is_open -> G(house_collapses -> F car_starts)),G(house_is_open -> F(house_collapses -> F car_starts))
G!train_has_arrived | F(train_has_arrived & F(house_collapses & house_is_open)),F(train_has_arrived & F(house_collapses & house_is_open))
G!(engine_breaks | semaphore_is_yellow) | F((engine_breaks | semaphore_is_yellow) & F train_has_arrived),F((engine_breaks | semaphore_is_yellow) & F train_has_arrived)
F(post_office_1 & F(p_lettter_2 & F(building_3 & pd))),F(p_lettter_2 & post_office_1) -> F(p_lettter_2 & building_3)
pick_up_pear -> F get_apple,G(pick_up_pear -> F get_apple)
G((engine_stops | train_stops) -> G!(semaphore_is_red | train_stops)),G((engine_stops | train_stops) -> ! (train_stops | semaphore_is_red))
pick_up_pear | G!drop_orange,G(!drop_orange & !pick_up_pear)
G!sensor_gathers_information | F(sensor_gathers_information & F(table_has_been_moved & train_derails)),F(sensor_gathers_information & F(table_has_been_moved & F train_derails))
G((escalator_moves & train_derails) -> F(motorbike_falls_down & train_is_crossing)),F((train_derails & escalator_moves) U (motorbike_falls_down & train_is_crossing))
grasp_orange & travel_to_waste_bin,F(grasp_orange & F travel_to_waste_bin)
F red_room & G!blue_room,red_room & !blue_room
pick_up_flag & seize_apple,F(pick_up_flag & seize_apple)
G!(brake_is_pressed & motorbike_has_stopped) | F(brake_is_pressed & motorbike_has_stopped & F(sensor_captures_data & sensor_gathers_information)),F((brake_is_pressed & motorbike_has_stopped) & F(sensor_captures_data & F sensor_gathers_information))
gather_apple | G!let_go,G(!let_go | gather_apple)
G!bridge_closes | F(bridge_closes & F(motorbike_catches_fire & sensor_gathers_information)),F(bridge_closes & F(sensor_gathers_information & F(motorbike_catches_fire)))
approach_trash_can | G have_in_orange,G(have_in_orange | approach_trash_can)
F bring_pear -> F venture_to_house,G(venture_to_house -> bring_pear)
G!let_go_apple -> F going_to_flag,G(!let_go_apple) -> G(going_to_flag)
F present_at_flag U go_by_waste_bin,F(present_at_flag U go_by_waste_bin)
F(house_3 & F(p_box_8 & F(office_2 & pd))),F(p_box_8 & house_3 & F(p_box_8 & office_2))
G((house_is_built | motorbike_has_stopped) -> F train_has_arrived),(motorbike_has_stopped | house_is_built) -> F train_has_arrived
F(store_3 & F(p_package_2 & F(house_2 & pd))) & G!mall_1,F(store_3 & p_package_2 & F(house_2 & pd)) & G(!mall_1)
approach_trash_can & G have_in_orange,G(have_in_orange & approach_trash_can)
F get_hold_orange -> F obtain_apple,G(get_hold_orange -> F obtain_apple)
GF(store_4 & F(p_box_2 & F(hall_8 & pd))),G(p_box_2 & store_4 -> F(p_box_2 & hall_8))
!F pick_up_anything & F journey_by_house,G(!pick_up_anything & journey_by_house)
G!sensor_gathers_information | F(sensor_gathers_information & F(bar_is_down & table_is_brown)),F(sensor_gathers_information & F(table_is_brown & F(bar_is_down)))
(!park_5 U intersection_5) & F(monument_3 & photo),(!park_5) U (intersection_5 & photo)
record_safe_person -> X((record_safe_rescuer U deliver_aid_injured_victim) | G record_safe_rescuer),record_safe_person -> (X (record_safe_rescuer U deliver_aid_injured_victim) | G record_safe_rescuer)
F red_room & G!yellow_room,red_room & !yellow_room
F approach_house -> pick_up_pear,G(approach_house -> F pick_up_pear)
G(escalator_speeds_up | house_collapses),(house_collapses | escalator_speeds_up)
F(park_7 & F(monument_4 & photo)),F(park_7 & F photo)
take_to_tree & G touch_flag,G(touch_flag & take_to_tree)
F(house_4 & F(p_trash_4 & F(garbage_dump_1 & pd))),F(pd & p_trash_4 & house_4) & F(pd & p_trash_4 & garbage_dump_1)
approach_tree | !let_go_pear,G(!let_go_pear & !approach_tree)
F(shop_1 & F(p_bottle_3 & F(hospital_2 & pd))),F(p_bottle_3 & shop_1 & pd & F(p_bottle_3 & hospital_2 & pd))
F present_at_flag,G(present_at_flag)
hold_pear -> pick_up_orange,G(hold_pear -> pick_up_orange)
G have_in_orange & F go_to_trashcan,G(have_in_orange) & GF(go_to_trashcan)
G!(semaphore_is_yellow & train_has_been_launched) | F(semaphore_is_yellow & train_has_been_launched & F(constructor_creates_instances & train_has_been_launched)),F((train_has_been_launched & semaphore_is_yellow) & F(train_has_been_launched & constructor_creates_instances))
GF parking_lot_4 & F(car_5 & F(p_document_4 & F(car_6 & pd))),G(parking_lot_4) & (p_document_4 & car_5) U (p_document_4 & car_6)
G((change_light_north_red & X record_cyclist_northeast_2nd_street) -> XX record_car_southeast_10th_street),(change_light_north_red & X record_cyclist_northeast_2nd_street) -> XX record_car_southeast_10th_street
G stay & F migrate_to_tree,G(stay & (migrate_to_tree -> stay))
!G!(get_help & X get_help),G(get_help | X get_help | XX get_help)
F(house_3 & F(p_pass_2 & F(office_2 & pd))) & (!street_5 U p_pass_2),F(house_3 & F(p_pass_2 & F(office_2))) & (!street_5 U p_pass_2)
G!(elevator_rises | train_is_crossing) | F((elevator_rises | train_is_crossing) & F(engine_breaks | semaphore_is_yellow)),F((train_is_crossing | elevator_rises) & F(engine_breaks | X semaphore_is_yellow))
get_to_tree | reach_house,F (get_to_tree | reach_house)
G!let_go_orange -> acquire_apple,G(!let_go_orange -> acquire_apple)
G!let_go_apple | F go_near_pear,G(!let_go_apple | F go_near_pear)
G hold_on_pear U F venture_flag,G(hold_on_pear U venture_flag)
park_4 U (photo & statue_9),park_4 U photo
GF(area_9 & photo) & GF(camp_4 & F(p_ordnance_3 & F(camp_9 & pd))),GF(photo & area_9) & GF(p_ordnance_3 & camp_4) & GF(p_ordnance_3 & camp_9)
F stop_by_trash_can U F set_out_to_house,G(stop_by_trash_can U set_out_to_house)
G((sensor_captures_data | train_has_been_launched) -> G(brake_is_released | car_stops)),(sensor_captures_data | train_has_been_launched) -> G(car_stops | brake_is_released)
stop_by_flag U G!let_go_orange,stop_by_flag U !let_go_orange
G locality_7 & F(office_4 & F(p_letter_1 & F(house_1 & pd))),G(locality_7) & (p_letter_1 & office_4) U (p_letter_1 & house_1)
GF(intersection_4 & photo),G(photo & intersection_4)
F obtain_orange | F snatch_pear,G(obtain_orange | F snatch_pear)
GF(photo & statue_4) & GF charger_4,G(photo & statue_4) & GF(charger_4)
F(table_2 & F(p_brochure_5 & F(pd & street_5))),F(p_brochure_5 & table_2 & pd) & F(p_brochure_5 & street_5 & pd)
drop_by -> G!drop_orange,G(drop_by -> !drop_orange)
G(train_derails -> F(constructor_instantiate_objects & semaphore_is_red)),F(train_derails -> F(constructor_instantiate_objects & semaphore_is_red))
G((motorbike_catches_fire | sensor_gathers_information) -> F(brake_is_released | engine_breaks)),(motorbike_catches_fire | sensor_gathers_information) -> F (brake_is_released | engine_breaks)
G!(constructor_creates_instances | motorbike_is_driven) | F((constructor_creates_instances | motorbike_is_driven) & F sensor_gathers_information),F((constructor_creates_instances | motorbike_is_driven) & F sensor_gathers_information)
!let_go_pear | F snag_orange,G((snag_orange | !let_go_pear))
G((house_is_open & motorbike_has_started) -> G(car_stops & constructor_creates_instances)),(house_is_open & motorbike_has_started) -> G(constructor_creates_instances & car_stops)
G((manager_collect_claims | table_is_old) -> F(manager_collect_claims & train_has_arrived)),F((table_is_old | manager_collect_claims) & F(manager_collect_claims & train_has_arrived))
G!(bar_is_closing | semaphore_is_green) | F((bar_is_closing | semaphore_is_green) & F(brake_is_released & sensor_captures_data)),F((semaphore_is_green | bar_is_closing) & F(brake_is_released & sensor_captures_data))
GF parking_lot_4 & F(car_5 & F(p_document_4 & F(car_6 & pd))),G(pd & p_document_4 & car_5 & car_6 -> parking_lot_4)
park_2 U (monument_13 & photo),park_2 U photo
G((change_light_north_red <-> photo_person_northwest_6th_street) -> (get_help <-> photo_person_northwest_6th_street)),G((change_light_north_red & photo_person_northwest_6th_street) -> (photo_person_northwest_6th_street & get_help))
reach_trash_can | F go_to_house,F(reach_trash_can) | GF(go_to_house)
G(train_has_arrived -> F(house_is_built | table_has_been_moved)),F(train_has_arrived & F(table_has_been_moved | house_is_built))
GF charger_5 & GF(photo & region_4),G((photo & region_4) -> F charger_5)
!let_go_pear & F get_close_tree,GF(get_close_tree) & G(!let_go_pear)
G!(bar_is_down | motorbike_is_driven) | F((bar_is_down | motorbike_is_driven) & F train_has_arrived),F((bar_is_down | motorbike_is_driven) & F train_has_arrived)
get_help U record_motorcycle_east_1st_street,F(get_help & F record_motorcycle_east_1st_street)
!let_go_orange | F withdraw_pear,G(withdraw_pear | !let_go_orange)
!G!(photo_vehicle_northwest_4th_avenue & X photo_vehicle_northwest_4th_avenue),"G(F[0,2] photo_vehicle_northwest_4th_avenue)"
F(green_room & F yellow_room),F(yellow_room) & (!yellow_room U green_room)
F yellow_room,yellow_room
GF(store_4 & F(p_box_2 & F(hall_8 & pd))),G(p_box_2 & store_4 -> F(p_box_2 & hall_8))
G!(brake_is_released | car_stops) | F((brake_is_released | car_stops) & F bridge_closes),F((car_stops | brake_is_released) & F bridge_closes)
G(search_skis -> XG!deliver_carrot_loading_dock),G(search_skis -> G(!deliver_carrot_loading_dock))
F touch_tree -> pick_up_flag,G(touch_tree -> F pick_up_flag)
G((bar_is_down | brake_is_released) -> F(escalator_moves & sensor_retrieves_data)),F((brake_is_released | bar_is_down) -> F(sensor_retrieves_data & escalator_moves))
G!train_has_arrived | F(train_has_arrived & F(sensor_captures_data & sensor_gathers_information)),F(train_has_arrived & F(sensor_captures_data & sensor_gathers_information))
G(!(record_motorcycle_west_8th_street & record_pedestrian_north_3rd_avenue) -> F photo_pedestrian_west_5th_street),G(!record_motorcycle_west_8th_street & !record_pedestrian_north_3rd_avenue -> F photo_pedestrian_west_5th_street)
G(!(communicate_injured_rescuer & record_debris) -> F get_help),G(!communicate_injured_rescuer & !record_debris -> F get_help)
G(train_derails -> F(semaphore_is_red & sensor_retrieves_data)),G(train_derails -> (semaphore_is_red & sensor_retrieves_data))
G!let_go | F steal_apple,G(!let_go | (steal_apple -> G steal_apple))
take_to_trashcan,F take_to_trashcan
F yield_pear U F get_close_tree,yield_pear U get_close_tree
F go_by_waste_basket -> secure_apple,GF(go_by_waste_basket) -> F(secure_apple)
!let_go_orange U F lay_hold_of_apple,(!let_go_orange) U lay_hold_of_apple
G!(brake_is_pressed & train_stops) | F(brake_is_pressed & train_stops & F(house_collapses & sensor_retrieves_data)),F((train_stops & brake_is_pressed) & F(sensor_retrieves_data & house_collapses))
G!(bar_is_up & table_is_brown) | F(bar_is_up & table_is_brown & F sensor_gathers_information),F((table_is_brown & bar_is_up) & F(sensor_gathers_information))
GF(photo & statue_4) & GF charger_4,G(photo & statue_4 & charger_4)
F journey_to_house U approach_tree,G(journey_to_house U approach_tree)
G!(motorbike_has_started | table_has_been_moved),!(motorbike_has_started | table_has_been_moved)
locality_6 U (store_8 & F(p_package_3 & F(house_5 & pd))),locality_6 U (p_package_3 & store_8 & F (pd & house_5))
acquire_apple | GF go_to_waste_basket,F(acquire_apple) | G(go_to_waste_basket)
G(constructor_creates_instances & house_collapses),F(constructor_creates_instances & house_collapses)
G((car_starts & table_is_brown) -> F semaphore_is_yellow),(car_starts & table_is_brown) -> F semaphore_is_yellow
GF go_to_pear | F stand_by_tree,GF(go_to_pear | stand_by_tree)
G((table_has_been_moved | train_stops) -> F train_derails),(table_has_been_moved | train_stops) -> F train_derails
G!(elevator_is_open | engine_starts) | F((elevator_is_open | engine_starts) & F sensor_gathers_information),F((engine_starts | elevator_is_open) & F sensor_gathers_information)
G!let_go_orange U F venture_to_flag,(!let_go_orange) U venture_to_flag
G((elevator_rises | table_is_brown) -> F(bridge_closes & engine_starts)),F(bridge_closes & ((table_is_brown | elevator_rises) U engine_starts))
get_help -> X((search_oven U search_bed) | G search_oven),G(get_help -> (X(search_oven U search_bed) | G search_oven))
approach_trash_can | F journey_by_flag,F(approach_trash_can | journey_by_flag)
G(!(photo_car_southeast_9th_avenue & photo_pedestrian_southeast_8th_street) -> F record_collision_north_9th_street),G(!photo_pedestrian_southeast_8th_street & !photo_car_southeast_9th_avenue -> F record_collision_north_9th_street)
G!sensor_gathers_information | F(sensor_gathers_information & F(bar_is_closing | escalator_speeds_up)),F(sensor_gathers_information & F(escalator_speeds_up | bar_is_closing))
GF go_to_waste_basket | F get_pear,GF(go_to_waste_basket) | GF(get_pear)
G!sensor_gathers_information | F(sensor_gathers_information & F(constructor_creates_instances | table_is_old)),F(sensor_gathers_information & F(constructor_creates_instances | table_is_old))
move_to_trashcan & F lay_hold_of_apple,F(move_to_trashcan & F(lay_hold_of_apple))
move_to_trashcan | GF go_to_apple_trashcan,GF(go_to_apple_trashcan | move_to_trashcan)
GF go_to_pear | F go_to_trash_receptacle,GF(go_to_pear) | G(go_to_trash_receptacle -> GF(go_to_pear))
F(red_room & F blue_room),F(blue_room & F(red_room & F(blue_room)))
G have_in_orange | F go_near_house,G(have_in_orange | F go_near_house)
GF make_way_to_house U F approach_house,(G(make_way_to_house)) U approach_house
GF charger_6 & GF(p_brochure_4 & table_4),G(p_brochure_4 & table_4 -> F charger_6)
street_4 U (house_1 & photo),street_4 U photo
G!(bar_has_to_be_repaired | car_enters) | F((bar_has_to_be_repaired | car_enters) & F(bar_is_up & house_is_open)),F((car_enters | bar_has_to_be_repaired) & F(house_is_open & bar_is_up))
G!(bar_has_to_be_repaired & sensor_retrieves_data) | F(bar_has_to_be_repaired & sensor_retrieves_data & F sensor_gathers_information),F((bar_has_to_be_repaired & sensor_retrieves_data) & F(sensor_gathers_information))
G!street_4 & F(store_7 & F(p_package_8 & F(house_2 & pd))),F(pd & house_2) & G(!street_4)
move_to_trash_can U F make_your_way_flag,move_to_trash_can U make_your_way_flag
G!building_2 & F(office_6 & p_letter_5),G(!(building_2 & (office_6 & p_letter_5)))
F withhold_apple U F reach_flag,G(withhold_apple U reach_flag)
F get_hold_apple | G!drop_orange,G(get_hold_apple | !F drop_orange)
G((bridge_opens & engine_stops) -> G(escalator_speeds_up | motorbike_has_stopped)),G(motorbike_has_stopped | ((engine_stops & bridge_opens) -> F escalator_speeds_up))
G!let_go_orange | F make_contact_with_house,G(!let_go_orange & !make_contact_with_house)
G!drop_apple & F go_by_waste_basket,G(!drop_apple) & GF(go_by_waste_basket)
G!street_6 & F(car_1 & photo),G(!(street_6 & photo & car_1))
G((bridge_closes | elevator_is_blocked) -> F(escalator_is_blocked & manager_collect_claims)),(bridge_closes | elevator_is_blocked) -> F(escalator_is_blocked & manager_collect_claims)
move_to_house | F go_by_tree,G(go_by_tree | move_to_house)
F reach_flag U venture_towards_house,F(reach_flag U venture_towards_house)
F withhold_apple U venture_towards_house,F(withhold_apple U venture_towards_house)
F((red_room | yellow_room) & F blue_room),F((red_room | yellow_room) U blue_room)
G(semaphore_is_yellow -> G(engine_breaks & motorbike_catches_fire)),G(semaphore_is_yellow -> (motorbike_catches_fire & engine_breaks))
!G!(get_help & X get_help),G(get_help | X get_help | XX get_help)
F go_near_house & F spend_time_at_tree,F(go_near_house) & G(spend_time_at_tree -> spend_time_at_tree)
take_to_trashcan -> F make_way_waste_basket,G(take_to_trashcan -> G(make_way_waste_basket))
F yellow_room & G!green_room,(!green_room) U yellow_room
GF(car_1 & photo) & G!parking_lot_9,G(photo & car_1 & !parking_lot_9)
F go_to_house | F get_close_flag,GF(go_to_house) | F(get_close_flag)
G!(train_derails & train_is_crossing) | F(train_derails & train_is_crossing & F bridge_closes),F((train_derails & train_is_crossing) & F bridge_closes)
G(!(get_help & search_bear) -> F idle),G(!get_help & !search_bear -> F idle)
F stop_by_house U grip_apple,G(stop_by_house -> (stop_by_house U grip_apple))
grasp_orange & F get_pear,F(get_pear & grasp_orange)
F get_hold_apple -> F seize_pear,F(get_hold_apple & G(seize_pear -> seize_pear))
F(house_4 & F(p_trash_4 & F(garbage_dump_1 & pd))),F(pd & house_4 & p_trash_4 & F(pd & garbage_dump_1 & p_trash_4))
F(store_6 & F(p_box_1 & F(house_9 & pd))) & F(intersection_5 & G intersection_5),F(pd & p_box_1 & house_9) & F(G(intersection_5))
GF(store_2 & F(p_crate_6 & F(building_5 & pd))),G((pd & store_2 & p_crate_6) -> G(pd & building_5 & p_crate_6))
G((sensor_gathers_information & train_stops) -> G(constructor_creates_instances | escalator_is_blocked)),G((train_stops & sensor_gathers_information) -> (constructor_creates_instances | escalator_is_blocked))
travel_to_apple U F venture_flag,travel_to_apple U venture_flag
G((motorbike_falls_down & sensor_captures_data) -> G(elevator_is_open & train_has_been_launched)),G((sensor_captures_data & motorbike_falls_down) -> G((elevator_is_open & train_has_been_launched) -> (elevator_is_open & train_has_been_launched)))
G!(constructor_creates_instances | table_is_old) | F((constructor_creates_instances | table_is_old) & F(bar_is_closing | motorbike_has_stopped)),F((table_is_old | constructor_creates_instances) & F(bar_is_closing | motorbike_has_stopped))
approach_tree -> F have_possession_of_apple,G(have_possession_of_apple -> approach_tree)
G!drop_apple | F venture_to_house,G(!drop_apple | (venture_to_house -> !drop_apple))
F((red_room | yellow_room) & F green_room),(yellow_room | red_room) U green_room
F(table_2 & F(p_brochure_9 & F(park_4 & G park_4))),F(table_2 & p_brochure_9 & F(park_4 & G park_4))
F grab_orange | G!let_go_orange,G(grab_orange | !let_go_orange)
G!let_go_orange & F touch_tree,G(!let_go_orange) & GF(touch_tree)
F(garage_4 & F(building_3 & G building_3)),(!building_3 U garage_4) & F G garage_4
venture_towards_house U F bring_pear,venture_towards_house U bring_pear
G!(escalator_is_blocked & train_has_been_launched) | F(escalator_is_blocked & train_has_been_launched & F(constructor_instantiate_objects | engine_stops)),F(train_has_been_launched & escalator_is_blocked & F(engine_stops | X constructor_instantiate_objects))
G!parking_lot_5 & GF(car_9 & photo),G(!(parking_lot_5 & photo & car_9))
G((motorbike_has_stopped | semaphore_is_red) -> F(bar_is_closing | escalator_moves)),F((semaphore_is_red | motorbike_has_stopped) -> (escalator_moves | bar_is_closing))
G((bar_is_closing | car_starts) -> G(bridge_closes | bridge_opens)),F(car_starts | bar_is_closing) & G(F(car_starts | bar_is_closing) -> G(bridge_closes | bridge_opens))
move_to_trashcan & G have_in_orange,F(move_to_trashcan) & G(have_in_orange)
G((elevator_is_open | motorbike_is_driven) -> F(elevator_rises | train_has_arrived)),(motorbike_is_driven | elevator_is_open) -> F(train_has_arrived | elevator_rises)
building_4 U (room_43 & F(p_folder_3 & F(pd & room_12))),(!building_4) U (p_folder_3 & room_43 & F(p_folder_3 & room_12))
G!(elevator_is_blocked & train_stops) | F(elevator_is_blocked & train_stops & F(bar_is_up & house_is_open)),F((train_stops & elevator_is_blocked) & F(house_is_open & bar_is_up))
F journey_to_house | G!let_go_apple,G(journey_to_house | G(!let_go_apple))
F blue_room,blue_room
G((bar_is_closing & house_is_built) -> G!(car_stops & constructor_instantiate_objects)),G((house_is_built & bar_is_closing) -> !(car_stops & constructor_instantiate_objects))
F green_room,green_room
G!(bar_is_closing & table_is_brown) | F(bar_is_closing & table_is_brown & F bridge_closes),F(table_is_brown & bar_is_closing & F bridge_closes)
G((change_light_south_green & X photo_person_east_6th_street) -> XX change_light_east_green),(change_light_south_green & X photo_person_east_6th_street) -> XX change_light_east_green
G((escalator_speeds_up | manager_collect_claims) -> G(bar_is_closing & train_has_been_launched)),(manager_collect_claims | escalator_speeds_up) -> G(train_has_been_launched & bar_is_closing)
go_visit_flag U F grab_pear,go_visit_flag U grab_pear
!G!(pickup_car & X pickup_car),G(!pickup_car -> X(!pickup_car -> X pickup_car))
F approach_flag | G!drop_apple,G(approach_flag | !drop_apple)
G(bar_has_to_be_repaired & engine_breaks & escalator_is_blocked),G(engine_breaks -> (escalator_is_blocked & bar_has_to_be_repaired))
G!drop_apple | F journey_to_tree,G(!drop_apple | (journey_to_tree -> !drop_apple))
walk U F arrive_at_tree,walk U arrive_at_tree
F going_to_flag U G hold_onto_orange,G(going_to_flag -> (going_to_flag U G hold_onto_orange))
G!train_has_arrived | F(train_has_arrived & F sensor_gathers_information),F(train_has_arrived & F sensor_gathers_information)
secure_apple & venture_towards_house,F(venture_towards_house & F secure_apple)
G!(bar_is_up | bridge_opens) | F((bar_is_up | bridge_opens) & F(engine_stops | train_is_crossing)),F((bridge_opens | bar_is_up) & F(engine_stops | X train_is_crossing))
G((elevator_falls | elevator_is_open) -> F train_derails),F((elevator_falls | elevator_is_open) & F train_derails)
G!(escalator_moves & table_is_brown) | F(escalator_moves & table_is_brown & F train_has_arrived),F(table_is_brown & escalator_moves & F train_has_arrived)
G((car_starts & table_is_brown) -> F(escalator_moves | train_derails)),F((car_starts & table_is_brown) -> F(train_derails | escalator_moves))
G((elevator_falls & semaphore_is_green) -> G(engine_breaks | sensor_captures_data)),G((semaphore_is_green & elevator_falls) -> (sensor_captures_data | engine_breaks))
G locality_2 & F(office_4 & F(p_document_5 & F(office_9 & pd))),G(locality_2) & (F(office_4 & p_document_5) & F(F(office_4 & p_document_5) -> F(office_9 & pd)))
collect_pear & F go_to_apple,F(go_to_apple & F collect_pear)
F(landmark_6 & photo),F(landmark_6 & F photo)
F(yellow_room & F green_room),(!green_room U yellow_room) & F green_room
G((house_is_open | table_has_been_moved) -> F(car_starts | train_derails)),(house_is_open | table_has_been_moved) -> F (car_starts | train_derails)
record_collision_northwest_4th_street -> X((photo_motorcycle_northeast_6th_street U get_help) | G photo_motorcycle_northeast_6th_street),record_collision_northwest_4th_street -> (X(photo_motorcycle_northeast_6th_street U get_help) | G photo_motorcycle_northeast_6th_street)
approach_trash_can & F snag_orange,F(approach_trash_can & FG snag_orange) | F(approach_trash_can & F snag_orange) -> F(approach_trash_can & F snag_orange)
GF(locality_7 & photo) & G!park_3,G((photo & locality_7) & !park_3)
go_by_waste_bin & secure_apple,F(go_by_waste_bin & F secure_apple)
F gather_pear | G!drop_pear,GF(gather_pear) | G(!drop_pear)
G(deliver_person_shelf -> XG!get_help),G(deliver_person_shelf -> G(!get_help))
G((escalator_is_blocked & manager_collect_claims) -> G(car_starts & table_is_brown)),(manager_collect_claims & escalator_is_blocked) -> G(table_is_brown & car_starts)
GF go_to_waste_basket & F set_out_to_house,GF(go_to_waste_basket) & G(set_out_to_house -> F(go_to_waste_basket))
G((constructor_creates_instances | house_is_built) -> G(engine_breaks & sensor_retrieves_data)),G((constructor_creates_instances | house_is_built) -> F(sensor_retrieves_data & engine_breaks))
G((car_starts | table_is_old) -> G(escalator_is_blocked & motorbike_falls_down)),F((table_is_old | car_starts) & G((motorbike_falls_down & escalator_is_blocked) -> (motorbike_falls_down & escalator_is_blocked)))
G((escalator_is_blocked & house_is_open) -> G!(bar_is_up & engine_stops)),F((escalator_is_blocked & house_is_open) & G(!(bar_is_up & engine_stops)))
G((bridge_opens & sensor_retrieves_data) -> G!(brake_is_released | engine_starts)),F(bridge_opens & sensor_retrieves_data) -> G(!(brake_is_released | engine_starts))
G!let_go_orange U F yield_pear,(!let_go_orange) U yield_pear
!G!(photo_fire_source & X photo_fire_source),G(photo_fire_source | X photo_fire_source | XX photo_fire_source)
F get_orange -> F get_close_tree,G(get_orange -> F get_close_tree)
G!(bridge_closes | sensor_retrieves_data) | F((bridge_closes | sensor_retrieves_data) & F(car_enters | motorbike_has_started)),F((sensor_retrieves_data | bridge_closes) & F(car_enters | X motorbike_has_started))
!let_go_pear & F get_near_flag,G(!let_go_pear & F get_near_flag)
G have_apple | F capture_pear,G(have_apple) | GF(capture_pear)
deliver_aid_injured_victim U record_flood,F(deliver_aid_injured_victim & F record_flood)
G(bar_has_to_be_repaired -> G(constructor_instantiate_objects -> F train_is_crossing)),bar_has_to_be_repaired -> G(constructor_instantiate_objects -> F train_is_crossing)
G(pickup_remote -> XG!get_help),G(pickup_remote -> G(!get_help))
G!(bar_has_to_be_repaired & table_is_old) | F(bar_has_to_be_repaired & table_is_old & F(motorbike_catches_fire & semaphore_is_red)),F((table_is_old & bar_has_to_be_repaired) & F(motorbike_catches_fire & semaphore_is_red))
G((constructor_instantiate_objects | train_has_been_launched) -> F(car_starts & house_is_open)),F((train_has_been_launched | constructor_instantiate_objects) & F(car_starts & house_is_open))
secure_apple & F bring_pear,G((bring_pear & secure_apple))
G!(car_starts & escalator_moves) | F(car_starts & escalator_moves & F(escalator_speeds_up | house_collapses)),F(escalator_moves & F(car_starts & F(escalator_speeds_up | F house_collapses)))
G(train_has_arrived -> F(car_stops & house_collapses)),F(train_has_arrived & F(car_stops & house_collapses))
G(go_home -> XG!photo_fire_source),G(go_home -> G(!photo_fire_source))
F get_to_flag -> grab_hold_pear,G(get_to_flag -> grab_hold_pear)
G((bar_is_up | semaphore_is_green) -> G!(escalator_is_blocked | motorbike_has_started)),G((semaphore_is_green | bar_is_up) -> ! (escalator_is_blocked | motorbike_has_started))
F(office_3 & F(p_document_1 & F(pd & street_2))),F(office_3 & p_document_1 & pd & F(street_2 & p_document_1 & pd))
travel_to_apple | GF go_to_apple_trashcan,GF(go_to_apple_trashcan | travel_to_apple)
G((bridge_opens & engine_stops) -> G(brake_is_released | sensor_captures_data)),F(engine_stops & bridge_opens) & G((sensor_captures_data | brake_is_released) -> (sensor_captures_data | brake_is_released))
G((brake_is_released | motorbike_has_started) -> G(car_enters | train_has_arrived)),F(brake_is_released | motorbike_has_started) -> G(car_enters | train_has_arrived)
G(get_help -> XG!pickup_cake),G(get_help -> G(!pickup_cake))
gather_apple & take_pear,F(gather_apple & F take_pear)
G((engine_starts | motorbike_catches_fire) -> G!(bar_has_to_be_repaired & train_is_crossing)),F(engine_starts | motorbike_catches_fire) -> G(!(train_is_crossing & bar_has_to_be_repaired))
venture_towards_house & F present_at_flag,venture_towards_house & G present_at_flag
GF go_to_apple_trashcan -> F lay_hold_of_apple,GF(go_to_apple_trashcan) -> GF(lay_hold_of_apple)
G((avoid_impending_debris & X communicate_safe_victim) -> XX photo_fire_source),(avoid_impending_debris & X communicate_safe_victim) -> XX photo_fire_source
G((manager_handles_requests | table_is_old) -> G(bar_is_down & semaphore_is_red)),G((manager_handles_requests | table_is_old) -> (bar_is_down & semaphore_is_red))
G!(manager_handles_requests & motorbike_falls_down) | F(manager_handles_requests & motorbike_falls_down & F(manager_collect_claims & semaphore_is_red)),F((manager_handles_requests & motorbike_falls_down) & F(semaphore_is_red & manager_collect_claims))
G!(escalator_moves & train_stops) | F(escalator_moves & train_stops & F(bar_is_up & house_is_open)),F((escalator_moves & train_stops) & F(house_is_open & bar_is_up))
G((escalator_speeds_up | sensor_gathers_information) -> G(car_stops & constructor_creates_instances)),F((escalator_speeds_up | sensor_gathers_information) & G((constructor_creates_instances & car_stops) -> (constructor_creates_instances & car_stops)))
G((escalator_speeds_up | motorbike_is_driven) -> G!(bridge_opens & sensor_retrieves_data)),F(motorbike_is_driven | escalator_speeds_up) -> G(!(bridge_opens & sensor_retrieves_data))
go_home U record_gas_leak,F(go_home & F record_gas_leak)
G((brake_is_released | car_enters) -> G!(bar_has_to_be_repaired | train_has_arrived)),G !((car_enters | brake_is_released) -> F (bar_has_to_be_repaired | train_has_arrived))
!let_go_orange & G moving,G(moving & !let_go_orange)
F get_help -> (!get_help U (!get_help & record_pedestrian_northwest_5th_street)),G(get_help -> (record_pedestrian_northwest_5th_street V get_help))
G((deliver_bear_loading_dock & X search_chair) -> XX deliver_bed_loading_dock),(deliver_bear_loading_dock & X search_chair) -> XX deliver_bed_loading_dock
(locality_1 U intersection_4) & F(warehouse_9 & F(p_package_5 & F(pd & store_2))),locality_1 U intersection_4
G!(constructor_creates_instances & motorbike_has_stopped) | F(constructor_creates_instances & motorbike_has_stopped & F train_has_arrived),F((constructor_creates_instances & motorbike_has_stopped) & F(train_has_arrived))
F search_spoon -> (!search_spoon U (deliver_cup_loading_dock & !search_spoon)),G(search_spoon -> (deliver_cup_loading_dock V search_spoon))
F present_at_flag U F bring_pear,G(present_at_flag -> (present_at_flag U bring_pear))
building_9 U (room_2 & F(p_bottle_3 & F(pd & room_6))),building_9 U (p_bottle_3 & room_6)
G!(bar_is_down & car_starts) | F(bar_is_down & car_starts & F(engine_stops | semaphore_is_red)),F((car_starts & bar_is_down) & F(semaphore_is_red | engine_stops))
travel_to_apple | F go_to_transh_can,G(go_to_transh_can | travel_to_apple)
(!street_5 U store_1) & F(p_package_4 & store_1),(!street_5) U (store_1 & p_package_4)
(prop_2 <-> prop_3) & G prop_1,G(prop_1 & (prop_3 <-> prop_2))
prop_1 | F prop_2,prop_1 | GF prop_2
prop_1 & F prop_2,G(prop_1) & GF(prop_2)
F(prop_1 & F prop_2),F prop_1 & F prop_2
G(prop_1 -> (prop_2 | prop_3)),G(prop_1 -> (F prop_2 | prop_3))
F(prop_1 | GF prop_2),G(prop_1 | GF prop_2)
prop_1 -> F prop_2,G(prop_1 -> G(prop_2 -> prop_2))
!prop_3 | (prop_2 & G prop_1),(G prop_1 & F prop_2) | !prop_3
F(prop_1 U prop_2),prop_1 U prop_2
F prop_1 -> prop_2,G(prop_1 -> prop_2)
G((prop_1 | prop_3) -> F prop_2),(prop_1 | prop_3) -> F prop_2
(prop_3 U prop_1) -> (prop_2 -> prop_4),(prop_3 U prop_1) & (F prop_1 -> F (prop_4 U prop_2))
prop_2 -> (prop_1 & prop_3),G(prop_2 -> (prop_1 & prop_3))
F prop_1,prop_1
G(prop_1 U prop_2),G(prop_1) U prop_2
prop_1 | G(prop_2 -> prop_3),G((prop_2 -> prop_3) | prop_1)
G((prop_1 | prop_2) -> (prop_4 U prop_3)),G((prop_1 | prop_2) -> F(prop_3 & F prop_4))
F(prop_1 | G prop_2),F(prop_1) | G(prop_2)
(prop_3 -> prop_1) | F prop_2,F prop_2 | (prop_3 -> F prop_1)
prop_3 <-> (!prop_1 -> prop_2),G((!prop_1 -> prop_2) <-> prop_3)
prop_1 & (prop_3 -> prop_2),prop_3 -> (prop_2 & prop_1)
!(F prop_1 | F prop_2),!prop_1 | F prop_2
(prop_2 & prop_3) -> G prop_1,G((prop_2 & prop_3) -> G prop_1)
F prop_3 -> (prop_1 <-> prop_2),G(prop_3 -> G(prop_2 <-> prop_1))
G(!prop_1 & F prop_2),G(!prop_1) & F(prop_2)
(prop_1 <-> (prop_3 & prop_4)) U prop_2,F((prop_4 & prop_3) <-> prop_1) U prop_2
G(prop_1 -> (prop_2 & prop_3)),G(prop_1 -> (prop_3 & X prop_2))
G((prop_2 & prop_3) -> GF prop_1),G(!prop_3 -> (prop_2 & prop_1))
F(prop_1 U F prop_2),G(prop_1 U prop_2)
!F prop_1 -> prop_2,!prop_1 -> !prop_2
G prop_3 -> (prop_1 & prop_2),G(prop_3) -> F(prop_1 & prop_2)
(prop_1 -> !prop_3) & G prop_2,G(!prop_3 | !prop_1) & G(prop_2)
!prop_1 & prop_2 & (prop_4 -> prop_3),G(!prop_1 & (prop_4 -> prop_3)) U prop_2
prop_1 | prop_2 | !prop_3,G(prop_3 -> (prop_1 | prop_2))
G(F prop_1 & F prop_2),GF(prop_1) & G(prop_2)
prop_1 | prop_2 | prop_3 | prop_4,F (prop_1 | prop_4 | prop_3 | prop_2)
G((prop_1 & prop_2) -> prop_3),G((prop_1 & prop_2) -> F prop_3)
prop_2 U prop_1,F(prop_2 & F prop_1)
(prop_3 -> prop_1) & (prop_2 U prop_4),G(prop_3 -> (prop_1 & (prop_2 U prop_4)))
G((prop_1 & prop_4) -> (prop_2 | prop_3)),G((prop_4 & prop_1) -> (prop_2 | G(!prop_3)))
(prop_1 & prop_2) -> !prop_3,G((prop_1 & prop_2) -> !prop_3)
G((prop_1 & prop_2) -> G prop_3),G((prop_1 & prop_2) -> F prop_3)
prop_3 & ((prop_2 | prop_4) U prop_1),F((prop_2 | prop_4) & ((prop_2 | prop_4) U prop_1) & prop_3)
(prop_1 | prop_3) & G prop_2,G(prop_2) & F(prop_1 | prop_3)
(prop_3 U prop_1) -> !prop_2,G((prop_3 & (prop_3 U prop_1)) -> !prop_2)
prop_1 | prop_3 | (prop_2 -> prop_4),(prop_3 & prop_1) | (prop_2 -> prop_4)
(prop_2 -> prop_3) U (prop_1 <-> prop_4),G(prop_2 -> (prop_3 U (prop_1 <-> prop_4)))
(prop_3 -> prop_1) -> !prop_2,G((prop_3 & prop_1) -> !prop_2)
G((prop_1 & prop_2) -> !F prop_3),G((prop_1 & prop_2) -> !prop_3)
(prop_2 <-> prop_3) U (prop_4 -> prop_1),((prop_4 <-> prop_1) U (prop_3 & X prop_2))
(prop_2 -> prop_3) | (prop_1 & prop_4),(F(prop_4 & prop_1)) | G(prop_2 -> prop_3)
G((prop_2 & prop_3) -> (prop_1 & prop_4)),G((prop_3 & prop_2) -> (prop_4 & X prop_1))
(prop_3 -> prop_2) & G prop_1,G(prop_1 & (prop_3 -> prop_2))
prop_1 U F prop_2,prop_1 U prop_2
prop_1 <-> prop_2,G(prop_1 <-> prop_2)
G(prop_1 -> G prop_2),G(prop_1 -> prop_2)
F(prop_1 | G!prop_2),F(prop_1) | G(!prop_2)
F(prop_1 | prop_2),GF(prop_1 | prop_2)
!prop_1 & (prop_2 U prop_3),G(!prop_1) & (prop_2 U prop_3)
G(prop_1 | !prop_2),G(prop_1) | !prop_2
G((prop_1 | prop_2) -> G prop_3),G((prop_2 | prop_1) -> prop_3)
(prop_2 -> prop_3) <-> G prop_1,G(prop_1 -> (prop_2 -> prop_3))
!prop_3 U (prop_1 <-> prop_2),(!prop_2) U (prop_3 & prop_1)
F prop_2 -> (prop_3 -> prop_1),F(prop_2 & G(prop_3 -> prop_1))
(prop_2 <-> prop_3) & (prop_1 -> prop_4),((prop_2 <-> prop_3) & prop_1) -> prop_4
(prop_3 -> prop_1) & F prop_2,F(prop_2) & G(prop_3 -> F(prop_1))
F prop_1 -> F prop_2,G(prop_1 -> G(prop_2))
G(!prop_1 | prop_2),G(!(prop_1 | prop_2))
G prop_2 -> (prop_3 -> prop_1),G prop_2 -> G (prop_3 -> prop_1)
G prop_3 -> (prop_1 | prop_2),G prop_3 -> (G prop_1 | G prop_2)
G((prop_3 | prop_4) -> (prop_1 & prop_2)),G((prop_3 | !prop_4) -> (prop_2 & X prop_1))
prop_1 -> G!prop_2,G(prop_1 -> G(!prop_2))
F prop_1 -> G!prop_2,G(prop_1 -> G(!prop_2))
prop_1 <-> ((prop_2 & prop_3) U prop_4),G((prop_3 & prop_2) & (prop_2 U prop_4) -> prop_1)
G(prop_2 -> (prop_3 U prop_1)),G(prop_2 -> (prop_1 U prop_3))
!prop_2 U prop_1,(!prop_1) U prop_2
(prop_4 -> prop_1) | (prop_2 U prop_3),prop_4 -> (F prop_1 | (prop_2 U prop_3))
prop_1 <-> (prop_2 | (prop_3 & prop_4)),((prop_4 & prop_3) | prop_2) -> prop_1
G(F prop_1 | F prop_2),GF prop_1 | F prop_2
(prop_2 | prop_3) <-> (prop_4 U prop_1),((prop_3 | prop_2) -> (prop_4 U prop_1)) & (prop_1 -> (prop_4 U (prop_3 | prop_2)))
prop_3 & ((prop_2 & prop_4) -> prop_1),((prop_2 & prop_1) -> prop_4) & prop_3
prop_2 -> prop_1,G(prop_1 -> prop_2)
!prop_1 & (prop_3 -> prop_2),G(prop_3 -> (!prop_1 & prop_2))
G(prop_2 -> prop_1) -> prop_3,(G(prop_2 -> F prop_1)) -> prop_3
!prop_3 U (prop_1 & prop_2),(!prop_1) U (prop_2 & prop_3)
prop_3 | (!prop_1 -> prop_2),G((!prop_1 & FX prop_2) | prop_3)
F(prop_1 & GF prop_2),GF(prop_1) & GF(prop_2)
!prop_1 | (prop_3 <-> F prop_2),F(prop_2 & prop_3) | G(!prop_1)
F(prop_2 -> G prop_1),F(prop_1 & G(prop_2))
!(prop_2 | prop_3) U prop_1,!( (prop_3 | prop_2) U prop_1 )
(prop_1 | F prop_3) -> !prop_2,(F prop_3 | prop_1) -> G !prop_2
G((prop_1 & prop_2) -> (prop_4 U prop_3)),G((prop_2 & prop_1) -> (prop_3 U prop_4))
!prop_3 & (prop_1 <-> prop_2),prop_2 <-> (prop_1 & !prop_3)
(prop_4 -> prop_2) -> (prop_1 <-> prop_3),G((prop_4 & F prop_2) -> (prop_1 <-> prop_3))
(prop_2 -> prop_3) <-> F prop_1,prop_2 -> (prop_3 <-> F prop_1)
(prop_2 -> prop_1) U (prop_3 | prop_4),G(prop_2 -> (prop_1 U (prop_3 | prop_4)))
F prop_3 -> (prop_1 | prop_2),F(prop_3) -> (F(prop_1) | F(prop_2))
((prop_4 -> prop_1) -> prop_2) -> prop_3,((prop_4 -> prop_1) & (prop_1 -> prop_2)) -> prop_3
prop_1 <-> (prop_2 | prop_3 | prop_4),(prop_4 | prop_2 | prop_1) <-> prop_3
prop_2 & (prop_4 | (prop_3 -> prop_1)),((prop_3 -> prop_1) | (!prop_3 & prop_4)) & prop_2
(prop_1 <-> F prop_3) -> !prop_2,(prop_3 <-> prop_1) -> !prop_2
!prop_1 <-> (prop_3 U prop_2),(!F prop_1) <-> (prop_3 U prop_2)
((prop_1 <-> prop_2) U prop_4) -> prop_3,F((prop_1 <-> prop_2) U prop_4) -> prop_3
G((prop_1 | prop_2) -> !G prop_3),G((prop_2 | prop_1) -> !prop_3)
prop_1 & G(prop_2 <-> !prop_3),G((!prop_3 <-> prop_2) & prop_1)
(prop_3 -> prop_1) <-> (prop_2 U prop_4),(prop_2 U prop_4) <-> (prop_3 & F prop_1)
(prop_1 & prop_3) <-> G prop_2,G(prop_2 <-> (prop_1 & prop_3))
G((prop_2 & prop_3) -> FG prop_1),G((prop_3 & prop_2) -> F(prop_1))
prop_2 | G(prop_1 & prop_3),G((prop_3 & prop_1) | prop_2)
!prop_1 U (prop_2 | prop_3),(!prop_1) -> (!prop_1 U (prop_2 | prop_3))
F(prop_1 U G!prop_2),G(prop_1 U !prop_2)
G(prop_2 | F prop_1),GF(prop_1 | prop_2)
(prop_1 -> prop_2) | G prop_3,G(prop_3) | G(prop_1 -> F prop_2)
(prop_1 -> prop_2) <-> (prop_4 -> prop_3),(prop_1 -> (prop_2 <-> (prop_4 -> prop_3)))
!prop_2 | (prop_1 & prop_3),G(!prop_2) | (F prop_1 & F prop_3)
(prop_2 & prop_3) U !prop_1,G((prop_2 & prop_3) -> ((prop_2 & prop_3) U !prop_1))
prop_1 -> !prop_2,G(prop_1 -> !prop_2)
prop_2 & (prop_1 <-> prop_3),(prop_3 <-> (prop_1 & prop_2))
prop_4 & ((prop_2 -> prop_1) U prop_3),((prop_2 & (prop_2 -> prop_1)) U prop_3) & prop_4
F(prop_1 & G!prop_2),F(prop_1) & G(!prop_2)
prop_4 & ((prop_1 <-> prop_2) -> prop_3),((prop_2 <-> prop_1) -> (prop_3 & prop_4))
!(prop_1 U prop_3) -> prop_2,!(F(prop_1 U prop_3)) -> prop_2
prop_1 <-> !(prop_3 U prop_2),(!prop_3 U prop_2) <-> prop_1
F prop_1 -> G prop_2,G(prop_1 -> G prop_2)
((prop_1 | prop_4) U prop_3) -> prop_2,F((prop_1 | prop_4) & ((prop_1 | prop_4) U prop_3)) -> prop_2
(prop_2 & prop_4) U (prop_1 & prop_3),G((prop_2 & prop_4) -> (! (prop_3 & prop_1) U (prop_3 & prop_1)))
prop_2 & F(prop_1 <-> prop_3),F(prop_3 <-> prop_1) & G(prop_2)
F prop_3 -> (prop_1 & prop_2),F prop_3 -> (F prop_1 & F prop_2)
prop_4 <-> ((prop_1 | prop_3) -> prop_2),G(((prop_1 | prop_3) -> prop_2) <-> prop_4)
G((prop_1 U prop_3) -> FG prop_2),G(F(prop_3 U prop_1) -> F(G prop_2))
prop_4 | (prop_1 & (prop_2 U prop_3)),F(prop_2 U (prop_3 & prop_1)) | prop_4
prop_3 <-> ((prop_1 | prop_4) U prop_2),((prop_4 | prop_1) U prop_2) -> prop_3
prop_3 & G(prop_1 -> prop_2),prop_1 -> (G prop_2 & prop_3)
G((prop_1 | prop_3) -> !F prop_2),G((prop_1 | prop_3) -> prop_2)
G(!prop_1 U G!prop_2),(!prop_1) U (!prop_2)
!(prop_1 | F prop_2),!prop_1 | F prop_2
(prop_2 | prop_3) & F prop_1,F(prop_1 & (prop_2 | prop_3))
G(!prop_1 & prop_2),G(!(prop_1 & prop_2))
F(prop_1 & !prop_2),G((prop_1 & !prop_2) -> (prop_1 & !prop_2))
prop_2 & prop_4 & (prop_3 -> prop_1),G(prop_3 -> F(prop_1 & prop_2 & prop_4))
(prop_1 <-> prop_2) -> !prop_3,G((prop_1 <-> prop_2) -> !prop_3)
F(prop_1 & G prop_2),F(prop_1) & G(prop_2)
prop_2 & !(prop_1 | prop_3),(!prop_3 | !prop_1) & prop_2
G(F prop_1 U prop_2),(G(prop_1)) U prop_2
G prop_1 -> (prop_2 <-> prop_3),G(prop_1) -> G(prop_2 <-> prop_3)
(prop_2 U prop_1) -> prop_3,(prop_2 U prop_1) & F(prop_3)
(prop_3 -> prop_4) | (prop_1 <-> prop_2),(G(prop_3 -> F prop_4)) | (G(prop_1 <-> prop_2))
G(prop_1 | G prop_2),G(prop_1) | G(prop_2)
(prop_1 & prop_2) <-> F prop_3,G((prop_1 & prop_2) <-> X prop_3)
(prop_2 | prop_3) -> (prop_4 -> prop_1),G((prop_2 | prop_3) -> (F(prop_4 & (!prop_1 U (prop_4 & X prop_1)))))
prop_1 & (prop_2 | (prop_3 U prop_4)),(prop_3 U (prop_4 | prop_2)) & prop_1
((prop_2 & prop_4) U prop_3) -> prop_1,F((prop_2 & prop_4) & ((prop_4 U prop_3) -> prop_1))
!prop_2 <-> (prop_3 -> prop_1),G(!prop_2) <-> (prop_3 & F prop_1)
(prop_1 -> prop_4) & (prop_3 -> prop_2),G((prop_1 -> F prop_4) & (prop_3 -> F prop_2))
prop_3 | (prop_2 <-> (prop_1 U prop_4)),(prop_1 U prop_4) <-> (prop_2 | prop_3)
F(prop_1 & !F prop_2),G((prop_1 & !prop_2) -> (prop_1 & !prop_2))
prop_3 | ((prop_2 | prop_4) -> prop_1),G((prop_2 | prop_4) -> F prop_1) | G(!prop_2 & !prop_4 -> prop_3)
!(prop_1 U F prop_2),(!prop_1) U prop_2
prop_3 & ((prop_1 | prop_4) -> prop_2),(prop_4 | prop_1) -> (prop_2 & prop_3)
prop_4 <-> (prop_2 & (prop_1 -> prop_3)),((prop_1 -> (prop_3 & prop_2)) <-> prop_4)
prop_1 | !(prop_2 -> prop_3),(! (prop_2 -> F prop_3)) | prop_1
prop_3 | ((prop_2 -> prop_4) U prop_1),G(prop_2 -> (prop_4 U prop_1)) | prop_3
!(prop_2 & F prop_1),!(prop_1 & prop_2)
G(!prop_1 | G prop_2),G(!prop_1) | G(prop_2)
prop_4 | ((prop_2 <-> prop_3) U prop_1),F((prop_3 <-> prop_2) U prop_1) | prop_4
!(prop_1 & prop_3) -> prop_2,(!prop_3 & !prop_1) -> prop_2
(!prop_1 -> prop_4) | (prop_5 -> (prop_2 | prop_3)),(!prop_1 -> prop_4) & (prop_1 -> G(prop_5 -> (prop_2 | prop_3)))
(prop_3 <-> prop_4) | (prop_1 U prop_2),(prop_1 U prop_2) | G(prop_3 <-> prop_4)
G((prop_2 & prop_3) -> !G prop_1),(prop_2 & prop_3) -> !G(prop_1)
(prop_2 <-> !prop_3) & G prop_1,G(prop_1 & (!prop_3 <-> prop_2))
((prop_1 & prop_2) -> (prop_6 U prop_5)) & (prop_4 U !prop_3),(prop_1 & prop_2) -> ((prop_6 U prop_5) & (prop_4 U prop_3))
(prop_1 | prop_3) U (prop_2 <-> prop_4),F((prop_1 | prop_3) -> ((prop_1 | prop_3) U (prop_2 <-> prop_4)))
(prop_2 & prop_3) -> prop_1,G((prop_3 & prop_2) -> prop_1)
!prop_2 -> (prop_1 <-> prop_3),G(!prop_2 -> (prop_3 <-> prop_1))
(prop_1 | prop_2) U !prop_3,F((prop_1 | prop_2) -> ((prop_1 | prop_2) U !prop_3))
(prop_1 | prop_3) U (prop_4 -> prop_2),(prop_3 | prop_1) U (prop_4 & prop_2)
(prop_1 -> prop_3) & (prop_2 | prop_4),(G(prop_1 -> prop_3)) -> (F(prop_4 | prop_2))
(prop_1 & prop_4) U (prop_2 -> prop_3),(prop_1 & prop_4) U (prop_2 & prop_3)
(prop_1 <-> prop_3) <-> G prop_2,G(prop_2 <-> (prop_3 <-> prop_1))
prop_1 & prop_3 & G prop_2,G(prop_1 & prop_2 & prop_3)
!(F prop_1 & F prop_2),!prop_1 & G prop_2
prop_4 <-> (prop_3 | (prop_2 -> prop_1)),prop_2 <-> ((G(prop_1 -> F prop_3)) | prop_4)
(G prop_1 -> prop_2) -> !prop_3,(G prop_1 -> prop_2) -> G !prop_3
!prop_1 -> F prop_2,G(prop_2 -> !prop_1)
(prop_3 <-> prop_4) & (prop_2 U prop_1),(prop_2 U prop_1) & G(prop_3 <-> prop_4)
(prop_1 & prop_3) -> F prop_2,G((prop_3 & prop_1) -> F prop_2)
(prop_1 | !prop_3) & G prop_2,G(prop_2 & (!prop_3 | prop_1))
!(prop_1 | !prop_2),(!prop_1 | !prop_2)
(prop_3 & prop_4) <-> (prop_1 | prop_2),G((prop_4 & prop_3) -> (prop_1 | prop_2))
(prop_2 | prop_3 | prop_4) -> prop_1,G((prop_2 | prop_3 | prop_4) -> prop_1)
(prop_2 U prop_1) -> (prop_3 | prop_4),(prop_2 & (prop_2 U prop_1)) -> F (prop_3 | prop_4)
(prop_2 | prop_3) -> !prop_1,G((prop_3 | prop_2) -> !prop_1)
prop_3 & ((prop_4 U prop_2) -> prop_1),(prop_4 U prop_2) -> (prop_1 & prop_3)
G(!prop_1 U prop_2),(!prop_1) U prop_2
(prop_2 & prop_3) -> (prop_1 & prop_4),G((prop_3 & prop_2) -> (prop_4 & prop_1))
F(prop_1 <-> prop_3) -> prop_2,F((prop_3 <-> prop_1) & (!prop_2 U (prop_3 <-> prop_1)) & X prop_2)
G!prop_1 -> prop_2,G(!prop_1 -> prop_2)
F prop_2 & G!prop_1,F (prop_2 & G !prop_1)
prop_3 & G!(prop_1 & prop_2),G(!(prop_1 & prop_2) & prop_3)
prop_2 | G(prop_1 <-> prop_3),G((prop_3 <-> prop_1) | prop_2)
G(prop_1 U F prop_2),prop_1 U prop_2
G(F prop_1 | G prop_2),GF(prop_1) | G(prop_2)
(F prop_1 -> prop_3) -> !prop_2,F(prop_1 & F prop_3) -> G(!prop_2)
prop_1 | (!prop_3 U prop_2),F(!prop_3 U prop_2) | prop_1
prop_2 | (prop_3 & (prop_1 -> prop_4)),((prop_1 -> (prop_4 & prop_3)) | prop_2)
(prop_1 <-> prop_2) <-> F prop_3,F prop_3 & (prop_1 <-> prop_2)
G(!prop_1 U F prop_2),(!prop_1) U prop_2
prop_1 & (prop_4 <-> (prop_3 U prop_2)),(prop_3 U prop_2) <-> (prop_4 & prop_1)
(prop_3 <-> (prop_2 | prop_4)) U prop_1,((prop_2 | (prop_4 <-> prop_3)) U prop_1)
(prop_3 & prop_4) -> (prop_2 -> prop_1),G((prop_4 & prop_3) -> G(prop_2 -> F prop_1))
(prop_1 -> prop_4) <-> (prop_2 <-> prop_3),(F(prop_1 & F prop_4)) <-> (prop_2 <-> prop_3)
prop_2 | G(prop_1 | prop_3),G(G prop_3 | prop_1 | prop_2)
prop_2 | prop_3 | (prop_1 <-> prop_4),(F prop_2 | F prop_3) | (prop_1 <-> prop_4)
(prop_1 & prop_3) U (prop_2 <-> prop_4),((prop_2 & prop_4) U (prop_1 <-> prop_3))
((prop_3 & prop_5) -> (prop_1 U !prop_2)) & (prop_6 U !prop_4),(prop_5 & prop_3) -> (!(prop_1 U prop_2) & !(prop_6 U prop_4))
(prop_1 <-> prop_3) -> (prop_2 | prop_4),(prop_1 <-> prop_3) -> (F prop_2 | F prop_4)
(!prop_3 -> prop_1) | F prop_2,F prop_2 | (!F prop_3 -> F prop_1)
F prop_1 -> GF prop_2,G(prop_1 -> G prop_2)
prop_1 <-> !(prop_3 -> prop_2),!(prop_3 -> (prop_2 <-> prop_1))
F(prop_1 | !prop_2),G(prop_1 | !prop_2)
(prop_1 & (prop_3 -> prop_2)) -> prop_4,G((prop_3 & prop_2 & prop_1) -> prop_4)
prop_1 & ((prop_2 <-> prop_4) U prop_3),F((prop_2 <-> prop_4) U prop_3) & prop_1
!(prop_2 & (prop_1 U prop_3)),!(prop_1 U (prop_3 & prop_2))
(prop_1 & prop_2) -> (prop_3 <-> prop_4),G((prop_2 & prop_1) -> (prop_4 <-> prop_3))
(prop_1 & prop_2) -> (prop_4 U prop_3),G((prop_1 & prop_2) -> (prop_4 U prop_3))
((prop_2 | prop_3) -> prop_1) -> prop_4,G((prop_2 | prop_3) -> (prop_1 U prop_4))
(prop_2 | prop_3) -> (prop_1 <-> prop_4),G((prop_3 | prop_2) -> (prop_4 <-> prop_1))
(prop_1 | prop_4) U (prop_2 & prop_3),G((prop_4 | prop_1) -> (! (prop_3 & prop_2) U (prop_3 & prop_2)))
prop_3 <-> ((prop_1 -> prop_2) U prop_4),F(prop_1 -> (prop_2 U prop_4)) <-> prop_3
(F prop_3 -> prop_1) -> prop_2,F(prop_3) -> (prop_1 -> prop_2)
G(!prop_1 | G!prop_2),G(!prop_1) | G(!prop_2)
F(prop_1 | !F prop_2),G((prop_1 | !prop_2))
prop_2 & G(!prop_3 -> prop_1),G(!prop_3 -> (prop_1 & prop_2))
(!prop_1 -> !prop_2) & G prop_3,G(!prop_2 -> !prop_1) & G(prop_3)
(prop_2 U prop_1) U prop_3,prop_2 & X(F(prop_1 & F prop_3))
!prop_1 -> (prop_3 -> prop_2),G(!prop_1 -> (prop_3 -> prop_2))
(prop_1 | prop_3) -> (prop_2 & prop_4),G((prop_3 | prop_1) -> F(prop_4 & prop_2))
!(prop_1 & !prop_2),(!prop_1 & !prop_2)
(prop_1 | prop_3) -> F prop_2,G((prop_1 | prop_3) -> F prop_2)
prop_1 | prop_2 | G!prop_3,G(!prop_3 | prop_1 | prop_2)
(prop_1 -> prop_4) -> (prop_2 & prop_3),(G(prop_1 -> F prop_4)) -> (F prop_3 & F prop_2)
(prop_3 <-> (prop_1 & prop_4)) -> prop_2,((prop_4 & prop_1) | prop_3) -> prop_2
prop_1 | !F prop_2,prop_1 | !prop_2
!prop_2 U (prop_3 -> prop_1),(!prop_2) U (prop_3 & prop_1)
F photo_collision_east_3rd_street -> (!photo_collision_east_3rd_street U (get_help & !photo_collision_east_3rd_street)),!photo_collision_east_3rd_street | F(get_help & F(photo_collision_east_3rd_street))
go_by_waste_bin & G!drop_apple,G(!(drop_apple & go_by_waste_bin))
GF(area_2 & photo),G(area_2 -> F(photo))
F go_by_waste_basket -> F bring_pear,G(go_by_waste_basket -> F bring_pear)
F(kitchen_1 & F(p_bottle_2 & F(hall_2 & G hall_2))),F(kitchen_1 & p_bottle_2 & F(G hall_2))
G(elevator_is_open -> G(train_derails -> F bar_is_down)),G(elevator_is_open & G(train_derails -> F bar_is_down))
F((red_room | yellow_room) & F blue_room),! (yellow_room | red_room) | F ((yellow_room | red_room) & F blue_room)
F get_near_flag & F make_to_flag,F(get_near_flag & F(make_to_flag))
F(restaurant_9 & F(takeout_2 & F(house_1 & pd))),F(restaurant_9 & takeout_2 & F(house_1 & takeout_2))
G(deliver_giraffe_loading_dock -> XG!deliver_fire_hydrant_loading_dock),G(deliver_giraffe_loading_dock -> G(!deliver_fire_hydrant_loading_dock))
move_to_trash_can & G!let_go_apple,G(!(let_go_apple & move_to_trash_can))
venture_towards_house & G!drop_apple,G(venture_towards_house & !drop_apple)
F record_pedestrian_northwest_1st_street -> (!record_pedestrian_northwest_1st_street U (get_help & !record_pedestrian_northwest_1st_street)),!record_pedestrian_northwest_1st_street | F(get_help & F(record_pedestrian_northwest_1st_street))
G(escalator_moves -> G(car_enters -> F constructor_instantiate_objects)),G((escalator_moves & F car_enters) -> F constructor_instantiate_objects)
(!intersection_5 U street_4) & F(house_4 & F(p_pass_4 & F(office_1 & pd))),G(!intersection_5 U (street_4 & F(p_pass_4 & office_1)))
GF go_to_apple_trashcan | F visit_trash_bin,GF(go_to_apple_trashcan ) | G(visit_trash_bin -> F(go_to_apple_trashcan ))
F acquire_pear U pick_up_flag,G(acquire_pear U pick_up_flag)
!G!(record_safe_civilian & X record_safe_civilian),G(record_safe_civilian | X record_safe_civilian | X X record_safe_civilian)
!locality_5 U (house_2 & F(p_pass_5 & F(office_3 & pd))),!locality_5 U (p_pass_5 & F(office_3))
GF(building_5 & photo) & GF charger_4,G(photo & building_5 & charger_4)
GF(building_5 & photo) & GF charger_4,G(photo & building_5) & GF(charger_4)
G(avoid_probable_flood -> XG!communicate_injured_hostile),G(avoid_probable_flood -> G(!communicate_injured_hostile))
(!street_4 U intersection_2) & F(house_13 & p_trash_13),G((p_trash_13 & house_13) -> (!street_4 U intersection_2))
GF(mall_5 & F(p_crate_8 & F(office_6 & pd))),G(F(pd & p_crate_8 & mall_5 & F(pd & p_crate_8 & office_6)))
F search_sheep -> (!search_sheep U (get_help & !search_sheep)),!search_sheep | F(get_help & F(search_sheep))
G!(bar_is_up | semaphore_is_green) | F((bar_is_up | semaphore_is_green) & F(bar_has_to_be_repaired & table_is_old)),F((semaphore_is_green | bar_is_up) & F(table_is_old & F(bar_has_to_be_repaired)))
collect_pear & put_in_bucket,F(collect_pear & F(put_in_bucket))
F go_to_tree & !F pick_up_anything,G(go_to_tree & !pick_up_anything)
G((communicate_safe_rescuer <-> photo_debris) -> (communicate_injured_victim <-> photo_debris)),G((communicate_safe_rescuer & photo_debris) -> (photo_debris & communicate_injured_victim))
capture_orange & F have_possession_of_apple,G(have_possession_of_apple & capture_orange)
secure_apple | F venture_to_house,G(venture_to_house | secure_apple)
venture_towards_house -> F bring_pear,G(venture_towards_house -> G(bring_pear))
F go_near_pear & F pass_by_waste_receptacle,F(go_near_pear ) & G(pass_by_waste_receptacle )
G((bar_is_down & semaphore_is_red) -> G(house_collapses | semaphore_is_green)),G((bar_is_down & semaphore_is_red) -> F(semaphore_is_green | house_collapses))
G((bridge_opens | motorbike_has_started) -> G semaphore_is_yellow),G((bridge_opens | motorbike_has_started) -> semaphore_is_yellow)
F(table_9 & F(p_brochure_3 & F(park_2 & pd))),F(pd & p_brochure_3 & table_9 & F(pd & p_brochure_3 & park_2))
go_to_orange_bin & !let_go_orange,G(!let_go_orange & go_to_orange_bin)
F stop_by_house | F go_to_trashcan,F stop_by_house | G go_to_trashcan
(!intersection_5 U street_4) & F(house_4 & F(p_pass_4 & F(office_1 & pd))),G(!intersection_5 U street_4) & G(p_pass_4 & house_4 -> F(p_pass_4 & office_1))
F go_to_trash_receptacle & G have_apple,G(go_to_trash_receptacle & G have_apple)
F(pd & F(park_4 & G park_4)),F(!pd & F(G park_4))
GF(warehouse_4 & F(p_crate_8 & F(pd & store_8))) & GF charger_2,G(F(p_crate_8 & warehouse_4 & F store_8)) & G(F charger_2)
G((bridge_opens & engine_starts) -> G!(brake_is_released | semaphore_is_yellow)),G((bridge_opens & engine_starts) -> ! (semaphore_is_yellow | brake_is_released))
photo_injured_person U communicate_safe_hostile,G(photo_injured_person -> F(communicate_safe_hostile))
!get_help U search_bed,G(!get_help U search_bed)
get_to_tree | G stay,G(stay | get_to_tree)
F!avoid_impending_debris,F(avoid_impending_debris )
deliver_frisbee_shelf -> X((get_help U pickup_parking_meter) | G get_help),G(deliver_frisbee_shelf -> X(get_help U pickup_parking_meter | G get_help))
G!(engine_stops | train_is_crossing) | F((engine_stops | train_is_crossing) & F(train_derails & train_is_crossing)),F((engine_stops | train_is_crossing) & F(train_derails & F(train_is_crossing)))
F(change_light_east_green & change_light_south_green),F(change_light_east_green & F(change_light_south_green)) | F(change_light_south_green & F(change_light_east_green))
F go_by_tree | GF make_way_to_house,G(go_by_tree | GF make_way_to_house)
G((bridge_opens & engine_stops) -> G(engine_breaks & motorbike_catches_fire)),G((engine_stops & bridge_opens) -> (motorbike_catches_fire & engine_breaks))
(idle U get_help) | G idle,idle R get_help
move_to_house & GF go_to_pear,G(move_to_house & GF go_to_pear)
!let_go_pear & F grab_orange,F(grab_orange & !let_go_pear)
F((green_room | yellow_room) & F blue_room),(! (yellow_room | green_room)) | F((yellow_room | green_room) & F(blue_room))
hold_apple -> put_in_bucket,G(hold_apple -> F put_in_bucket)
F obtain_orange | F make_your_way_flag,G(obtain_orange | F make_your_way_flag)
G!train_has_arrived | F(train_has_arrived & F(bar_is_closing | table_is_brown)),!train_has_arrived | F(train_has_arrived & F(bar_is_closing | table_is_brown))
GF charger_12 & GF(house_5 & F(p_box_1 & F(house_23 & pd))),G(charger_12 ) & G(F(p_box_1 & house_5 & F(p_box_1 & house_23 )))
GF charger_4 & GF(area_5 & photo),G((photo & area_5) -> F(charger_4))
G area_2 & GF(building_8 & photo),G(area_2 U (building_8 & photo))
G!(bar_has_to_be_repaired | table_is_old) | F((bar_has_to_be_repaired | table_is_old) & F(brake_is_pressed | motorbike_has_started)),F((bar_has_to_be_repaired | (table_is_old & F(brake_is_pressed | motorbike_has_started))))
put_in_bucket & G have_apple,G(put_in_bucket & have_apple)
G!(bar_is_down | engine_breaks) | F((bar_is_down | engine_breaks) & F(house_is_built & sensor_captures_data)),! (engine_breaks | bar_is_down) | F ((engine_breaks | bar_is_down) & F (house_is_built & sensor_captures_data))
G!(escalator_moves & train_stops) | F(escalator_moves & train_stops & F sensor_gathers_information),! (escalator_moves & train_stops) | F ((escalator_moves & train_stops) & F (sensor_gathers_information))
G!drop_apple | F walk_near_flag,G(!drop_apple) | G(walk_near_flag)
G!(constructor_creates_instances & motorbike_has_stopped) | F(constructor_creates_instances & motorbike_has_stopped & F(manager_collect_claims | train_is_crossing)),! (constructor_creates_instances & motorbike_has_stopped) | F ((constructor_creates_instances & motorbike_has_stopped) & F (train_is_crossing | manager_collect_claims))
!G!(change_light_west_yellow & X change_light_west_yellow),G(change_light_west_yellow | X change_light_west_yellow | X X change_light_west_yellow)
F(arch_2 & photo & F(park_8 & G park_8)),! (photo & arch_2) | F ((photo & arch_2) & F (G park_8))
G!bridge_closes | F(bridge_closes & F(bar_is_up | elevator_falls)),F(bridge_closes & F(elevator_falls | bar_is_up))
G((house_is_built & train_derails) -> G(manager_handles_requests | motorbike_has_started)),G((house_is_built & train_derails) -> (manager_handles_requests | motorbike_has_started))
GF grab_tree U approach_trash_can,G(grab_tree U approach_trash_can)
G(train_derails -> G(brake_is_pressed -> F train_is_crossing)),G(train_derails -> F(brake_is_pressed -> F(train_is_crossing)))
G have_in_orange | F snag_orange,G(have_in_orange | snag_orange)
deliver_aid_injured_victim -> X((get_help U avoid_inactive_gas_leak) | G get_help),G(deliver_aid_injured_victim -> X(get_help U avoid_inactive_gas_leak | G get_help))
F!get_help,F(G(!get_help ))
F set_out_to_house -> F snatch_pear,G(set_out_to_house -> G(snatch_pear))
drop_orange & GF make_way_to_house,F(drop_orange & G(make_way_to_house ))
F(store_3 & F(p_package_2 & F(house_2 & pd))) & G!mall_1,F(store_3 & p_package_2 & F(house_2)) & G(!mall_1)
G!(engine_stops | manager_collect_claims) | F((engine_stops | manager_collect_claims) & F sensor_gathers_information),F((engine_stops | manager_collect_claims) & F(sensor_gathers_information))
F procure_pear | G!drop_pear,G(procure_pear | G(!drop_pear))
G(!(get_help & search_cow) -> F pickup_clock),G((!search_cow & !get_help) -> F(pickup_clock))
G(!(pickup_snowboard & search_dog) -> F get_help),G((!pickup_snowboard & !search_dog) -> F get_help)
G((house_collapses | table_is_old) -> G semaphore_is_yellow),G((house_collapses | table_is_old) -> F(semaphore_is_yellow))
G!(elevator_is_blocked & train_stops) | F(elevator_is_blocked & train_stops & F(brake_is_released | car_stops)),F((train_stops & elevator_is_blocked) & F(car_stops | brake_is_released))
pick_up_fruit -> F grab_orange,G(pick_up_fruit -> G(grab_orange))
GF charging_station_5 & GF(warehouse_1 & F(p_package_5 & F(pd & store_5))),G(F charging_station_5) & G(F(warehouse_1 & F(p_package_5 & F store_5)))
F be_near_tree | F grasp_pear,G(be_near_tree ) | F(grasp_pear )
G!(house_collapses & house_is_open) | F(house_collapses & house_is_open & F(constructor_instantiate_objects & elevator_rises)),F(house_collapses & house_is_open) & F(constructor_instantiate_objects & F(elevator_rises))
F!go_home,F(G(!go_home ))
F touch_house U G!drop_apple,F(touch_house U G(!drop_apple))
G!train_has_arrived | F(train_has_arrived & F(bar_is_up | elevator_falls)),!train_has_arrived | F(train_has_arrived & F(elevator_falls | bar_is_up))
F blue_room & G!red_room,F(blue_room & !red_room)
get_help -> X((communicate_safe_hostile U go_home) | G communicate_safe_hostile),G(get_help -> X(communicate_safe_hostile U go_home | G communicate_safe_hostile))
F(monument_1 & photo) & (!monument_1 U park_4),F(photo ) & G(!monument_1 U park_4 )
G!train_has_arrived | F(train_has_arrived & F(escalator_is_blocked | sensor_captures_data)),!train_has_arrived | F(train_has_arrived & F(escalator_is_blocked | sensor_captures_data))
G moving | G have_in_orange,G(moving | have_in_orange)
F have_pear | GF go_to_apple_trashcan,G(have_pear | GF go_to_apple_trashcan)
GF go_to_waste_basket -> take_apple,G(go_to_waste_basket -> F(take_apple))
acquire_orange | reach_trash_can,F(acquire_orange | reach_trash_can)
F blue_room & G!green_room,G(!green_room -> F blue_room)
(park_5 U bench_4) & F(store_2 & F(p_bottle_5 & F(bench_4 & pd))),G((p_bottle_5 & store_2) -> F(p_bottle_5 & bench_4)) & (park_5 U (p_bottle_5 & bench_4))
(!intersection_5 U street_4) & F(house_4 & F(p_pass_4 & F(office_1 & pd))),G(!intersection_5 U (street_4 & p_pass_4 & office_1))
F(photo & statue_5),G(statue_5 -> F(photo ))
G!(bar_is_up | semaphore_is_green) | F((bar_is_up | semaphore_is_green) & F sensor_gathers_information),! (semaphore_is_green | bar_is_up) | F ((semaphore_is_green | bar_is_up) & F (sensor_gathers_information))
advance_to_tree | G have_in_orange,F advance_to_tree | G have_in_orange
G!sensor_gathers_information | F(sensor_gathers_information & F(bar_has_to_be_repaired | car_enters)),F(sensor_gathers_information & F(car_enters | bar_has_to_be_repaired))
F search_skateboard -> (!search_skateboard U (search_refrigerator & !search_skateboard)),!search_skateboard | F(search_refrigerator & F(search_skateboard))
F go_to_apple & F approach_house,F(go_to_apple ) & G(approach_house )
F get_close_tree | GF make_way_to_house,G(get_close_tree | GF make_way_to_house)
F venture_to_house U G!drop_apple,G(venture_to_house U G(!drop_apple))
hold_on_to_pear & reach_trash_can,F(reach_trash_can & hold_on_to_pear)
!F pick_up_anything & F go_visit_house,G(!pick_up_anything) & G(go_visit_house -> go_visit_house)
!pickup_sink U deliver_bed_loading_dock,G(!pickup_sink U deliver_bed_loading_dock)
G((brake_is_released | engine_starts) -> G!(bar_is_closing & elevator_is_blocked)),G((brake_is_released | engine_starts) -> ! (bar_is_closing & elevator_is_blocked))
GF(mall_5 & F(p_crate_8 & F(office_6 & pd))),G(mall_5 -> F(p_crate_8 & F(office_6)))
F go_to_home U gather_orange,G(go_to_home U gather_orange)
F(house_4 & F(p_stack_4 & F(street_2 & G street_2))),F(p_stack_4 & house_4 & F(street_2 & G street_2))
F!communicate_injured_hostile,F(G(!communicate_injured_hostile ))
(!store_4 U street_6) & F(office_2 & F(p_package_8 & F(pd & store_4))),G(!store_4 U street_6) & F(p_package_8 & office_2 & F(p_package_8 & store_4))
!pickup_sports_ball U get_help,G(!pickup_sports_ball U get_help)
F(shop_1 & F(p_bottle_3 & F(hospital_2 & pd))),F(p_bottle_3 & shop_1 & F(p_bottle_3 & hospital_2))
advance_to_tree & move_to_trashcan,G(advance_to_tree & move_to_trashcan)
(!building_3 U street_6) & F(store_3 & F(p_box_8 & F(house_2 & pd))),(!building_3 U street_6) & F(p_box_8 & store_3 & F(p_box_8 & house_2))
F pickup_traffic_light -> (!pickup_traffic_light U (!pickup_traffic_light & search_refrigerator)),!pickup_traffic_light | F(search_refrigerator & F(pickup_traffic_light))
G(!(deliver_bicycle_shelf & pickup_carrot) -> F search_bed),G((!pickup_carrot & !deliver_bicycle_shelf) -> F search_bed)
approach_tree & G!drop_apple,G(!(drop_apple & approach_tree))
G!(bar_is_up & brake_is_released) | F(bar_is_up & brake_is_released & F(bar_is_closing | semaphore_is_green)),! (brake_is_released & bar_is_up) | F ((brake_is_released & bar_is_up) & F (semaphore_is_green | bar_is_closing))
grab_hold_pear -> F start_going_to_house,G(grab_hold_pear -> F(start_going_to_house))
F(photo & statue_6 & F(bench_4 & G bench_4)),! (photo & statue_6) | F ((photo & statue_6) & F (G (bench_4)))
locality_6 U (store_8 & F(p_package_3 & F(house_5 & pd))),locality_6 U (p_package_3 & store_8 & F(p_package_3 & house_5))
!get_help U change_light_south_red,G(!get_help U change_light_south_red)
go_home U avoid_active_flood,!go_home | F(go_home & F(avoid_active_flood))
G(train_derails -> G(brake_is_released -> F semaphore_is_yellow)),G(train_derails -> (brake_is_released -> F semaphore_is_yellow))
F contact_house -> take_to_tree,G(contact_house -> F(take_to_tree))
G county_4 & GF(office_3 & F(p_package_4 & F(office_8 & pd))),G(county_4 & F(p_package_4 & office_3 & F(p_package_4 & office_8)))
F go_to_house & G go_by_trash_can,F(go_to_house & G go_by_trash_can)
F move_forward_trash_can & F go_near_pear,G(move_forward_trash_can ) & F(go_near_pear )
F track_towards_tree | F have_pear,F(track_towards_tree ) | G(have_pear -> track_towards_tree )
F acquire_pear & F be_near_tree,G(acquire_pear & be_near_tree)
F touch_house U F procure_orange,G(touch_house -> F procure_orange)
GF intersection_4 & F locality_9,G(locality_9 -> (intersection_4 U locality_9))
F(photo & statue_6) & G park_5,G(park_5 -> F(statue_6 & photo ))
G!sensor_gathers_information | F(sensor_gathers_information & F(car_starts | train_derails)),F(sensor_gathers_information & F(car_starts | train_derails))
F((blue_room | red_room) & F green_room),! (blue_room | red_room) | F ((blue_room | red_room) & (blue_room | red_room) U green_room)
F(photo & statue_6) & G park_5,G(park_5 ) & G(statue_6 -> F(photo ))
communicate_injured_victim U record_unstable_beam,!communicate_injured_victim | F(communicate_injured_victim & F(record_unstable_beam))
F travel_to_house -> !let_go_pear,G(travel_to_house -> !let_go_pear)
!record_collision_north_3rd_avenue U change_light_west_yellow,G(!record_collision_north_3rd_avenue U change_light_west_yellow)
gather_apple -> F visit_house,G(gather_apple -> F visit_house)
G!sensor_gathers_information | F(sensor_gathers_information & F(elevator_rises & house_is_open)),F(sensor_gathers_information ) & F(house_is_open & F(elevator_rises ))
F venture_to_house -> venture_towards_house,G(venture_to_house -> venture_towards_house)
deliver_aid_injured_rescuer U record_injured_victim,!deliver_aid_injured_rescuer | F(deliver_aid_injured_rescuer & F(record_injured_victim))
G move_around U F travel_house,G(move_around U travel_house)
G!drop_pear & F be_near_tree,G(!drop_pear) & G(be_near_tree)
avoid_probable_fire_source U deliver_aid_injured_hostile,!avoid_probable_fire_source | F(avoid_probable_fire_source & F(deliver_aid_injured_hostile))
keep_apple | travel_to_apple,G(keep_apple | travel_to_apple)
F bring_pear -> G!drop_apple,G(bring_pear -> G(!drop_apple))
F withold_apple -> G go_by_trash_can,G(withold_apple -> G(go_by_trash_can))
G!bridge_closes | F(bridge_closes & F(car_enters & engine_stops)),F(bridge_closes) & F(car_enters & F(engine_stops))
G!(constructor_creates_instances & motorbike_has_stopped) | F(constructor_creates_instances & motorbike_has_stopped & F(sensor_retrieves_data | train_has_been_launched)),F((constructor_creates_instances & motorbike_has_stopped) & F(sensor_retrieves_data | F train_has_been_launched))
!G!(pickup_boat & X pickup_boat),G(pickup_boat | X pickup_boat | X X pickup_boat)
venture_towards_house & G!drop_apple,G(venture_towards_house & !drop_apple)
G!(sensor_retrieves_data & train_is_crossing) | F(sensor_retrieves_data & train_is_crossing & F(bridge_closes | semaphore_is_broken)),! (sensor_retrieves_data & train_is_crossing) | F ((sensor_retrieves_data & train_is_crossing) & F (bridge_closes | semaphore_is_broken))
F grab_flag | GF grab_tree,G(grab_flag | GF grab_tree)
venture_to_trash_can -> F go_to_trash_can,G(venture_to_trash_can -> F(go_to_trash_can))
F avoid_inactive_gas_leak -> (!avoid_inactive_gas_leak U (!avoid_inactive_gas_leak & communicate_injured_hostile)),G(avoid_inactive_gas_leak -> (F(communicate_injured_hostile) R avoid_inactive_gas_leak))
G!(motorbike_has_stopped | train_stops) | F((motorbike_has_stopped | train_stops) & F(elevator_rises & house_is_open)),! (train_stops | motorbike_has_stopped) | F ((train_stops | motorbike_has_stopped) & F (house_is_open & elevator_rises))
F(house_1 & F(p_trash_can_4 & F(garbage_dump_3 & pd))),F(pd & house_1 & p_trash_can_4 & F(pd & garbage_dump_3 & p_trash_can_4))
GF charger_4 & GF(area_5 & photo),G((photo & area_5) -> charger_4)
F((red_room | yellow_room) & F green_room),(yellow_room | red_room) & F(green_room) & G(!yellow_room U green_room)
G locality_7 & F(office_4 & F(p_letter_1 & F(house_1 & pd))),G((p_letter_1 & office_4 & F house_1) -> locality_7)
G!(bar_has_to_be_repaired | table_is_old) | F((bar_has_to_be_repaired | table_is_old) & F(manager_collect_claims | sensor_retrieves_data)),! (table_is_old | bar_has_to_be_repaired) | F ((table_is_old | bar_has_to_be_repaired) & F (sensor_retrieves_data | manager_collect_claims))
G!(bar_is_down & car_starts) | F(bar_is_down & car_starts & F train_has_arrived),F((car_starts & bar_is_down) & F(train_has_arrived))
put_in_apple_bucket U F proceed_to_flag,put_in_apple_bucket U proceed_to_flag
put_in_bucket -> capture_orange,G(put_in_bucket -> capture_orange)
F journey_by_house -> go_to_bucket,F(journey_by_house -> F go_to_bucket)
G(semaphore_is_yellow -> F(bridge_opens & elevator_rises)),F(semaphore_is_yellow -> F(elevator_rises & bridge_opens))
G(deliver_bird_loading_dock -> XG!search_car),G(deliver_bird_loading_dock -> G(!search_car))
F((blue_room | yellow_room) & F green_room),! (blue_room | yellow_room) | F ((blue_room | yellow_room) & F green_room)
G moving -> F spend_time_at_tree,G(moving -> F spend_time_at_tree)
F(house_2 & p_trash_can_2),F(house_2 & F(p_trash_can_2))
F go_to_transh_can & F clutch_orange,G(F go_to_transh_can & F clutch_orange)
G!(elevator_rises | train_is_crossing) | F((elevator_rises | train_is_crossing) & F(car_starts & semaphore_is_broken)),F((train_is_crossing | elevator_rises) & F(car_starts & F(semaphore_is_broken)))
G locality_2 & F(office_4 & F(p_document_5 & F(office_9 & pd))),G(p_document_5 & office_4 U (p_document_5 & office_9)) & G(locality_2 )
F(photo & statue_7),F(statue_7 & F photo)
(!landmark_5 U park_5) & F(landmark_5 & photo),(!landmark_5 U park_5) & G(park_5 -> F(photo))
GF charging_station_9 & GF(warehouse_5 & F(p_crate_4 & F(mall_4 & pd))),G(F charging_station_9) & G(F(p_crate_4 & warehouse_5 & F(p_crate_4 & mall_4)))
reach_trash_can -> F go_visit_house,G(reach_trash_can -> G(go_visit_house))
G!train_has_arrived | F(train_has_arrived & F(elevator_falls & train_has_arrived)),!train_has_arrived | F(train_has_arrived & F(train_has_arrived & elevator_falls))
G!(elevator_is_blocked | house_is_open) | F((elevator_is_blocked | house_is_open) & F(motorbike_has_started | table_is_brown)),!((elevator_is_blocked | house_is_open)) | F((elevator_is_blocked | house_is_open) & F(table_is_brown | motorbike_has_started))
F venture_flag -> F visit_trash_bin,G(venture_flag -> G(visit_trash_bin))
!idle U get_help,G(!idle U get_help)
G((bar_has_to_be_repaired & engine_stops) -> G!(motorbike_falls_down | train_derails)),G((bar_has_to_be_repaired & engine_stops) -> ! (train_derails | motorbike_falls_down))
pick_up_fruit U F pass_by_trash_bin,pick_up_fruit U pass_by_trash_bin
record_motorcycle_southeast_2nd_avenue -> X((photo_jaywalker_southeast_10th_avenue U change_light_east_red) | G photo_jaywalker_southeast_10th_avenue),G(record_motorcycle_southeast_2nd_avenue -> X(photo_jaywalker_southeast_10th_avenue U (change_light_east_red | G photo_jaywalker_southeast_10th_avenue)))
G(!(avoid_nearest_fire_source & record_unsafe_civilian) -> F go_home),G((!record_unsafe_civilian & !avoid_nearest_fire_source) -> F go_home)
acquire_orange U F proceed_to_tree,acquire_orange U proceed_to_tree
F(mall_5 & F(p_box_4 & F(house_1 & pd))),F(mall_5 & F(p_box_4 & F(house_1)))
G!bridge_closes | F(bridge_closes & F(house_collapses & house_is_open)),F(bridge_closes & F(house_collapses & F(house_is_open)))
GF(house_2 & p_trash_can_4),G(house_2 & p_trash_can_4)
G!(bar_has_to_be_repaired | table_is_old) | F((bar_has_to_be_repaired | table_is_old) & F sensor_gathers_information),!((bar_has_to_be_repaired | table_is_old)) | F((bar_has_to_be_repaired | table_is_old) & F(sensor_gathers_information))
G!sensor_gathers_information | F(sensor_gathers_information & F(house_collapses & house_is_open)),!sensor_gathers_information | F(sensor_gathers_information & F(house_collapses & house_is_open))
F(parking_lot_2 & F(p_cone_5 & F(pd & street_1))),F(p_cone_5 & parking_lot_2 & F(pd & street_1))
G!train_has_arrived | F(train_has_arrived & F(table_has_been_moved & train_derails)),F(train_has_arrived & F(table_has_been_moved & F(train_derails)))
secure_apple & venture_towards_house,G(secure_apple & venture_towards_house)
!let_go_orange | reach_house,G(!(let_go_orange | reach_house))
F green_room & G!red_room,(!red_room ) U (green_room )
move_to_trash_can & put_in_bucket,F(move_to_trash_can & F(put_in_bucket))
G!(brake_is_pressed & train_has_arrived) | F(brake_is_pressed & train_has_arrived & F(bar_is_up & table_is_brown)),! (train_has_arrived & brake_is_pressed) | F ((train_has_arrived & brake_is_pressed) & F (table_is_brown & bar_is_up))
pick_up_orange | G!drop_pear,G(!(drop_pear | pick_up_orange))
F!change_light_south_yellow,F(G(!change_light_south_yellow ))
G!bridge_closes | F(bridge_closes & F(car_starts & escalator_moves)),!bridge_closes | F(bridge_closes & F(escalator_moves & car_starts))
GF(car_1 & photo) & G!parking_lot_9,G(photo & car_1) & G(!parking_lot_9)
come_to_tree | G have_in_orange,G(have_in_orange | come_to_tree)
F present_at_flag -> F withhold_apple,G(present_at_flag -> G(withhold_apple))
G!let_go_apple -> F grab_pear,G(!let_go_apple -> G(grab_pear))
F go_to_home U reach_trash_can,G(go_to_home U reach_trash_can)
F(bedroom_2 & F(p_bottle_3 & F(kitchen_4 & pd))),F(pd & bedroom_2 & p_bottle_3 & F(pd & kitchen_4 & p_bottle_3))
F(store_3 & F(p_package_2 & F(house_2 & pd))) & G!mall_1,G(!mall_1) & F(store_3 & p_package_2 & F(house_2))
F go_to_peach -> F go_to_trash_receptacle,F(go_to_peach ) -> G(go_to_trash_receptacle )
F!pickup_refrigerator,F(G(!pickup_refrigerator ))
GF(warehouse_4 & F(p_crate_3 & F(mall_3 & pd))),G(warehouse_4 -> F(p_crate_3 & F(mall_3)))
G go_by_trash_can & F capture_pear,G(go_by_trash_can & F(capture_pear))
G!bridge_closes | F(bridge_closes & F(escalator_is_blocked & train_has_been_launched)),!bridge_closes | F(bridge_closes & F(train_has_been_launched & escalator_is_blocked))
(!street_4 U intersection_2) & F(house_13 & p_trash_13),G(!street_4 U intersection_2)
change_light_east_red -> X((get_help U record_cyclist_southwest_5th_street) | G get_help),G(change_light_east_red -> X(get_help U record_cyclist_southwest_5th_street | G get_help))
F visit_trash_bin -> get_to_tree,G(visit_trash_bin -> F get_to_tree)
G!(constructor_instantiate_objects & elevator_rises) | F(constructor_instantiate_objects & elevator_rises & F bridge_closes),! (constructor_instantiate_objects & elevator_rises) | F ((constructor_instantiate_objects & elevator_rises) & F (bridge_closes))
F move_past_trash_can -> F get_hold_of_orange,G(move_past_trash_can -> F(get_hold_of_orange))
keep_apple & G stay,G(stay & keep_apple)
F(photo & statue_5),F(statue_5 & F photo )
F(table_2 & F(p_brochure_5 & F(pd & street_5))),F(p_brochure_5 & table_2 & F(p_brochure_5 & street_5))
drop_pear | !let_go_pear,G(!let_go_pear & !drop_pear)
G!(bar_is_up | semaphore_is_yellow) | F((bar_is_up | semaphore_is_yellow) & F(manager_collect_claims | motorbike_falls_down)),!((semaphore_is_yellow | bar_is_up)) | F((semaphore_is_yellow | bar_is_up) & F(motorbike_falls_down | manager_collect_claims))
F(green_room & F blue_room),(!blue_room ) U (green_room )
F yellow_room,G(yellow_room )
move_towards_trash_can -> put_in_bucket,G(move_towards_trash_can -> F(put_in_bucket))
G go_by_trash_can & F come_home,G(go_by_trash_can) & GF(come_home)
G!(house_is_built & sensor_captures_data) | F(house_is_built & sensor_captures_data & F(elevator_is_open & train_is_crossing)),! (house_is_built & sensor_captures_data) | F ((house_is_built & sensor_captures_data) & F (elevator_is_open & train_is_crossing))
F(blue_room & F green_room),!blue_room | F(blue_room & F(green_room))
GF charger_9 & GF(warehouse_8 & F(p_crate_2 & F(pd & store_2))),G(F charger_9) & G(F(p_crate_2 & warehouse_8 & F(p_crate_2 & store_2)))
!G!(deliver_truck_shelf & X deliver_truck_shelf),G(deliver_truck_shelf | X deliver_truck_shelf | X X deliver_truck_shelf)
F(house_3 & F(p_pass_2 & F(office_2 & pd))) & (!street_5 U p_pass_2),F(pd & office_2) & (!street_5 U p_pass_2)
G!(engine_breaks | semaphore_is_yellow) | F((engine_breaks | semaphore_is_yellow) & F(bar_is_down | motorbike_is_driven)),F(engine_breaks | semaphore_is_yellow) & F(bar_is_down | F motorbike_is_driven)
G!drop_apple | F go_by_waste_basket,G(!drop_apple) | G(go_by_waste_basket)
F spend_time_at_tree U G hold_on_pear,F(spend_time_at_tree U G hold_on_pear)
F(warehouse_3 & F(p_package_2 & F(house_1 & pd & photo))),F(warehouse_3 & p_package_2 & F(house_1 & pd & photo))
F withold_apple U F visit_house,G(withold_apple U visit_house)
GF(area_2 & photo),G(F(area_2 & F(photo)))
F walk_to_flag -> GF go_to_pear,G(walk_to_flag -> G(go_to_pear))
F(bedroom_2 & F(p_bottle_3 & F(kitchen_4 & pd))),G((pd & p_bottle_3 & bedroom_2) -> F(pd & p_bottle_3 & kitchen_4))
G!(manager_collect_claims | sensor_retrieves_data) | F((manager_collect_claims | sensor_retrieves_data) & F train_has_arrived),F((sensor_retrieves_data | manager_collect_claims) & F(train_has_arrived))
!let_go_orange | F migrate_to_tree,G(!let_go_orange | G(!migrate_to_tree))
G!drop_orange -> venture_to_trash_can,G(!drop_orange -> F venture_to_trash_can)
G!(escalator_is_blocked | table_is_old) | F((escalator_is_blocked | table_is_old) & F(bar_has_to_be_repaired & car_stops)),F((escalator_is_blocked | table_is_old) & F(bar_has_to_be_repaired & F(car_stops)))
"F(""p_crate_4 "" & F(""park_1 "" & pd & G park_1))","F(""p_crate_4 "" & F(park_1 & pd & G park_1 ))"
G((deliver_aid_injured_rescuer <-> go_home) -> (deliver_aid_safe_hostile <-> go_home)),G(deliver_aid_injured_rescuer <-> go_home -> (go_home <-> deliver_aid_safe_hostile))
F pass_by_waste_receptacle & GF go_to_waste_basket,G(pass_by_waste_receptacle -> GF go_to_waste_basket)
pick_up_orange | F seize_pear,G(seize_pear | pick_up_orange)
F photo_unsafe_person -> (!photo_unsafe_person U (avoid_active_gas_leak & !photo_unsafe_person)),!photo_unsafe_person | F(avoid_active_gas_leak & F(photo_unsafe_person))
G((elevator_is_open | manager_handles_requests) -> G!(engine_stops | train_stops)),G((elevator_is_open | manager_handles_requests) -> ! (engine_stops | train_stops))
!let_go_pear & F go_near_house,F(go_near_house & !let_go_pear)
G!(constructor_creates_instances | table_is_old) | F((constructor_creates_instances | table_is_old) & F sensor_gathers_information),! (constructor_creates_instances | table_is_old) | F ((constructor_creates_instances | table_is_old) & F (sensor_gathers_information))
deliver_aid_injured_victim U photo_safe_person,!deliver_aid_injured_victim | F(deliver_aid_injured_victim & F(photo_safe_person))
!let_go_orange | F visit_trash_bin,G(!let_go_orange) | F(visit_trash_bin)
!G!(communicate_injured_rescuer & X communicate_injured_rescuer),G(communicate_injured_rescuer | X communicate_injured_rescuer | X X communicate_injured_rescuer)
F(red_room & F green_room),!red_room | F(red_room & F(green_room))
F red_room,G(red_room )
G!drop_apple | F present_at_flag,G(!drop_apple) | G(present_at_flag -> drop_apple)
G!(brake_is_released | car_stops) | F((brake_is_released | car_stops) & F sensor_gathers_information),F((car_stops | brake_is_released) & F(sensor_gathers_information))
F pickup_cell_phone -> (!pickup_cell_phone U (get_help & !pickup_cell_phone)),!pickup_cell_phone | F(get_help & F(pickup_cell_phone))
put_in_apple_bucket | G hold_onto_orange,G(hold_onto_orange | put_in_apple_bucket)
F go_to_flag U !F pick_up_anything,G(go_to_flag -> (!pick_up_anything U !pick_up_anything))
G(change_light_north_yellow -> XG!photo_collision_northeast_4th_street),G(change_light_north_yellow -> G(!photo_collision_northeast_4th_street))
F secure_pear -> go_to_orange,G(secure_pear -> F(go_to_orange))
F(intersection_7 & photo & G intersection_7),G(photo & intersection_7)
G(!(photo_collision_northeast_10th_street & record_jaywalker_southeast_2nd_street) -> F photo_cyclist_east_10th_avenue),G((!record_jaywalker_southeast_2nd_street & !photo_collision_northeast_10th_street) -> F(photo_cyclist_east_10th_avenue))
G(!(get_help & search_cake) -> F search_kite),G((!get_help & !search_cake) -> F(search_kite))
G(semaphore_is_yellow -> F(bar_has_to_be_repaired | engine_starts)),F(engine_starts | (semaphore_is_yellow -> F(bar_has_to_be_repaired)))
G!let_go | F go_to_peach,G(!let_go) | G(go_to_peach -> go_to_peach)
F go_home U F move_to_flag,G(go_home U move_to_flag)
F get_hold_orange -> take_to_tree,G(get_hold_orange -> F(take_to_tree))
!let_go_pear U F snatch_pear,(!let_go_pear U snatch_pear)
G!(motorbike_is_driven & table_is_brown) | F(motorbike_is_driven & table_is_brown & F(house_is_built & train_derails)),! (table_is_brown & motorbike_is_driven) | F ((table_is_brown & motorbike_is_driven) & F (train_derails & house_is_built))
GF(building_5 & photo) & GF charger_4,G(photo & building_5 & charger_4)
F go_to_trash_receptacle U take_to_trash_can,F(go_to_trash_receptacle U take_to_trash_can)
F snatch_pear & G touch_flag,G(snatch_pear & G touch_flag)
F((blue_room | red_room) & F green_room),! (red_room | blue_room) | F ((red_room | blue_room) & F green_room)
F visit_flag -> collect_pear,G(visit_flag -> F collect_pear)
F make_way_for_tree | G touch_flag,G(make_way_for_tree | touch_flag)
F green_room & G!yellow_room,!yellow_room U green_room
GF go_to_apple_trashcan | F visit_trash_bin,GF(go_to_apple_trashcan ) | G(visit_trash_bin -> F(go_to_apple_trashcan ))
G!(constructor_creates_instances | elevator_is_blocked) | F((constructor_creates_instances | elevator_is_blocked) & F train_has_arrived),! (constructor_creates_instances | elevator_is_blocked) | F ((constructor_creates_instances | elevator_is_blocked) & F train_has_arrived)
visit_tree & F be_at_house,F(visit_tree ) & G(be_at_house )
GF(warehouse_3 & F(p_crate_4 & F(pd & store_9))) & GF charger_3,G(p_crate_4 & warehouse_3 & F(store_9) & charger_3)
G((escalator_speeds_up | motorbike_is_driven) -> G!(motorbike_falls_down | train_derails)),G((motorbike_is_driven | escalator_speeds_up) -> ! (train_derails | motorbike_falls_down))
G!drop_pear U F travel_to_house,!drop_pear U travel_to_house
get_help -> X((change_light_west_green U change_light_north_red) | G change_light_west_green),G(get_help -> (X(change_light_west_green U change_light_north_red) | G(change_light_west_green)))
G(train_has_arrived -> F(bar_is_down | constructor_instantiate_objects)),F(bar_is_down | (train_has_arrived -> F(constructor_instantiate_objects)))
G((communicate_safe_rescuer <-> get_help) -> (avoid_nearest_unstable_beam <-> communicate_safe_rescuer)),G((get_help & communicate_safe_rescuer) -> (communicate_safe_rescuer & avoid_nearest_unstable_beam))
secure_apple | F go_by_waste_basket,F(go_by_waste_basket | secure_apple)
G(!(deliver_spoon_shelf & search_baseball_glove) -> F get_help),G((!search_baseball_glove & !deliver_spoon_shelf) -> F get_help)
G!bridge_closes | F(bridge_closes & F(constructor_creates_instances | manager_collect_claims)),!bridge_closes | F(bridge_closes & F(manager_collect_claims | constructor_creates_instances))
G!bridge_closes | F(bridge_closes & F(bar_is_closing | brake_is_pressed)),!bridge_closes | F(bridge_closes & F(bar_is_closing | brake_is_pressed))
travel_to_tree & F grab_apple,G(travel_to_tree & F grab_apple)
F journey_by_house | G go_by_trash_can,G(journey_by_house | go_by_trash_can)
F(green_room & F red_room),!green_room | F(green_room & F(red_room))
G go_by_trash_can | F grab_apple,G(go_by_trash_can | F grab_apple)
G((change_light_north_green <-> record_jaywalker_northwest_3rd_street) -> (change_light_north_green <-> change_light_west_red)),G((record_jaywalker_northwest_3rd_street & change_light_north_green) -> (change_light_north_green & change_light_west_red))
G!(engine_breaks | manager_handles_requests) | F((engine_breaks | manager_handles_requests) & F(bridge_opens & escalator_speeds_up)),!((engine_breaks | manager_handles_requests)) | F((engine_breaks | manager_handles_requests) & F(escalator_speeds_up & bridge_opens))
G!(bar_has_to_be_repaired & table_is_old) | F(bar_has_to_be_repaired & table_is_old & F bridge_closes),! (table_is_old & bar_has_to_be_repaired) | F ((table_is_old & bar_has_to_be_repaired) & F (bridge_closes))
F(p_luggage_2 & F(pd & room_402)),F(p_luggage_2 & F(room_402))
G((bar_is_closing | elevator_is_open) -> G!(bridge_opens & motorbike_catches_fire)),G((elevator_is_open | bar_is_closing) -> !(motorbike_catches_fire & bridge_opens))
G!street_4 & F(store_7 & F(p_package_8 & F(house_2 & pd))),(!street_4 ) U (p_package_8 & store_7 & F(pd & house_2 ))
grip_apple U F venture_flag,grip_apple U venture_flag
F advance_to_house U GF go_to_waste_basket,G(advance_to_house U go_to_waste_basket)
F going_to_house U F tax_apple,G(going_to_house U tax_apple)
F come_home | G!drop_apple,G(come_home | G(!drop_apple))
G!drop_apple | F get_apple,G(!drop_apple) | G(F get_apple)
G!let_go & F set_out_to_house,G(!let_go) & G(F set_out_to_house)
G!street_3 & F building_4,G(!street_3 | !building_4)
hold_orange | F grab_pear,G(hold_orange | F grab_pear)
building_4 U (room_43 & F(p_folder_3 & F(pd & room_12))),G(p_folder_3 & room_43 U (p_folder_3 & room_12)) & G(building_4 )
F venture_to_waste_basket & GF make_way_to_house,G(venture_to_waste_basket -> F(make_way_to_house))
F go_to_home U hold_orange,G(go_to_home U hold_orange)
F lay_hold_of_apple | F clutch_orange,G(lay_hold_of_apple | F clutch_orange)
F((green_room | yellow_room) & F red_room),G((green_room -> F red_room) | (yellow_room -> F red_room))
G(semaphore_is_yellow -> G(escalator_is_blocked & motorbike_falls_down)),G((semaphore_is_yellow & F(motorbike_falls_down & escalator_is_blocked)))
!G!(photo_motorcycle_east_8th_street & X photo_motorcycle_east_8th_street),G(photo_motorcycle_east_8th_street | X photo_motorcycle_east_8th_street | X X photo_motorcycle_east_8th_street)
G!(elevator_is_open | train_derails) | F((elevator_is_open | train_derails) & F sensor_gathers_information),! (elevator_is_open | train_derails) | F ((elevator_is_open | train_derails) & F (sensor_gathers_information))
G((constructor_creates_instances | escalator_is_blocked) -> G(brake_is_released | sensor_captures_data)),G((constructor_creates_instances | escalator_is_blocked) -> F(sensor_captures_data | brake_is_released))
F seize_orange & F capture_pear,G(seize_orange) & G(capture_pear)
drop_pear -> F grab_flag,G(drop_pear -> F(grab_flag))
F make_way_waste_basket U F spend_time_at_tree,G(make_way_waste_basket U spend_time_at_tree)
F yellow_room & G!red_room,F(yellow_room) & (!red_room U yellow_room)
!pickup_baseball_glove U idle,G(!pickup_baseball_glove U idle)
F get_to_cup | F seize_orange,G(get_to_cup ) | F(seize_orange )
G!(car_starts & escalator_moves) | F(car_starts & escalator_moves & F train_has_arrived),! (escalator_moves & car_starts) | F ((escalator_moves & car_starts) & F (train_has_arrived))
G(!(avoid_probable_debris & get_help) -> F go_home),G((!get_help & !avoid_probable_debris) -> F(go_home))
F pass_by_house U gather_apple,G(pass_by_house U gather_apple)
G!drop_pear & F journey_to_flag,G(!drop_pear) & G(journey_to_flag -> journey_to_flag)
F go_by_flag -> F pass_by_trash_bin,G(go_by_flag -> F(pass_by_trash_bin))
F photo_cyclist_southeast_2nd_street -> (!photo_cyclist_southeast_2nd_street U (!photo_cyclist_southeast_2nd_street & photo_vehicle_south_5th_avenue)),!photo_cyclist_southeast_2nd_street | F(photo_vehicle_south_5th_avenue & F(photo_cyclist_southeast_2nd_street))
F(post_office_1 & F(p_lettter_2 & F(building_3 & pd))),F(pd & post_office_1 & p_lettter_2 & F(pd & building_3 & p_lettter_2))
F(store_6 & F(p_box_1 & F(house_9 & pd))) & F(intersection_5 & G intersection_5),F(p_box_1 & store_6 & F(pd & house_9 & F(G intersection_5)))
G((idle <-> search_sheep) -> (idle <-> search_oven)),G((search_sheep & idle) -> (idle & search_oven))
GF(warehouse_4 & F(p_crate_3 & F(mall_3 & pd))),G(warehouse_4 -> F(p_crate_3 & F(mall_3)))
F(p_dish_2 & parking_lot_2),F(parking_lot_2 & F p_dish_2)
G!park_3 & F(monument_3 & photo),G(!(park_3 & (photo & monument_3)))
gather_orange U F proceed_to_tree,gather_orange U proceed_to_tree
G!(car_enters | engine_breaks) | F((car_enters | engine_breaks) & F(constructor_creates_instances | table_is_old)),F((engine_breaks | car_enters) & F(constructor_creates_instances | table_is_old))
approach_tree -> F visit_waste_basket,G(approach_tree -> F(visit_waste_basket))
F deliver_knife_loading_dock -> (!deliver_knife_loading_dock U (!deliver_knife_loading_dock & idle)),!deliver_knife_loading_dock | F(idle & F(deliver_knife_loading_dock))
pickup_teddy_bear -> X((get_help U idle) | G get_help),G(pickup_teddy_bear -> X(get_help U idle | G get_help))
G!let_go_apple | F move_forward_trash_can,G(!let_go_apple) | G(move_forward_trash_can)
F((red_room | yellow_room) & F blue_room),! (yellow_room | red_room) | F ((yellow_room | red_room) & F blue_room)
F(office_3 & F(p_document_1 & F(street_2 & G street_2))),F(office_3 & p_document_1 & F(G street_2))
F contact_house | G!drop_orange,G(contact_house | G(!drop_orange))
G!drop_orange & F start_going_to_tree,G(!drop_orange) & G(F start_going_to_tree)
!locality_5 U (house_2 & F(p_pass_5 & F(office_3 & pd))),G(!locality_5 U (p_pass_5 & house_2 & F(p_pass_5 & office_3)))
G(train_is_crossing -> G(table_is_brown -> F motorbike_has_stopped)),G((train_is_crossing & table_is_brown) -> F(motorbike_has_stopped))
gather_apple U F move_past_trash_can,gather_apple U move_past_trash_can
G!(manager_collect_claims & semaphore_is_broken) | F(manager_collect_claims & semaphore_is_broken & F(sensor_retrieves_data | train_has_been_launched)),! (manager_collect_claims & semaphore_is_broken) | F ((manager_collect_claims & semaphore_is_broken) & F (sensor_retrieves_data | train_has_been_launched))
F photo_vehicle_southeast_1st_avenue -> (!photo_vehicle_southeast_1st_avenue U (!photo_vehicle_southeast_1st_avenue & record_jaywalker_east_7th_avenue)),!photo_vehicle_southeast_1st_avenue | F(record_jaywalker_east_7th_avenue & F(photo_vehicle_southeast_1st_avenue))
G((manager_handles_requests | motorbike_has_started) -> G(bar_is_down | sensor_retrieves_data)),G((manager_handles_requests | motorbike_has_started) -> F(bar_is_down | sensor_retrieves_data))
!F pick_up_anything | F withold_apple,G(!pick_up_anything | withold_apple)
drop_pear & G hold_on_pear,G(hold_on_pear & drop_pear)
G((elevator_is_open | motorbike_is_driven) -> F(engine_stops | motorbike_has_stopped)),F(motorbike_has_stopped | ((motorbike_is_driven | elevator_is_open) -> F(engine_stops)))
area_5 U (store_2 & F(p_package_8 & F(house_9 & pd))),area_5 U (p_package_8 & store_2 & F(p_package_8 & house_9))
G!(house_collapses & sensor_retrieves_data) | F(house_collapses & sensor_retrieves_data & F(car_starts & semaphore_is_broken)),! (sensor_retrieves_data & house_collapses) | F ((sensor_retrieves_data & house_collapses) & F (car_starts & semaphore_is_broken))
F obtain_pear | G!drop_orange,G((obtain_pear | G(!drop_orange)))
F yellow_room,G(yellow_room )
G hold_onto_orange & F get_close_flag,G(hold_onto_orange & (get_close_flag -> get_close_flag))
F green_room,G(green_room )
G!(escalator_is_blocked & train_has_been_launched) | F(escalator_is_blocked & train_has_been_launched & F train_has_arrived),F((train_has_been_launched & escalator_is_blocked) & F(train_has_arrived))
keep_apple U F have_pear,keep_apple U have_pear
!G!(get_help & X get_help),G(get_help | X get_help | X X get_help)
G(bridge_closes & elevator_is_blocked & semaphore_is_broken),G(semaphore_is_broken -> (elevator_is_blocked & bridge_closes))
G!let_go_orange | F go_to_peach,G(!let_go_orange | F go_to_peach)
advance_to_tree U F got_to_house,advance_to_tree U got_to_house
G!sensor_gathers_information | F(sensor_gathers_information & F train_has_arrived),F(sensor_gathers_information & F(train_has_arrived))
F record_person_north_10th_avenue -> (!record_person_north_10th_avenue U (change_light_west_green & !record_person_north_10th_avenue)),!record_person_north_10th_avenue | F(record_person_north_10th_avenue & F(change_light_west_green))
F!get_help,F(G(!get_help ))
grip_apple & snatch_up_pear,G(snatch_up_pear & grip_apple)
G!(car_enters | engine_breaks) | F((car_enters | engine_breaks) & F(elevator_is_blocked | house_is_open)),!((engine_breaks | car_enters)) | F((engine_breaks | car_enters) & F(elevator_is_blocked | house_is_open))
F(store_6 & F(p_box_1 & F(house_9 & pd))) & F(intersection_5 & G intersection_5),F(p_box_1 & store_6 & F(pd & house_9 & F(G intersection_5)))
G!(brake_is_pressed & motorbike_has_stopped) | F(brake_is_pressed & motorbike_has_stopped & F sensor_gathers_information),! (brake_is_pressed & motorbike_has_stopped) | F ((brake_is_pressed & motorbike_has_stopped) & F (sensor_gathers_information))
GF go_to_waste_basket U F go_by_flag,(go_to_waste_basket ) U (go_by_flag )
move_to_tree & put_in_bin,F(move_to_tree & F put_in_bin)
G locality_7 & F(office_4 & F(p_letter_1 & F(house_1 & pd))),G((p_letter_1 & office_4) -> (locality_7 U house_1))
F(yellow_room & F blue_room),(!blue_room ) U (yellow_room )
get_help -> X((record_collision_north_3rd_avenue U record_motorcycle_east_3rd_avenue) | G record_collision_north_3rd_avenue),G(get_help -> X(record_collision_north_3rd_avenue U record_motorcycle_east_3rd_avenue | G record_collision_north_3rd_avenue))
F(street_5 & F house_4),!street_5 | F(street_5 & F(house_4))
drop_pear & F move_near_tree,G(move_near_tree -> F(drop_pear))
G(deliver_bottle_shelf -> XG!search_handbag),G(deliver_bottle_shelf -> G(!search_handbag))
F(monument_3 & photo & F(pathway_8 & G pathway_8)),! (photo & monument_3) | F ((photo & monument_3) & F (G (pathway_8)))
G((bar_is_closing | car_starts) -> G(bar_is_down & brake_is_pressed)),G((car_starts | bar_is_closing) -> F(brake_is_pressed & bar_is_down))
G!drop_orange | F track_towards_tree,G(!drop_orange) | G(track_towards_tree)
G!drop_apple U F reach_flag,!drop_apple U reach_flag
!G!(avoid_nearest_unstable_beam & X avoid_nearest_unstable_beam),G(avoid_nearest_unstable_beam | X avoid_nearest_unstable_beam | X X avoid_nearest_unstable_beam)
F migrate_to_tree -> F go_to_transh_can,G(go_to_transh_can -> F(migrate_to_tree))
F get_apple U hold_orange,G(get_apple U hold_orange)
G!(elevator_is_blocked | escalator_speeds_up) | F((elevator_is_blocked | escalator_speeds_up) & F(manager_handles_requests | motorbike_has_started)),F(elevator_is_blocked | escalator_speeds_up) & F(manager_handles_requests | F(motorbike_has_started))
!let_go_orange & F go_near_house,G(go_near_house & !let_go_orange)
G!drop_orange -> F proceed_to_tree,G(!drop_orange -> proceed_to_tree)
G move_around | F touch_tree,G(move_around | F touch_tree)
idle U search_laptop,!idle | F(idle & F(search_laptop))
G!street_4 & F(store_7 & F(p_package_8 & F(house_2 & pd))),G(!street_4 ) & F(p_package_8 & store_7 & F(pd & house_2 ))
G(communicate_safe_victim -> XG!communicate_injured_victim),G(communicate_safe_victim -> G(!communicate_injured_victim))
G!(engine_stops & table_has_been_moved) | F(engine_stops & table_has_been_moved & F(motorbike_has_started & semaphore_is_yellow)),! (table_has_been_moved & engine_stops ) | F (( table_has_been_moved & engine_stops ) & F ( motorbike_has_started & semaphore_is_yellow ))
take_orange & F visit_house,F(visit_house & take_orange)
G!(manager_collect_claims & sensor_captures_data) | F(manager_collect_claims & sensor_captures_data & F(car_starts | semaphore_is_green)),! (manager_collect_claims & sensor_captures_data) | F ((manager_collect_claims & sensor_captures_data) & F (semaphore_is_green | car_starts))
G(photo_person_south_9th_avenue -> XG!get_help),G(photo_person_south_9th_avenue -> G(!get_help))
F lay_hold_of_apple -> grab_hold_pear,G(lay_hold_of_apple -> grab_hold_pear)
G stay | F venture_flag,G(stay | (venture_flag -> stay))
F(restaurant_9 & F(takeout_2 & F(house_1 & pd))),F(restaurant_9 & takeout_2 & F(house_1 & pd))
!let_go_pear | F withdraw_pear,G(withdraw_pear | !let_go_pear)
F get_help -> (!get_help U (!get_help & photo_fire_source)),!get_help | F(photo_fire_source & F(get_help))
G have_apple | F get_hold_orange,G(have_apple | (get_hold_orange -> have_apple))
G(avoid_impending_fire_source -> XG!deliver_aid_injured_victim),G(avoid_impending_fire_source -> G(!deliver_aid_injured_victim))
hold_on_to_pear & F visit_flag,G(visit_flag & hold_on_to_pear)
F(monument_1 & photo) & (!monument_1 U park_4),F(photo ) & (!monument_1 U park_4 )
(!street_5 U store_1) & F(p_package_4 & store_1),G(p_package_4 -> (!street_5 U store_1))
G!(elevator_is_blocked & train_stops) | F(elevator_is_blocked & train_stops & F(motorbike_catches_fire & sensor_gathers_information)),! (train_stops & elevator_is_blocked) | F ((train_stops & elevator_is_blocked) & F (sensor_gathers_information & motorbike_catches_fire))
G!(manager_handles_requests & train_has_arrived) | F(manager_handles_requests & train_has_arrived & F(constructor_instantiate_objects & elevator_rises)),F((train_has_arrived & manager_handles_requests) & F(constructor_instantiate_objects & F(elevator_rises)))
G((car_starts | elevator_falls) -> G(bar_is_closing & escalator_moves)),G((car_starts | elevator_falls) -> (escalator_moves & bar_is_closing))
record_vehicle_south_7th_street U photo_collision_west_9th_avenue,!record_vehicle_south_7th_street | F(record_vehicle_south_7th_street & F(photo_collision_west_9th_avenue))
house_4 U room_2,G(house_4 U room_2)
!let_go_orange & move_to_trashcan,G(move_to_trashcan & !let_go_orange)
F get_help -> (!get_help U (!get_help & photo_collision_north_8th_street)),!get_help | F(photo_collision_north_8th_street & F(get_help))
F idle -> (!idle U (!idle & search_stop_sign)),!idle | F(search_stop_sign & F(idle))
GF grab_tree -> F have_pear,G(GF grab_tree -> G have_pear)
G!(bar_has_to_be_repaired & car_stops) | F(bar_has_to_be_repaired & car_stops & F train_has_arrived),! (bar_has_to_be_repaired & car_stops) | F ((bar_has_to_be_repaired & car_stops) & F (train_has_arrived))
G((bar_has_to_be_repaired & brake_is_released) -> G(escalator_is_blocked & manager_collect_claims)),G((manager_collect_claims & escalator_is_blocked) -> F(brake_is_released & bar_has_to_be_repaired))
F record_cyclist_west_3rd_avenue -> (!record_cyclist_west_3rd_avenue U (get_help & !record_cyclist_west_3rd_avenue)),!record_cyclist_west_3rd_avenue | F(get_help & F(record_cyclist_west_3rd_avenue))
GF charger_4 & GF(area_5 & photo),G((photo & area_5) -> F(charger_4))
F go_by_house U F seize_pear,G(go_by_house U seize_pear)
locality_6 U (store_8 & F(p_package_3 & F(house_5 & pd))),locality_6 U (p_package_3 & store_8 & house_5)
G!(elevator_falls & train_has_arrived) | F(elevator_falls & train_has_arrived & F(elevator_is_blocked | house_is_open)),! (train_has_arrived & elevator_falls) | F ((train_has_arrived & elevator_falls) & F (elevator_is_blocked | house_is_open))
(!park_5 U intersection_5) & F(monument_3 & photo),G(!park_5 U intersection_5) & F(photo & monument_3)
(prop_1 <-> prop_2) & G prop_3,G((prop_1 <-> prop_2) & prop_3)
prop_1 & F prop_2,prop_1 & G(prop_2 )
F(prop_1 & F prop_2),F(prop_1 ) & G(prop_2 )
G(prop_1 -> (prop_2 | prop_3)),G(prop_1 -> (!prop_2 | prop_3))
G((prop_1 | prop_2) -> GF prop_3),G((prop_2 | prop_1) -> G(prop_3))
F(prop_1 | GF prop_2),G(prop_1 | prop_2)
(prop_1 -> prop_3) -> F prop_2,G((prop_1 -> F prop_3) -> F prop_2)
(prop_1 | prop_2) & (prop_3 U prop_4),G((prop_2 | prop_1) & (prop_3 U prop_4))
!prop_3 & (prop_1 | prop_2),F((prop_1 | prop_2) & !prop_3)
prop_2 & (prop_3 <-> (prop_1 -> prop_4)),G(((prop_1 -> prop_4) <-> prop_3) & prop_2)
prop_1 -> F prop_2,G(prop_1 -> G prop_2)
G((prop_1 & prop_2) -> (prop_3 & prop_4)),G((prop_2 & prop_1) -> F(prop_4 & prop_3))
prop_3 & (!prop_2 -> prop_1),G(!prop_2 -> (prop_1 & prop_3))
F prop_1 -> prop_2,G(prop_1 -> prop_2)
G((prop_2 | prop_3) -> F prop_1),G((prop_2 | prop_3) -> prop_1)
(prop_2 -> prop_1) <-> G prop_3,G (prop_3 ) <-> G (prop_2 -> prop_1 )
(prop_2 U prop_3) -> (prop_1 -> prop_4),(prop_2 U prop_3) & G(prop_4 -> F(prop_1))
(prop_1 | prop_2 | prop_3) -> prop_4,F(prop_3 | prop_2 | prop_1) -> prop_4
prop_1 -> (prop_2 & prop_3),G(prop_1 -> (prop_2 & prop_3))
(prop_1 | prop_2) -> (prop_4 U prop_3),G((prop_1 | prop_2) -> (prop_4 U prop_3))
G((prop_2 | prop_3) -> (prop_1 U prop_4)),G((prop_3 | prop_2) -> F(prop_1 & (prop_1 U prop_4)))
F(prop_1 | F prop_2),G(prop_1 | prop_2)
!prop_2 | (prop_1 <-> prop_3),G(!prop_2 | (prop_1 <-> prop_3))
F(prop_1 | G prop_2),F(prop_1 ) | G(prop_2 )
prop_3 | (prop_2 <-> (prop_1 | prop_4)),G(((prop_1 | prop_4) -> prop_2) & (! (prop_1 | prop_4) -> prop_3))
(prop_2 -> prop_1) | F prop_3,F prop_3 | G(prop_2 -> prop_1)
prop_1 & (prop_3 -> prop_2),G(prop_1) & G(prop_3 -> F prop_2)
G(prop_1 -> FG prop_2),G(prop_1 -> F(prop_2))
F(prop_1 & prop_2),G(prop_1 & prop_2)
prop_1 | (prop_4 & (prop_2 -> prop_3)),G((prop_2 -> (prop_3 & prop_4)) | prop_1)
(prop_1 & prop_2) -> G prop_3,G((prop_1 & prop_2) -> G(prop_3))
prop_3 | ((prop_1 <-> prop_4) -> prop_2),G(prop_4 <-> ((prop_1 -> F prop_2) | prop_3))
G(!prop_1 & F prop_2),G(!prop_1 ) & F(prop_2 )
F prop_1 -> GF prop_2,F(prop_1 -> GF prop_2)
G(!prop_1 | F prop_2),G(!prop_1 ) | G(prop_2 )
G((prop_1 & prop_3) -> GF prop_2),G((! prop_3 & prop_1) -> G(F prop_2))
F(prop_1 U F prop_2),prop_1 U prop_2
prop_1 | prop_2 | (prop_3 & prop_4),G((prop_4 & prop_3) | prop_2 | prop_1)
prop_1 | (prop_2 & prop_3 & prop_4),G(((prop_2 & prop_3 & prop_4) | prop_1))
G prop_3 -> (prop_1 & prop_2),G(prop_3 -> (prop_1 & prop_2))
!prop_1 U (prop_2 <-> prop_3),(!prop_3 ) U (prop_1 <-> prop_2 )
!prop_1 U (prop_2 | prop_3),(!prop_2 ) U (prop_1 | prop_3 )
!prop_2 & prop_4 & (prop_1 -> prop_3),G(!prop_4 -> (prop_1 -> F prop_3)) & G(!prop_2)
!prop_2 -> (prop_1 <-> prop_3),G(!prop_2 -> (prop_3 <-> prop_1))
G(F prop_1 & F prop_2),GF(prop_1 ) & G(prop_2 -> prop_2 )
(prop_1 | prop_2) <-> (prop_3 & prop_4),G((prop_2 | prop_1) <-> (prop_4 & prop_3))
prop_1 | prop_4 | (prop_2 U prop_3),(prop_2 U (prop_3 | prop_1 | prop_4))
prop_1 | prop_4 | (prop_2 <-> prop_3),(prop_3 <-> prop_2) | F(prop_1 | prop_4)
!(prop_1 & prop_3) -> prop_2,G(!(prop_3 & prop_1) -> prop_2)
prop_2 U prop_1,G(prop_2 -> F(prop_1))
!prop_1 | prop_2 | prop_3,G(prop_1 -> F(prop_3 | prop_2))
(prop_4 -> prop_1) & (prop_2 U prop_3),G(prop_4 -> (prop_1 & (prop_2 U prop_3)))
G((prop_1 & prop_4) -> (prop_2 | prop_3)),G((prop_4 & prop_1) -> (prop_2 | X prop_3))
(prop_2 & prop_3) -> !prop_1,G((prop_2 & prop_3) -> !prop_1)
G((prop_1 & prop_3) -> G prop_2),G((prop_1 & prop_3) -> prop_2)
(prop_1 & prop_3) | G prop_2,F(prop_1 & prop_3) | G(prop_2)
(prop_1 U prop_2) -> !prop_3,G((prop_1 U prop_2) -> !prop_3)
prop_2 | prop_4 | (prop_1 -> prop_3),G((prop_1 -> prop_3) | (!prop_1 & prop_2) | (!prop_1 & !prop_2 & prop_4))
(prop_1 -> prop_2) U (prop_3 <-> prop_4),(! (prop_1 <-> prop_2)) U ((prop_3 -> prop_4) & (prop_1 <-> prop_2))
(prop_2 -> prop_3) -> !prop_1,G((prop_2 -> prop_3) -> F(!prop_1))
prop_3 & F(prop_1 <-> prop_2),F((prop_1 <-> prop_2) & prop_3 )
prop_1 | !prop_2 | prop_3,G(prop_3 | prop_1 | ! prop_2)
!prop_3 | (prop_1 & prop_2),G(!prop_3 ) | F(prop_1 & prop_2 )
(prop_2 -> prop_3) & G prop_1,G(prop_1 ) & G(prop_2 -> F(prop_3 ))
!(prop_1 <-> prop_3) -> prop_2,G(!(prop_3 <-> prop_1) -> prop_2)
prop_1 -> (prop_3 U prop_2),G(prop_1 -> (prop_3 U prop_2))
!(prop_1 & prop_2) U prop_3,!(!(prop_2 & prop_1) U prop_3)
prop_1 & prop_2 & !prop_3,G(!prop_3 & prop_1 & prop_2)
prop_1 U F prop_2,prop_1 U prop_2
(prop_1 <-> prop_3) & (prop_2 <-> prop_4),G((prop_1 <-> prop_3) & (prop_2 <-> prop_4))
F(prop_1 | G!prop_2),F prop_1 | G ! prop_2
prop_2 -> G prop_1,!prop_2 U prop_1
F(prop_2 | prop_3) -> prop_1,F((prop_3 | prop_2) & F(prop_1))
(prop_2 -> prop_1) | (prop_3 & prop_4),(prop_4 & prop_3) | G(prop_2 -> prop_1)
(prop_1 & prop_2 & prop_3) -> prop_4,G((prop_1 & prop_3 & prop_2) -> prop_4)
G((prop_1 | prop_3) -> G prop_2),G((prop_3 | prop_1) -> prop_2)
(prop_2 & prop_4) -> ((prop_1 & prop_3) U prop_5),G((prop_2 & prop_4) -> ((prop_3 & prop_1) U prop_5))
(prop_1 <-> prop_3) & (prop_4 -> prop_2),G((prop_3 <-> prop_1) & (prop_4 -> F prop_2))
(prop_1 -> prop_2) & F prop_3,G(prop_1 -> (prop_2 & F prop_3))
F prop_1 -> F prop_2,G(prop_1 -> G(prop_2))
G(!prop_1 | prop_2),G(!(prop_1 | prop_2))
G prop_3 -> (prop_1 -> prop_2),G prop_3 -> G(prop_1 -> prop_2)
G prop_2 -> (prop_1 | prop_3),G(prop_2 -> (prop_1 | prop_3))
!prop_2 <-> (prop_1 <-> prop_3),G(!prop_2 <-> (prop_3 <-> prop_1))
(prop_1 | prop_2 | prop_3) U prop_4,F((prop_2 | prop_3 | prop_1) & F(prop_4))
F(prop_1 & !F prop_2),F(prop_1 & ! prop_2)
prop_1 -> G!prop_2,G(prop_1 -> G(!prop_2))
G((prop_1 | prop_3) -> FG prop_2),G((prop_1 | prop_3) -> F(prop_2))
F prop_1 -> G!prop_2,G(prop_1 -> G(!prop_2))
(prop_1 <-> prop_4) & (prop_2 | prop_3),(F (prop_2 | prop_3)) & G (prop_4 <-> prop_1)
prop_1 <-> ((prop_2 & prop_3) U prop_4),G(((prop_2 & prop_3) U prop_4) <-> prop_1)
(prop_1 -> prop_2) | (prop_4 U prop_3),G(prop_1 -> (prop_2 | (prop_4 U prop_3)))
prop_4 <-> (prop_1 | (prop_2 & prop_3)),G((prop_3 & (prop_2 | prop_1)) <-> prop_4)
!prop_3 <-> (prop_1 & prop_2),G((prop_1 & prop_2) <-> !prop_3)
!prop_1 <-> (prop_2 | prop_3),G((prop_3 | prop_2) <-> !prop_1)
prop_1 & prop_2 & F prop_3,G((prop_1 & prop_2) -> F prop_3)
prop_1 -> prop_2,G(prop_1 -> F(prop_2))
!prop_1 & (prop_2 -> prop_3),G(prop_2 -> (prop_3 & !prop_1))
(prop_1 | prop_3) <-> G prop_2,((prop_3 | prop_1) <-> G prop_2) & ((prop_3 | prop_1) -> G prop_2) & (!(prop_3 | prop_1) -> G(!prop_2))
prop_3 & (prop_2 <-> (prop_1 & prop_4)),G(((prop_4 & prop_1) <-> prop_2) & prop_3)
!prop_1 -> prop_2,G(!prop_1 -> prop_2)
!prop_2 | (prop_3 -> prop_1),G(!prop_2) | G(prop_3 -> F prop_1)
!prop_3 U (prop_1 & prop_2),G(!prop_3 U (prop_1 & prop_2))
prop_3 <-> !(prop_2 U prop_1),!(!prop_2 U prop_1) <-> prop_3
prop_1 | prop_3 | G prop_2,G(prop_2 | (prop_1 | prop_3))
prop_3 | (prop_2 & (prop_1 | prop_4)),G(prop_4 | (prop_1 & prop_2) | prop_3)
(prop_2 & (prop_3 <-> prop_4)) -> prop_1,G(((prop_3 <-> prop_4) & prop_2) -> prop_1)
F prop_1 -> !F prop_2,G(prop_1 -> !prop_2)
F(prop_2 -> G prop_1),G(prop_1 -> G(prop_2))
prop_3 & !(prop_1 <-> prop_2),G(!(prop_2 <-> prop_1) & prop_3)
prop_2 & (!prop_1 <-> prop_3),G((!prop_1 <-> prop_3) & prop_2)
!(F prop_1 | F prop_2),G(!prop_1 ) | F(prop_2 )
!prop_2 & (prop_1 <-> prop_3),G(!prop_2 & (prop_1 <-> prop_3))
(prop_3 -> prop_1) -> (prop_2 <-> prop_4),G(prop_3 -> ((prop_1 <-> prop_2) <-> prop_4))
GF prop_1 -> prop_2,GF(prop_1 ) -> GF(prop_2 )
(prop_4 -> prop_1) U (prop_2 | prop_3),G(prop_4 -> (prop_1 U (prop_2 | prop_3)))
(prop_1 <-> (prop_2 | prop_3)) -> prop_4,G(((prop_3 | prop_2) & (prop_1 <-> prop_1)) -> F(prop_4))
F prop_2 -> (prop_1 | prop_3),F(prop_2 ) -> F(prop_1 | prop_3 )
F(prop_1 & GF prop_2),G(prop_1 & G(prop_2))
((prop_4 -> prop_2) -> prop_3) -> prop_1,G(((prop_4 -> prop_2) -> prop_3) -> prop_1)
prop_1 & !(prop_2 & prop_3),G(!(prop_2 & prop_3) & prop_1)
G((prop_2 & prop_3) -> !F prop_1),G((prop_2 & prop_3) -> !prop_1)
prop_1 | !(prop_3 U prop_2),!((prop_3 U prop_2) | prop_1)
!prop_1 -> (prop_2 & prop_3),G(!prop_1 -> (prop_3 & prop_2))
!prop_3 <-> (prop_1 U prop_2),(prop_1 U prop_2) <-> G(!prop_3)
((prop_2 <-> prop_3) U prop_1) -> prop_4,F((prop_3 <-> prop_2) U prop_1) -> prop_4
(prop_3 | prop_4) & (prop_1 | prop_2),F((prop_3 | prop_4) & (prop_1 | prop_2))
(prop_3 <-> prop_4) -> (prop_1 <-> prop_2),G((prop_4 <-> prop_3) -> (prop_1 <-> prop_2))
(!prop_3 -> !prop_1) & G prop_2,(G(!prop_1 -> G(!prop_3))) & G(prop_2 )
(prop_1 | prop_2) -> (prop_3 | prop_4),G((prop_1 | prop_2) -> F(prop_3 | prop_4))
prop_1 & !prop_2 & prop_3,F(prop_1 & prop_3 & !prop_2)
!prop_1 -> (prop_2 | prop_3),G(!prop_1 -> F(prop_3 | prop_2))
G((prop_2 & prop_3) -> FG prop_1),G((prop_2 & prop_3) -> F(prop_1))
(prop_3 U prop_1) -> (prop_2 & prop_4),(prop_3 U prop_1) -> F(prop_2 & prop_4)
prop_2 | (prop_1 & (prop_3 <-> prop_4)),G(((prop_4 <-> prop_3) & prop_1) | prop_2)
prop_3 | ((prop_1 & prop_4) -> prop_2),G((prop_1 & prop_4) -> F(prop_2 | prop_3))
(prop_2 <-> prop_3) -> G prop_1,G((prop_3 <-> prop_2) -> G(prop_1 ))
F(prop_1 U G!prop_2),prop_1 U G(!prop_2)
(prop_2 | (prop_1 <-> prop_4)) -> prop_3,G(((prop_1 <-> prop_4) | prop_2) -> prop_3)
(prop_2 -> prop_3) -> G prop_1,G((prop_2 -> prop_3) -> prop_1)
G(prop_1 | F prop_2),G(prop_1 ) | G(prop_2 -> prop_2 )
(prop_3 -> prop_2) | G prop_1,G(prop_1 | (prop_3 -> prop_2))
(prop_3 -> !prop_2) & G prop_1,G(prop_2 -> !prop_3) & G(prop_1)
(prop_1 <-> prop_2) | (prop_4 U prop_3),(prop_4 U prop_3) | G(prop_2 <-> prop_1)
prop_3 & (prop_1 <-> prop_2),G((prop_1 <-> prop_2) & prop_3)
!((prop_1 -> prop_2) U prop_3),!((prop_1 ) -> (prop_2 ) U (prop_3 ))
F(prop_1 & G!prop_2),G(prop_1 & !prop_2)
(!prop_2 | prop_3) -> prop_1,G(!(prop_2 | prop_3) -> F(prop_1))
prop_3 & ((prop_1 <-> prop_4) -> prop_2),G((prop_4 <-> prop_1) -> (prop_2 & prop_3))
F prop_1 -> G prop_2,G(prop_1 -> G prop_2)
(prop_1 & prop_2) U (prop_3 & prop_4),G((prop_1 & prop_2) -> ((prop_1 & prop_2) U (prop_3 & prop_4)))
(prop_1 & prop_2) -> F prop_3,G((prop_1 & prop_2) -> F(prop_3))
prop_2 <-> ((prop_1 | prop_4) -> prop_3),(F((prop_1 | prop_4) -> prop_3)) <-> prop_2
G((prop_3 U prop_1) -> FG prop_2),G((prop_3 U prop_1) -> F(F prop_2))
prop_2 | (prop_4 & (prop_1 U prop_3)),F((prop_1 U prop_3) & prop_4) | prop_2
(prop_1 & prop_3) <-> G prop_2,G(prop_2 <-> (prop_3 & prop_1))
!(prop_1 & F prop_2),G(!prop_1 ) & F(prop_2 )
G(F prop_1 -> (prop_2 U prop_3)),G(prop_1 -> (prop_2 U prop_3))
(prop_1 -> prop_2) <-> (prop_3 <-> prop_4),G(prop_1 -> ((prop_2 <-> prop_3) <-> prop_4))
(prop_2 | prop_3) & F prop_1,F(prop_1 & (prop_3 | prop_2))
G(!prop_1 & prop_2),G(!(prop_1 & prop_2))
!prop_2 | (G prop_3 -> prop_1),G(!prop_2 ) | (G(prop_3 ) -> prop_1 )
prop_3 & prop_4 & (prop_2 -> prop_1),G(prop_2 -> (prop_1 & prop_3 & prop_4))
(prop_2 <-> prop_3) -> !prop_1,G((prop_3 <-> prop_2) -> !prop_1 )
prop_1 & G(prop_2 <-> prop_3),G((prop_2 <-> prop_3) & prop_1)
F(prop_1 & G prop_2),G(prop_1 & G prop_2)
!prop_1 & prop_2 & prop_3,G(!prop_1 ) & F(prop_2 ) & F(prop_3 )
(prop_1 U prop_3) U prop_2,!prop_1 | F(prop_1 & F(prop_3 & F(prop_2)))
G(F prop_1 U prop_2),prop_1 U prop_2
G prop_3 -> (prop_1 <-> prop_2),G(prop_3 -> (prop_1 <-> prop_2))
(prop_1 -> prop_2) | (prop_3 <-> prop_4),G((prop_1 -> F prop_2) | (prop_3 <-> prop_4))
!(prop_1 | prop_3) -> prop_2,G(!(prop_3 | prop_1) -> prop_2)
(prop_1 <-> prop_2) | (prop_3 & prop_4),G((prop_1 <-> prop_2) | (prop_4 & prop_3))
prop_1 & (prop_2 U prop_3),G(prop_1) & G(prop_2 -> F(prop_3))
prop_3 & (prop_1 | (prop_2 U prop_4)),F((prop_2 U prop_4) | (prop_1 & prop_3))
G(!prop_1 | G!prop_2),G(!prop_1 ) | G(!prop_2 )
((prop_1 & prop_2) U prop_3) -> prop_4,F((prop_2 & prop_1) U prop_3) -> prop_4
!(prop_1 | F prop_2),G(!prop_1) | G(prop_2 -> prop_2)
(prop_2 <-> prop_3) | G prop_1,G(prop_1 | (prop_2 <-> prop_3))
!prop_2 <-> (prop_1 -> prop_3),G(!prop_2 ) <-> G(prop_1 -> F(prop_3 ))
F prop_1 -> (prop_2 -> prop_3),F(prop_1 ) -> G(prop_2 -> prop_3 )
(prop_1 -> prop_4) & (prop_3 -> prop_2),G((prop_1 -> prop_4) & (prop_3 -> prop_2))
prop_1 & prop_4 & (prop_2 <-> prop_3),G((prop_4 & prop_1) & (prop_3 <-> prop_2))
((prop_2 <-> prop_3) -> prop_4) -> prop_1,!((prop_3 <-> prop_2) -> prop_4) -> prop_1
!(prop_1 U F prop_2),!prop_1 U prop_2
prop_2 & ((prop_3 | prop_4) -> prop_1),F((prop_3 | prop_4) -> (prop_1 & prop_2))
prop_3 <-> (prop_4 & (prop_1 -> prop_2)),G((prop_1 & prop_2 & prop_4) <-> prop_3)
prop_1 | !(prop_3 -> prop_2),!(prop_3 -> F(prop_2)) | prop_1
prop_3 & (prop_2 | G!prop_1),G((!prop_1 | prop_2) & prop_3)
prop_3 | F(prop_2 -> prop_1),F(prop_2 & F(prop_1)) | prop_3
prop_2 | G(prop_1 & prop_3),G(prop_3 -> (prop_1 | prop_2))
!prop_1 -> (prop_2 U prop_3),G(!prop_1 -> (prop_2 U prop_3))
G(!prop_1 | G prop_2),G(!prop_1 ) | G(prop_2 )
prop_2 | ((prop_3 <-> prop_4) U prop_1),F((prop_4 <-> prop_3) U prop_1) | prop_2
G prop_1 -> prop_2,G(prop_1 -> prop_2)
GF prop_1 -> F prop_2,G(prop_1 ) -> G(prop_2 )
G(prop_1 -> F prop_2),G(prop_1 -> prop_2)
((prop_1 U prop_2) -> prop_4) -> prop_3,G((prop_1 U prop_2) -> F(prop_4 & F prop_3))
(prop_1 <-> prop_2) & F prop_3,G(prop_2 <-> prop_1) & F(prop_3)
prop_1 & (prop_2 | (prop_3 -> prop_4)),G(((prop_3 -> prop_4) | prop_2) & prop_1)
(prop_3 | prop_4) U (prop_1 <-> prop_2),G((prop_4 | prop_3) -> ( ! (prop_1 <-> prop_2) U (prop_1 <-> prop_2) ))
(prop_1 & !prop_3) <-> G prop_2,G(prop_2 <-> (!prop_3 & prop_1))
(prop_1 <-> prop_2) | (prop_3 <-> prop_4),G((prop_2 <-> prop_1) | (prop_3 <-> prop_4))
(prop_1 & prop_2) -> prop_3,G((prop_2 & prop_1) -> prop_3)
prop_1 -> GF prop_2,G(prop_1 -> G(F prop_2))
(prop_3 -> prop_1) & (prop_2 | prop_4),((prop_4 | prop_2) & prop_3) -> prop_1
(prop_2 & prop_3) U (prop_1 -> prop_4),G((prop_3 & prop_2) -> ((prop_3 & prop_2) U (prop_1 & F prop_4)))
(prop_1 <-> prop_3) <-> G prop_2,(G prop_2 ) <-> (G (prop_1 <-> prop_3 ))
prop_1 <-> !(prop_2 | prop_3),G(!(prop_3 | prop_2) <-> prop_1)
(prop_1 <-> prop_3) -> (prop_2 U prop_4),G((prop_3 <-> prop_1) -> (prop_2 U prop_4))
prop_4 | ((prop_1 | prop_2) -> prop_3),G((prop_1 | prop_2) -> (F prop_3 | prop_4))
prop_1 & prop_2 & G prop_3,G((prop_1 & prop_2) -> G(prop_3))
(prop_1 | prop_2) -> G prop_3,G((prop_1 | prop_2) -> G(prop_3))
!(prop_1 & G prop_2),!prop_1 & G prop_2
!(F prop_1 & F prop_2),G(!prop_1) & GF(prop_2)
prop_3 <-> (prop_2 | (prop_1 -> prop_4)),G(((prop_1 -> prop_4) | (!prop_1 -> prop_2)) <-> prop_3)
(prop_2 | prop_3) U (prop_1 | prop_4),G((prop_3 | prop_2) -> ((prop_3 | prop_2) U (prop_1 | prop_4)))
prop_3 <-> !(prop_1 & prop_2),G(!(prop_1 & prop_2) <-> prop_3)
(prop_3 | prop_4) U (prop_2 -> prop_1),(prop_2 | prop_1) U (prop_4 -> prop_3)
!prop_1 -> F prop_2,G(!prop_1 -> F prop_2)
(prop_2 & prop_3) | F prop_1,F(prop_2 & prop_3) | F(prop_1)
G((prop_1 | prop_3) -> !G prop_2),G((prop_3 | prop_1) -> G(!prop_2))
(prop_3 <-> (prop_1 | prop_4)) U prop_2,F((prop_1 | prop_4) <-> prop_3) U prop_2
(prop_2 <-> prop_4) & (prop_1 U prop_3),(prop_1 U prop_3) & G(prop_4 <-> prop_2)
(!prop_1 & prop_2) | G prop_3,G(prop_3 | !(prop_1 & prop_2))
!(prop_1 | !prop_2),!prop_1 | !prop_2
(prop_1 | prop_2) U !prop_3,G((prop_1 | prop_2) -> ((prop_1 | prop_2) U !prop_3))
prop_2 | G(prop_1 | prop_3),G(prop_3 | prop_1) | F(prop_2)
(prop_2 & prop_3) <-> (prop_1 | prop_4),G((prop_2 & prop_3) <-> (prop_1 | prop_4))
(prop_4 & (prop_2 | prop_3)) -> prop_1,F((prop_3 | (prop_2 & prop_4)) -> prop_1)
prop_1 & !prop_2,G(prop_1 & !prop_2)
(prop_4 U prop_2) -> (prop_1 | prop_3),G((prop_4 U prop_2) -> F(prop_3 | prop_1))
F prop_1 -> !prop_2,G(prop_1 -> !prop_2)
(prop_2 | prop_3) -> !prop_1,G((prop_2 | prop_3) -> !prop_1)
G(F prop_1 U F prop_2),prop_1 U prop_2
(prop_2 & prop_3) -> (prop_1 & prop_4),G((prop_2 & prop_3) -> F(prop_4 & prop_1))
(prop_3 -> prop_1) U (prop_2 & prop_4),(! (prop_3 & prop_1)) U (prop_4 -> prop_2)
prop_3 <-> (prop_2 -> prop_1),(F(prop_2 & F prop_1)) <-> prop_3
(prop_1 & prop_2) <-> (prop_3 & prop_4),G((prop_1 & prop_2) <-> (prop_4 & prop_3))
prop_2 | G(prop_1 <-> prop_3),G((prop_3 <-> prop_1) | prop_2)
G(prop_1 U F prop_2),prop_1 U F prop_2
((prop_2 | prop_4) U prop_1) -> prop_3,G(((prop_2 | prop_4) U prop_1) -> prop_3)
prop_3 <-> (prop_4 | (prop_2 U prop_1)),G(((prop_2 U prop_1) | prop_4) <-> prop_3)
(prop_1 <-> prop_2) <-> F prop_3,F(prop_3 <-> (prop_1 <-> prop_2 ))
prop_1 | (!prop_2 U prop_3),F(!prop_2 U prop_3) | prop_1
(prop_2 -> prop_3) <-> F prop_1,F(prop_2 & F(prop_3)) <-> F(prop_1 )
!(prop_1 -> prop_2) -> prop_3,G((!prop_1 -> prop_2) -> prop_3)
G(!prop_1 U F prop_2),(!prop_1 ) U ( prop_2 )
(prop_3 -> prop_2) -> (prop_4 -> prop_1),G(prop_3 -> F(prop_2)) -> G(prop_4 -> F(prop_1))
(prop_1 & prop_2) U (prop_3 | prop_4),G((prop_1 & prop_2) -> (! (prop_3 | prop_4) U (prop_3 | prop_4)))
prop_1 & (prop_3 <-> (prop_4 U prop_2)),F(prop_4 U prop_2) -> (prop_3 & prop_1)
(prop_1 <-> prop_2) | (prop_3 -> prop_4),(prop_1 <-> prop_2) | G(prop_3 -> F(prop_4))
(prop_2 & prop_3) -> (prop_4 -> prop_1),G((prop_2 & prop_3) -> (prop_4 -> prop_1))
prop_1 & prop_2 & prop_3 & prop_4,G(prop_3 & prop_1 & prop_4 & prop_2)
(prop_1 & prop_3) -> (prop_2 | prop_4),G((prop_3 & prop_1) -> (prop_2 | prop_4))
prop_3 & (prop_1 | prop_2),F((prop_2 | prop_1) & prop_3 )
prop_1 & ((prop_2 -> prop_3) U prop_4),G(prop_2 -> (prop_3 U prop_4)) & G(prop_1)
((prop_1 & prop_2) -> (prop_5 U !prop_6)) & (prop_4 U !prop_3),G((prop_1 & prop_2) -> (!(prop_5 U prop_6) & !(prop_4 U prop_3)))
F(prop_1 | !prop_2),G(prop_1 | ! prop_2)
prop_1 & prop_2 & prop_3,F(prop_1 & prop_2 & prop_3)
prop_1 | prop_2 | !prop_3,G(prop_1 | prop_2 | !prop_3)
(prop_4 & (prop_1 -> prop_2)) -> prop_3,G((prop_1 & prop_2 & prop_4) -> F(prop_3))
(prop_2 -> prop_3) & (prop_1 <-> prop_4),G((prop_2 -> F prop_3) & (prop_4 <-> prop_1))
prop_2 & ((prop_3 <-> prop_4) U prop_1),F(((prop_4 <-> prop_3) U prop_1) & prop_2)
!(prop_2 & (prop_3 U prop_1)),!(prop_3 U (prop_1 & prop_2))
(prop_1 & prop_4) -> (prop_2 U prop_3),G((prop_1 & prop_4) -> (prop_2 U prop_3))
prop_1 <-> G(prop_2 & prop_3),G((prop_2 & prop_3) <-> prop_1 )
(prop_1 | prop_2) -> (prop_3 -> prop_4),G((prop_1 | prop_2) -> (prop_3 -> prop_4))
(prop_4 -> prop_1) -> (prop_2 | prop_3),G((prop_4 -> prop_1) -> F(prop_3 | prop_2))
!(prop_1 & prop_2),G(!(prop_1 & prop_2))
(prop_1 & prop_2) -> (prop_3 <-> prop_4),G((prop_2 & prop_1) -> (prop_4 <-> prop_3))
(prop_1 & !prop_3) -> G prop_2,G((!prop_3 & prop_1) -> G(prop_2))
prop_1 & G(!prop_2 -> prop_3),G(!prop_2 -> (prop_3 & prop_1))
(prop_4 & (prop_3 U prop_2)) -> prop_1,G(((prop_3 U prop_2) & prop_4) -> F(prop_1 ))
G(!prop_1 U prop_2),!prop_1 U prop_2
F(prop_1 | !F prop_2),F(prop_1 | !prop_2)
(prop_1 | prop_3) -> (prop_2 & prop_4),G((prop_3 | prop_1) -> (prop_4 & prop_2))
(prop_3 <-> (prop_1 -> prop_2)) -> prop_4,((prop_1 -> F prop_2) <-> prop_3) -> prop_4
prop_1 & !(prop_2 U prop_3),!((prop_2 U prop_3) & prop_1)
(prop_1 & prop_3) | (prop_4 U prop_2),G(((prop_3 & prop_1) | prop_4) -> prop_2)
prop_3 <-> (prop_1 & (prop_2 <-> prop_4)),G(((prop_2 <-> prop_4) & prop_1) -> prop_3)
!prop_3 -> (prop_1 -> prop_2),G(!prop_3 -> (prop_1 -> prop_2))
(prop_1 | prop_2) -> F prop_3,G((prop_2 | prop_1) -> F(prop_3 ))
!(prop_1 | prop_2),G(!(prop_1 | prop_2))
((prop_5 & prop_6) -> (prop_1 U prop_3)) & (prop_4 U !prop_2),G((prop_6 & prop_5) -> ((prop_1 U prop_3) & (prop_4 U !prop_2)))
prop_2 & prop_4 & (prop_1 | prop_3),G((prop_4 & prop_2) & (prop_1 | prop_3))
prop_2 | ((prop_1 -> prop_4) U prop_3),G(prop_1 -> F(prop_4 U (prop_3 | prop_2)))
F(prop_1 U GF prop_2),( prop_1 ) U G ( prop_2 )
prop_3 & (prop_1 | prop_2 | prop_4),G((prop_4 | prop_2 | prop_1) -> prop_3)
(prop_2 | prop_4) -> (prop_1 <-> prop_3),G((prop_2 | prop_4) -> (prop_1 <-> prop_3))
prop_3 | ((prop_4 U prop_1) -> prop_2),(prop_4 U (prop_1 & F(prop_2 | prop_3)))
prop_1 | ((prop_4 -> prop_3) -> prop_2),((prop_4 -> prop_3) & (prop_3 -> prop_2)) | prop_1
(!prop_2 & prop_3) -> prop_1,G((!prop_2 & prop_3) -> prop_1)
(prop_2 <-> (prop_3 & prop_4)) -> prop_1,G(((prop_4 & prop_3) | prop_2) -> prop_1)
prop_3 & ((prop_2 U prop_1) -> prop_4),G((prop_2 U prop_1) -> (prop_4 & prop_3))
(prop_3 -> prop_2) U (prop_1 -> prop_4),(prop_3 & prop_2) U (prop_1 -> prop_4)
GF go_to_apple_trashcan | F clutch_orange,G F (go_to_apple_trashcan | F clutch_orange)
move_to_house -> take_to_trash_can,G(move_to_house -> X(take_to_trash_can))
G((motorbike_has_stopped & train_is_crossing) -> F(elevator_is_blocked | table_is_old)),G (motorbike_has_stopped & train_is_crossing) -> F (table_is_old | elevator_is_blocked)
G!(bar_is_closing | table_is_brown) | F((bar_is_closing | table_is_brown) & F bridge_closes),F (bar_is_closing | table_is_brown) & F X bridge_closes
G((elevator_falls & escalator_speeds_up) -> G(car_starts | table_is_old)),G(table_is_old | (F(elevator_falls & escalator_speeds_up) -> F(car_starts)))
take_pear & F haul_pear,F (haul_pear & take_pear)
G!let_go_apple & F procure_orange,G(!let_go_apple & (procure_orange -> X F let_go_apple))
F bring_pear & F reach_flag,G bring_pear & G reach_flag
GF(area_2 & photo),G(area_2 & photo)
!intersection_4 U street_5,G (!intersection_4 U street_5)
G(house_is_open -> G(table_is_brown -> F car_enters)),house_is_open -> (table_is_brown -> F car_enters)
F get_to_flag & F have_pear,G(get_to_flag -> F have_pear)
!room_2 U (kitchen_1 & F(p_bottle_4 & F(pd & table_4))),G(!room_2 U (p_bottle_4 & table_4))
GF go_to_pear & F set_out_to_house,G F go_to_pear & G (set_out_to_house -> F go_to_pear)
(!office_4 U p_pass_6) & F(house_5 & F(p_pass_6 & F(office_4 & pd))),G(!office_4 U p_pass_6) & G(p_pass_6 -> (G(!p_pass_6 U house_5) & G(house_5 -> (G(!house_5 U office_4)))))
G!(motorbike_has_stopped & semaphore_is_red) | F(motorbike_has_stopped & semaphore_is_red & F(bar_is_up | elevator_falls)),F (motorbike_has_stopped & semaphore_is_red) & F (elevator_falls | bar_is_up)
F go_near_flag & F be_at_flag,G(go_near_flag -> F be_at_flag)
secure_apple & G!drop_apple,G(!drop_apple & secure_apple)
!get_help U pickup_kite,G(get_help -> F(pickup_kite))
FG!record_car_northwest_9th_avenue,G F !record_car_northwest_9th_avenue
G move -> F pick_up_apple,G(move -> F(pick_up_apple))
GF(building_5 & photo) & GF charger_4,G(photo & building_5) & G(charger_4)
go_to_orange_bin & G have_in_orange,G (have_in_orange & go_to_orange_bin)
FG!photo_motorcycle_south_6th_street,G F !photo_motorcycle_south_6th_street
FG hotel_3,F hotel_3 & G hotel_3
G((escalator_speeds_up | manager_collect_claims) -> G(bar_is_down & semaphore_is_red)),G ((manager_collect_claims | escalator_speeds_up) -> X (bar_is_down & semaphore_is_red))
F(table_8 & F(p_brochure_2 & F(pd & table_1))),G(table_8 & p_brochure_2 & table_1)
G!(bar_is_down | engine_breaks) | F((bar_is_down | engine_breaks) & F(brake_is_pressed & engine_stops)),F(engine_breaks | (bar_is_down & F(engine_stops & X brake_is_pressed)))
G(semaphore_is_yellow -> G(elevator_is_blocked -> F constructor_instantiate_objects)),semaphore_is_yellow -> F (elevator_is_blocked & F constructor_instantiate_objects)
F photo_person_southeast_10th_avenue -> (!photo_person_southeast_10th_avenue U (get_help & !photo_person_southeast_10th_avenue)),G(photo_person_southeast_10th_avenue -> !get_help U photo_person_southeast_10th_avenue)
G!(car_enters & table_is_brown) | F(car_enters & table_is_brown & F(car_starts | semaphore_is_broken)),F (car_enters & table_is_brown & F (car_starts | semaphore_is_broken))
G!(engine_stops | manager_collect_claims) | F((engine_stops | manager_collect_claims) & F(sensor_retrieves_data & train_is_crossing)),F (engine_stops | manager_collect_claims) & F (sensor_retrieves_data & train_is_crossing)
F walk_to_flag & G touch_flag,G(walk_to_flag -> G(touch_flag))
F move_past_trash_can | F go_to_trash_bin,G(move_past_trash_can | go_to_trash_bin)
!park_6 U p_pass_4,G(!park_6 | F p_pass_4)
grip_apple & GF go_to_apple_trashcan,G F (go_to_apple_trashcan & grip_apple)
G((photo_cyclist_east_5th_avenue & X change_light_south_red) -> XX record_person_north_10th_avenue),(photo_cyclist_east_5th_avenue & X change_light_south_red) -> XX record_person_north_10th_avenue
!let_go_pear & F yield_pear,G(!let_go_pear & (F yield_pear))
G!(elevator_rises | table_is_brown) | F((elevator_rises | table_is_brown) & F(motorbike_has_stopped & semaphore_is_red)),F (table_is_brown | (elevator_rises & F (motorbike_has_stopped & X G semaphore_is_red)))
F(blue_room & F yellow_room),F (yellow_room & F blue_room)
FG!search_bowl,G F !search_bowl
F(office_5 & F(p_letter_4 & F(house_2 & pd))),F (pd & office_5 & p_letter_4) & F (pd & house_2 & p_letter_4)
G((constructor_creates_instances | escalator_is_blocked) -> G semaphore_is_yellow),G (semaphore_is_yellow U (constructor_creates_instances | escalator_is_blocked))
F((blue_room | yellow_room) & F green_room),G (green_room -> F (blue_room | yellow_room))
F(table_9 & F(p_brochure_3 & F(park_2 & pd))),G (p_brochure_3 & table_9 -> F (p_brochure_3 & park_2))
F((blue_room | yellow_room) & F green_room),F (yellow_room | blue_room) & F green_room & G (!green_room -> (yellow_room | blue_room))
F capture_pear -> F obtain_orange,G (capture_pear -> (F capture_pear -> F obtain_orange))
F green_room & G!yellow_room,green_room & !yellow_room
F withdraw_pear | GF grab_tree,F (withdraw_pear | G X grab_tree)
record_person_southeast_5th_street U change_light_east_green,F (record_person_southeast_5th_street & X change_light_east_green)
F record_person_north_8th_street -> (!record_person_north_8th_street U (get_help & !record_person_north_8th_street)),G(record_person_north_8th_street -> !record_person_north_8th_street U get_help)
GF get_help | X change_light_east_green,F G get_help | X change_light_east_green
GF charger_9 & GF(warehouse_8 & F(p_crate_2 & F(pd & store_2))),G(charger_9 & (p_crate_2 & warehouse_8 -> X(store_2)))
F(table_9 & F(p_brochure_3 & F(park_2 & pd))),G (p_brochure_3 & table_9 -> F (p_brochure_3 & park_2))
get_help -> X((deliver_bed_shelf U pickup_snowboard) | G deliver_bed_shelf),get_help -> (X (deliver_bed_shelf U pickup_snowboard) | G deliver_bed_shelf)
F(photo & statue_5),G (statue_5 -> F photo)
F(park_5 & F(monument_3 & photo)),G (park_5 -> X F (photo & monument_3))
G!(bar_has_to_be_repaired & car_stops) | F(bar_has_to_be_repaired & car_stops & F(elevator_falls & train_has_arrived)),F (bar_has_to_be_repaired & car_stops) & F (train_has_arrived & X elevator_falls)
(deliver_broccoli_loading_dock U search_skis) | G deliver_broccoli_loading_dock,G((deliver_broccoli_loading_dock U search_skis) | G deliver_broccoli_loading_dock)
locality_3 U office_4,G(locality_3 U office_4)
F go_past_house | F grab_apple,G(go_past_house | grab_apple)
secure_apple | F venture_to_house,G(venture_to_house | secure_apple)
go_home U record_safe_victim,F (go_home & X record_safe_victim)
!intersection_4 U street_5,G (!intersection_4 U street_5)
drop_orange | G!drop_apple,G(!drop_apple & !drop_orange)
GF charger_6 & GF(p_brochure_4 & table_4),G(charger_6 & F p_brochure_4)
park_8 U (monument_2 & photo & F(bench_5 & G bench_5)),G(park_8 U (photo & monument_2 & X(G(bench_5))))
F(monument_1 & photo) & (!monument_1 U park_4),F photo & (!monument_1 U park_4)
G((bar_is_closing & elevator_is_blocked) -> G!(motorbike_has_started & train_is_crossing)),G!((motorbike_has_started & F(train_is_crossing)) & F(bar_is_closing & elevator_is_blocked))
capture_orange -> F make_your_way_flag,G (capture_orange -> (F make_your_way_flag))
(!store_4 U street_6) & F(office_2 & F(p_package_8 & F(pd & store_4))),G (!store_4 U street_6)
G(photo_jaywalker_southeast_6th_avenue -> XG!record_motorcycle_east_3rd_avenue),G(photo_jaywalker_southeast_6th_avenue -> G!record_motorcycle_east_3rd_avenue)
F!deliver_fork_shelf,G F !deliver_fork_shelf
!deliver_bench_loading_dock U pickup_car,G (deliver_bench_loading_dock -> !pickup_car W deliver_bench_loading_dock)
go_by_waste_bin & G!drop_apple,G(go_by_waste_bin -> !drop_apple)
change_light_west_yellow U record_collision_east_2nd_avenue,F (change_light_west_yellow & X record_collision_east_2nd_avenue)
!deliver_umbrella_loading_dock U search_suitcase,G (deliver_umbrella_loading_dock -> F search_suitcase)
G!(house_collapses & house_is_open) | F(house_collapses & house_is_open & F(car_enters | motorbike_has_started)),G (house_is_open & house_collapses) & F (car_enters | motorbike_has_started)
F(building_4 & photo & F(parking_lot_2 & G parking_lot_2)),F (photo & X (parking_lot_2 & G parking_lot_2))
F got_to_house & F go_near_house,G(got_to_house & F go_near_house)
G!train_has_arrived | F(train_has_arrived & F(bar_is_down | motorbike_falls_down)),F(train_has_arrived & F(bar_is_down | motorbike_falls_down))
FG!get_help,G F !get_help
F going_to_house U approach_tree,F (going_to_house U approach_tree)
F make_way_for_tree U move_to_tree,G (make_way_for_tree -> (make_way_for_tree U move_to_tree))
G((go_home <-> record_fire_source) -> (deliver_aid_injured_rescuer <-> go_home)),G (record_fire_source <-> go_home) -> (go_home <-> deliver_aid_injured_rescuer)
F blue_room & G!red_room,G (blue_room -> !red_room)
GF search_parking_meter -> GF idle,G(FG search_parking_meter -> FG idle)
F(store_3 & F(p_package_2 & F(house_2 & pd))) & G!mall_1,G (p_package_2 & store_3 & X (house_2 & !mall_1))
G!train_has_arrived | F(train_has_arrived & F(bar_has_to_be_repaired | table_is_old)),F (train_has_arrived & F (bar_has_to_be_repaired | table_is_old))
G(table_is_brown -> G(elevator_is_blocked -> F semaphore_is_red)),table_is_brown -> (elevator_is_blocked -> F semaphore_is_red)
venture_towards_house & G!drop_apple,G(venture_towards_house & !drop_apple)
photo_person_southeast_3rd_street U photo_motorcycle_southwest_6th_street,G (photo_person_southeast_3rd_street -> X F photo_motorcycle_southwest_6th_street)
search_tennis_racket -> X((pickup_fork U get_help) | G pickup_fork),G(search_tennis_racket -> (X(pickup_fork U get_help) | G(pickup_fork)))
F go_to_trashcan -> GF grab_tree,G(go_to_trashcan -> X(F(grab_tree & F(grab_tree))))
GF(warehouse_1 & F(p_package_5 & F(pd & store_5))) & GF charging_station_5,G(p_package_5 & warehouse_1 & store_5 & charging_station_5)
get_help U deliver_aid_safe_rescuer,F (get_help & X deliver_aid_safe_rescuer)
G!(bar_is_closing & table_is_brown) | F(bar_is_closing & table_is_brown & F sensor_gathers_information),F (table_is_brown & bar_is_closing) & F sensor_gathers_information
park_4 U (photo & statue_9),G (park_4 U (photo & statue_9))
G!street_6 & F(car_1 & photo),G(street_6 -> !(photo & car_1))
F red_room & G!blue_room,G(!blue_room U red_room)
F stop_by_house U travel_to_apple,G(stop_by_house U travel_to_apple)
keep_apple | G have_in_orange,G(have_in_orange | keep_apple)
G(!(deliver_aid_safe_hostile & go_home) -> F record_unsafe_civilian),G(!(deliver_aid_safe_hostile | go_home) -> F record_unsafe_civilian)
F move_past_trash_can | F pass_by_trash_bin,G(move_past_trash_can | pass_by_trash_bin)
!G!(avoid_inactive_fire_source & X avoid_inactive_fire_source),G avoid_inactive_fire_source | X avoid_inactive_fire_source | XX avoid_inactive_fire_source
F(pd & F(park_4 & G park_4)),X (pd & G park_4)
move_to_house -> F stand_by_tree,G (move_to_house <-> G stand_by_tree)
GF charger_2 & GF(table_2 & F(p_plate_4 & F(pd & table_4))),G F charger_2 & G F (p_plate_4 & X (p_plate_4 & X table_4))
G!(bridge_opens & escalator_speeds_up) | F(bridge_opens & escalator_speeds_up & F(car_enters | motorbike_has_started)),F (escalator_speeds_up & bridge_opens) & F (car_enters | motorbike_has_started)
G((semaphore_is_yellow & train_stops) -> G(sensor_gathers_information & train_stops)),F (semaphore_is_yellow & train_stops) -> G (train_stops & sensor_gathers_information)
G!let_go -> F get_to_cup,!G let_go -> F get_to_cup
G!(engine_stops | manager_collect_claims) | F((engine_stops | manager_collect_claims) & F(brake_is_pressed & train_stops)),F (engine_stops | manager_collect_claims) & F (train_stops & X brake_is_pressed)
GF(warehouse_4 & F(p_crate_3 & F(mall_3 & pd))),G F (pd & warehouse_4 & p_crate_3 & X (pd & mall_3))
G!(manager_collect_claims | sensor_retrieves_data) | F((manager_collect_claims | sensor_retrieves_data) & F(bar_is_up & table_is_brown)),X (F (sensor_retrieves_data | manager_collect_claims) & F (table_is_brown & bar_is_up))
reach_house & F get_near_flag,reach_house & G get_near_flag
G((pickup_remote & X pickup_refrigerator) -> XX idle),pickup_remote & X pickup_refrigerator -> XX idle
get_help -> X((deliver_toothbrush_loading_dock U idle) | G deliver_toothbrush_loading_dock),get_help -> (X (deliver_toothbrush_loading_dock U idle)) | G deliver_toothbrush_loading_dock
GF search_sandwich | X idle,F G search_sandwich | X idle
G((semaphore_is_green & train_derails) -> F train_has_arrived),(semaphore_is_green & train_derails) -> F train_has_arrived
!search_baseball_glove U idle,G(!search_baseball_glove W idle)
parking_lot_5 U (car_5 & photo),G (parking_lot_5 U (photo & car_5))
G(train_has_been_launched -> G(constructor_creates_instances -> F table_has_been_moved)),train_has_been_launched & (constructor_creates_instances -> F table_has_been_moved)
(locality_1 U intersection_4) & F(warehouse_9 & F(p_package_5 & F(pd & store_2))),G(!locality_1 U intersection_4) & F(p_package_5 & warehouse_9 & store_2)
!change_light_north_green U change_light_east_red,G(change_light_north_green -> F change_light_east_red)
G((bar_is_closing & engine_breaks) -> G!(car_enters & constructor_creates_instances)),(engine_breaks & bar_is_closing) -> G!(constructor_creates_instances & car_enters)
(!intersection_1 U street_6) & F(street_2 & F(p_cone_3 & F(intersection_1 & pd))),G(!intersection_1 U street_6) & F(street_6 & X(p_cone_3 & !street_2 & intersection_1))
G!(bar_is_up | semaphore_is_green) | F((bar_is_up | semaphore_is_green) & F bridge_closes),F ((semaphore_is_green | bar_is_up) & X F bridge_closes)
GF(area_51 & photo) & GF charger_4,G (photo & area_51 & F charger_4)
pick_up_fruit | G hold_onto_orange,G(hold_onto_orange | pick_up_fruit)
G!park_3 & F(p_cone_2 & police_station_1 & F(intersection_2 & pd)),G!park_3 & F(p_cone_2 & F(p_cone_2 & intersection_2))
(photo_motorcycle_southwest_1st_street U record_motorcycle_east_7th_avenue) | G photo_motorcycle_southwest_1st_street,G(photo_motorcycle_southwest_1st_street U record_motorcycle_east_7th_avenue) | G(photo_motorcycle_southwest_1st_street)
F go_to_trash_can & F come_home,G (go_to_trash_can -> F come_home) & G (come_home -> F go_to_trash_can)
take_to_trash_can -> take_orange,G (take_to_trash_can -> X take_orange)
G(!(change_light_west_green & get_help) -> F photo_vehicle_northeast_6th_avenue),G(!(get_help | change_light_west_green) -> F(photo_vehicle_northeast_6th_avenue))
F capture_pear U G!let_go_apple,G(capture_pear U !let_go_apple)
F(red_room & F yellow_room),yellow_room & red_room
G(idle -> (deliver_sheep_shelf | X deliver_sheep_shelf)),idle -> (deliver_sheep_shelf | X deliver_sheep_shelf)
(!park_5 U intersection_5) & F(monument_3 & photo),G(!park_5 W intersection_5) & F(photo & monument_3)
G(change_light_north_red -> XXX get_help),G(change_light_north_red -> (X X X get_help & !X get_help & !X X get_help))
G((engine_breaks & motorbike_catches_fire) -> G semaphore_is_yellow),G (semaphore_is_yellow -> (motorbike_catches_fire & engine_breaks))
G(brake_is_pressed -> G(elevator_rises -> F table_has_been_moved)),brake_is_pressed & (elevator_rises -> F table_has_been_moved)
(!building_3 U street_6) & F(store_3 & F(p_box_8 & F(house_2 & pd))),G (!building_3 U (street_6 & p_box_8 & store_3 & house_2))
!go_home U avoid_nearest_debris,G(go_home -> (avoid_nearest_debris U go_home))
G go_by_trash_can | F go_visit_house,G(go_by_trash_can | (go_visit_house -> X go_by_trash_can))
F(bench_4 & photo & G bench_4),F (bench_4 & photo & G (bench_4 & photo))
(!intersection_5 U street_4) & F(house_4 & F(p_pass_4 & F(office_1 & pd))),G (!intersection_5 U street_4) & G (street_4 -> (F (house_4 & F (p_pass_4 & F office_1))))
F get_help -> (!get_help U (!get_help & photo_vehicle_east_5th_avenue)),G(get_help -> !photo_vehicle_east_5th_avenue U get_help)
F(arch_2 & photo & F(park_8 & G park_8)),photo & X (arch_2 & X (park_8 & G park_8))
G!bridge_closes | F(bridge_closes & F(bar_is_up | bridge_opens)),F (bridge_closes & F (bridge_opens | bar_is_up))
G!train_has_arrived | F(train_has_arrived & F(bridge_closes | escalator_is_blocked)),F (train_has_arrived & F (bridge_closes | escalator_is_blocked))
!G!(deliver_scissors_shelf & X deliver_scissors_shelf),G deliver_scissors_shelf | X deliver_scissors_shelf | XX deliver_scissors_shelf
go_to_orange_bin & keep_apple,G(keep_apple & go_to_orange_bin)
G!(manager_collect_claims | train_is_crossing) | F((manager_collect_claims | train_is_crossing) & F(engine_starts | sensor_retrieves_data)),F ((train_is_crossing | manager_collect_claims) & F (sensor_retrieves_data | engine_starts))
G(bridge_closes -> G(semaphore_is_green -> F semaphore_is_yellow)),bridge_closes & (semaphore_is_green -> F semaphore_is_yellow)
F yield_pear -> take_to_trash_can,F (yield_pear -> take_to_trash_can)
FG!avoid_probable_fire_source,G F !avoid_probable_fire_source
F((blue_room | yellow_room) & F green_room),F ( (yellow_room | blue_room) & X green_room )
F come_home U F proceed_to_house,G (come_home U F proceed_to_house)
FG!record_fire_source,G F !record_fire_source
F get_to_cup & F get_close_tree,G(get_to_cup & (F get_close_tree -> get_close_tree))
GF make_way_to_house & F go_near_pear,G(make_way_to_house) & F(go_near_pear)
G!parking_lot_8 & F street_5,G(!parking_lot_8 W street_5)
park_8 U (monument_2 & photo & F(bench_5 & G bench_5)),G(park_8 U (photo & monument_2 & (G bench_5)))
F(plant_8 & F(p_box_5 & F(pd & store_6))),G (pd & plant_8 & p_box_5 -> X (F (store_6 & p_box_5)))
F(blue_room & F red_room),F blue_room & F red_room
GF idle | X search_dining_table,G(F idle | X search_dining_table)
F go_to_home | GF make_way_to_house,F (go_to_home | G make_way_to_house)
G(!(change_light_north_yellow & change_light_west_red) -> F photo_jaywalker_southeast_5th_avenue),G(!(change_light_north_yellow | change_light_west_red) -> F(photo_jaywalker_southeast_5th_avenue))
grasp_orange -> F going_to_flag,G(grasp_orange -> G(going_to_flag))
G((brake_is_released | engine_starts) -> G!(car_enters & constructor_creates_instances)),(brake_is_released | engine_starts) -> G!(constructor_creates_instances & car_enters)
G!train_has_arrived | F(train_has_arrived & F(train_derails & train_is_crossing)),F (train_has_arrived & F (train_derails & train_is_crossing))
F get_hold_orange -> approach_tree,F (get_hold_orange -> X approach_tree)
!change_light_west_yellow U change_light_north_green,G(change_light_west_yellow -> !change_light_west_yellow U change_light_north_green)
pick_up_orange | F contact_house,G (contact_house | pick_up_orange)
GF(area_9 & photo) & GF(camp_4 & F(p_ordnance_3 & F(camp_9 & pd))),G(photo & area_9) & G F(p_ordnance_3 & camp_4 & camp_9)
G!drop_apple & F bring_pear,G(!drop_apple & (bring_pear -> X bring_pear))
G(sensor_captures_data -> F train_derails),sensor_captures_data -> F train_derails
G!(house_is_open | manager_handles_requests | semaphore_is_red),!((manager_handles_requests | house_is_open | semaphore_is_red))
GF(warehouse_3 & F(p_crate_4 & F(pd & store_9))) & GF charger_3,G (p_crate_4 & warehouse_3 & store_9 & F charger_3)
F(park_7 & F(monument_4 & photo)),F park_7 & F (X photo & X monument_4)
take_to_trashcan | F grab_flag,G(grab_flag | take_to_trashcan)
come_to_tree -> F make_way_waste_basket,come_to_tree -> (G(make_way_waste_basket))
F(office_5 & F(p_letter_4 & F(house_2 & pd))),F (p_letter_4 & office_5 & X (p_letter_4 & house_2))
G((bar_has_to_be_repaired & sensor_gathers_information) -> F(bar_is_closing & semaphore_is_broken)),F (bar_is_closing & semaphore_is_broken) U (bar_has_to_be_repaired & sensor_gathers_information)
G!(escalator_is_blocked | sensor_captures_data) | F((escalator_is_blocked | sensor_captures_data) & F(sensor_retrieves_data & train_is_crossing)),F (escalator_is_blocked | (sensor_captures_data & X (sensor_retrieves_data & train_is_crossing)))
GF charger_3 & GF(area_3 & photo),G (photo & area_3 -> F charger_3) & G (photo & area_3)
G locality_5 & F(office_3 & F(p_package_5 & F(office_6 & pd))),G (p_package_5 & (office_3 | office_6) -> G locality_5)
park_4 U (photo & statue_9),G (park_4 U (photo & statue_9))
G!(bar_is_down | motorbike_is_driven) | F((bar_is_down | motorbike_is_driven) & F(sensor_retrieves_data | train_has_been_launched)),F (bar_is_down | motorbike_is_driven) & F (sensor_retrieves_data | train_has_been_launched)
G!(elevator_is_blocked & train_stops) | F(elevator_is_blocked & train_stops & F train_has_arrived),F (train_stops & elevator_is_blocked) & F train_has_arrived
gather_apple U F go_to_flag,gather_apple U go_to_flag
F parking_lot_2 & G!pd,G (parking_lot_2 -> !pd)
GF(monument_8 & photo) & (!monument_8 U park_4),G(photo & !monument_8) U park_4
F stand_by_tree -> travel_to_tree,G(stand_by_tree -> travel_to_tree)
G(semaphore_is_yellow -> F(bar_is_down & motorbike_has_started)),F (semaphore_is_yellow & F (motorbike_has_started & bar_is_down))
GF(area_2 & photo),G(area_2 & photo)
G!(motorbike_catches_fire & sensor_gathers_information) | F(motorbike_catches_fire & sensor_gathers_information & F(car_starts & semaphore_is_broken)),F(sensor_gathers_information & motorbike_catches_fire & F(car_starts & semaphore_is_broken))
F((blue_room | yellow_room) & F green_room),F (yellow_room | blue_room) & F green_room & G (!green_room -> (yellow_room | blue_room))
!F pick_up_anything | F start_going_to_tree,!pick_up_anything & G!start_going_to_tree
F track_towards_tree & G hold_on_pear,(track_towards_tree -> G hold_on_pear)
G((car_stops & engine_stops) -> G!(motorbike_has_stopped & sensor_gathers_information)),G!((motorbike_has_stopped & sensor_gathers_information) & F(car_stops & engine_stops))
G((photo_injured_rescuer & X record_flood) -> XX communicate_injured_rescuer),(photo_injured_rescuer & X record_flood) -> XX communicate_injured_rescuer
F go_past_flag & F touch_house,F go_past_flag & G touch_house
G!(car_starts | train_derails) | F((car_starts | train_derails) & F(constructor_creates_instances & motorbike_has_stopped)),X (car_starts | train_derails) & X X (constructor_creates_instances & motorbike_has_stopped)
G((bar_is_up & car_starts) -> G!(sensor_captures_data | train_is_crossing)),(bar_is_up & car_starts) -> G(!(sensor_captures_data | train_is_crossing))
G((deliver_car_shelf & X deliver_tennis_racket_shelf) -> XX search_refrigerator),(deliver_car_shelf & X deliver_tennis_racket_shelf) -> XX search_refrigerator
building_4 U (room_43 & F(p_folder_3 & F(pd & room_12))),G (building_4 <-> (p_folder_3 & (room_43 | room_12)))
GF charger_12 & GF(house_5 & F(p_box_1 & F(house_23 & pd))),G F charger_12 & G F (house_5 & p_box_1 & F house_23)
G(!(deliver_aid_injured_rescuer & deliver_aid_safe_rescuer) -> F avoid_inactive_unstable_beam),G(!(deliver_aid_injured_rescuer | deliver_aid_safe_rescuer) -> F(avoid_inactive_unstable_beam))
G(change_light_west_green -> F get_help) -> GF change_light_north_green,G((G(change_light_west_green -> F get_help)) -> G F change_light_north_green)
G((brake_is_pressed & train_has_arrived) -> F(elevator_rises & motorbike_falls_down)),(train_has_arrived & brake_is_pressed) -> F (elevator_rises & motorbike_falls_down)
!G!(photo_car_northwest_4th_street & X photo_car_northwest_4th_street),G(photo_car_northwest_4th_street | X(photo_car_northwest_4th_street | XX photo_car_northwest_4th_street))
G!train_has_arrived | F(train_has_arrived & F(motorbike_has_stopped | train_stops)),F (train_has_arrived & F (train_stops | motorbike_has_stopped))
G((bridge_opens & constructor_creates_instances) -> G(bar_is_closing & escalator_moves)),G(escalator_moves & bar_is_closing & bridge_opens & constructor_creates_instances)
F haul_pear U G have_apple,G(haul_pear U G have_apple)
G!(motorbike_has_stopped | train_stops) | F((motorbike_has_stopped | train_stops) & F(bar_is_up | semaphore_is_green)),F (train_stops | motorbike_has_stopped) & F (semaphore_is_green | bar_is_up)
F travel_to_trash_can -> F pass_by_trash_bin,G(travel_to_trash_can -> F(pass_by_trash_bin))
GF photo_flood | X avoid_nearest_gas_leak,F G photo_flood | X avoid_nearest_gas_leak
!let_go_pear | F travel_by_tree,!let_go_pear | G travel_by_tree
G((escalator_is_blocked & semaphore_is_yellow) -> G!(bar_is_down | house_is_open)),G ((escalator_is_blocked & semaphore_is_yellow) -> ! (bar_is_down | house_is_open))
G(deliver_microwave_shelf -> XG!deliver_orange_shelf),G(deliver_microwave_shelf -> G(!deliver_orange_shelf))
G!drop_orange & F have_pear,G(!drop_orange & (F have_pear -> F have_pear))
GF change_light_east_yellow | X record_vehicle_southeast_5th_avenue,G(F change_light_east_yellow | X record_vehicle_southeast_5th_avenue)
get_help -> X((search_donut U deliver_bus_shelf) | G search_donut),get_help -> (X (search_donut U deliver_bus_shelf) | G search_donut)
put_in_bin | !F pick_up_anything,!pick_up_anything & !put_in_bin
venture_towards_house U F reach_flag,venture_towards_house U reach_flag
F(house_3 & F(p_box_8 & F(office_2 & pd))),F (pd & p_box_8 & house_3) & F (pd & p_box_8 & office_2)
hold_on_to_pear | G!let_go,G(!let_go | hold_on_to_pear)
G(train_derails -> G(semaphore_is_green -> F car_enters)),G(train_derails -> (G(!semaphore_is_green) U (semaphore_is_green & F(car_enters))))
G!bridge_closes | F(bridge_closes & F(manager_handles_requests & train_has_arrived)),F (bridge_closes & F (train_has_arrived & G manager_handles_requests))
G((car_stops & elevator_falls) -> G!(semaphore_is_red | train_stops)),G !((car_stops & elevator_falls) -> F (train_stops | semaphore_is_red))
G!(bar_is_closing | brake_is_pressed) | F((bar_is_closing | brake_is_pressed) & F sensor_gathers_information),F ( (bar_is_closing | brake_is_pressed) & F sensor_gathers_information )
F(hospital_3 & p_bottle_4) & G!pharmacy_2,G (p_bottle_4 <-> (hospital_3 & !pharmacy_2))
procure_apple -> F get_hold_apple,G(procure_apple -> F get_hold_apple)
GF photo_safe_victim | X communicate_safe_rescuer,G(F(photo_safe_victim) | X(communicate_safe_rescuer))
F(house_3 & F(p_box_8 & F(office_2 & pd))),F (pd & p_box_8 & !house_3 & office_2)
GF(intersection_4 & photo),G(photo & intersection_4)
G((bar_is_up & motorbike_has_started) -> F(bar_is_closing | manager_collect_claims)),(bar_is_up & motorbike_has_started) -> F (bar_is_closing | manager_collect_claims)
advance_to_tree | G!drop_orange,G! (drop_orange | advance_to_tree)
F grab_apple | G!drop_orange,G(grab_apple | !drop_orange)
G!train_has_arrived | F(train_has_arrived & F(bar_is_closing & table_is_brown)),F train_has_arrived & F (table_is_brown & bar_is_closing)
!park_6 U p_pass_4,G (!park_6 U p_pass_4)
F go_near_pear | G!let_go_orange,G(go_near_pear | !F(let_go_orange))
G(bar_is_up | brake_is_pressed | semaphore_is_red),G ((brake_is_pressed | bar_is_up) -> semaphore_is_red)
F blue_room & G!green_room,G (blue_room -> ! (green_room U blue_room))
G!(engine_stops & table_has_been_moved) | F(engine_stops & table_has_been_moved & F(escalator_moves | motorbike_is_driven)),F (table_has_been_moved & engine_stops) & F (motorbike_is_driven | escalator_moves)
G!parking_lot_5 & GF(car_9 & photo),G(!parking_lot_5 & (photo & car_9))
F go_home | F make_contact_with_house,G(go_home | F(make_contact_with_house))
(park_5 U bench_4) & F(store_2 & F(p_bottle_5 & F(bench_4 & pd))),G(park_5 U bench_4) & G((store_2 & p_bottle_5) U bench_4)
G(record_collision_south_4th_street -> XG!change_light_east_yellow),G(record_collision_south_4th_street -> G!change_light_east_yellow)
G!bridge_closes | F(bridge_closes & F(manager_handles_requests & train_derails)),F (bridge_closes & F (train_derails & X manager_handles_requests))
reach_trash_can | G move,G(move | reach_trash_can)
F get_orange -> F make_way_for_tree,G(get_orange -> F(make_way_for_tree))
F photo_pedestrian_north_1st_avenue -> (!photo_pedestrian_north_1st_avenue U (!photo_pedestrian_north_1st_avenue & record_jaywalker_west_1st_avenue)),G(photo_pedestrian_north_1st_avenue -> !(!record_jaywalker_west_1st_avenue U photo_pedestrian_north_1st_avenue))
F make_your_way_flag U move_towards_trash_can,G(make_your_way_flag -> (make_your_way_flag U move_towards_trash_can))
G((engine_starts | sensor_captures_data) -> F train_derails),F ( (sensor_captures_data | engine_starts) U train_derails )
F travel_to_flag U F go_past_flag,G(travel_to_flag -> (travel_to_flag U go_past_flag))
F(restaurant_9 & F(takeout_2 & F(house_1 & pd))),F (pd & takeout_2 & restaurant_9) & F (pd & takeout_2 & house_1)
G(train_has_arrived -> F(escalator_moves | house_collapses)),train_has_arrived -> F(house_collapses | escalator_moves)
G((brake_is_pressed | escalator_is_blocked) -> F semaphore_is_yellow),(brake_is_pressed | escalator_is_blocked) -> F semaphore_is_yellow
F(table_4 & F(p_tin_can_4 & F(pd & trash_can_5))) & G!hallway_2,G (p_tin_can_4 & table_4 -> X (F (p_tin_can_4 & trash_can_5) & G !hallway_2))
!G!(get_help & X get_help),G(get_help | X(get_help | X(get_help)))
approach_trash_can & G hold_on_pear,G(hold_on_pear & approach_trash_can)
F seize_pear -> F proceed_to_tree,G(seize_pear -> G(proceed_to_tree))
G!sensor_gathers_information | F(sensor_gathers_information & F(escalator_is_blocked & sensor_captures_data)),F(sensor_gathers_information & F(escalator_is_blocked & F(sensor_captures_data)))
F withhold_apple,F (withhold_apple U G withhold_apple)
F(p_crate_4 & F(park_1 & pd & G park_1)),F (p_crate_4 & X (park_1 & X (pd & G park_1)))
F(house_4 & F(p_stack_4 & F(street_2 & G street_2))),p_stack_4 & G(house_4) & F(street_2 & G(street_2))
G!drop_apple | F present_at_flag,G(!drop_apple | F present_at_flag)
G touch_flag & F go_to_trash_receptacle,G touch_flag & G F go_to_trash_receptacle
G!train_has_arrived | F(train_has_arrived & F(constructor_creates_instances & motorbike_has_stopped)),G(train_has_arrived & F(constructor_creates_instances & motorbike_has_stopped))
(!street_5 U store_1) & F(p_package_4 & store_1),G (!street_5 U (store_1 & p_package_4))
F(avoid_probable_gas_leak | photo_unstable_beam),F (avoid_probable_gas_leak | !photo_unstable_beam)
deliver_aid_injured_hostile -> X((get_help U go_home) | G get_help),deliver_aid_injured_hostile -> (X (get_help U go_home) | G get_help)
G((house_collapses & semaphore_is_red) -> G!(bar_is_down & train_has_been_launched)),G (house_collapses & semaphore_is_red) -> G !(bar_is_down & train_has_been_launched)
F yellow_room & G!blue_room,G (blue_room -> !F yellow_room) & G (yellow_room -> !F blue_room) & G (F yellow_room -> G (!blue_room U yellow_room))
F get_close_flag -> travel_to_tree,F get_close_flag -> F travel_to_tree
GF go_to_waste_basket | F capture_pear,G F go_to_waste_basket | G (capture_pear -> X go_to_waste_basket)
G!(brake_is_pressed & train_has_arrived) | F(brake_is_pressed & train_has_arrived & F train_has_arrived),F (brake_is_pressed & train_has_arrived & F train_has_arrived)
F proceed_to_flag -> F go_home,G(proceed_to_flag -> G(go_home))
F(p_luggage_2 & F(pd & room_402)),F (p_luggage_2 & room_402)
approach_trash_can & G hold_on_pear,G(hold_on_pear & approach_trash_can)
F green_room,green_room
F(post_office_1 & F(p_letter_3 & F(house_2 & pd))),F (p_letter_3 & post_office_1) & F (p_letter_3 & house_2)
(!landmark_5 U park_5) & F(landmark_5 & photo),G(!landmark_5 U park_5) & F(photo)
G((bar_is_up | semaphore_is_green) -> G(engine_starts & house_is_built)),G ( (semaphore_is_green | bar_is_up) -> F (engine_starts & house_is_built) )
F reach_tree U F pick_up_peach,G(reach_tree -> (reach_tree U pick_up_peach))
!garage_1 U (landmark_5 & photo),G (!garage_1 U (photo & landmark_5))
F((blue_room | red_room) & F yellow_room),G (yellow_room -> F (blue_room | red_room))
F(bedroom_2 & F(p_bottle_3 & F(kitchen_4 & pd))),F (pd & bedroom_2 & p_bottle_3 & X (pd & kitchen_4 & p_bottle_3))
G!(sensor_retrieves_data | table_is_brown) | F((sensor_retrieves_data | table_is_brown) & F(bar_is_up | semaphore_is_green)),F (sensor_retrieves_data | table_is_brown) & F (semaphore_is_green | bar_is_up)
G(photo_person_south_7th_avenue -> XF record_cyclist_southwest_5th_avenue),G(photo_person_south_7th_avenue -> X G(record_cyclist_southwest_5th_avenue -> F record_cyclist_southwest_5th_avenue))
G have_apple & F go_to_tree,G(have_apple & (go_to_tree -> X have_apple))
F(pd & F(park_4 & G park_4)),pd & F (park_4 & G park_4)
going_to_tree | G!let_go_apple,G!((let_go_apple) | (going_to_tree))
GF(locality_7 & photo) & G!park_3,G(locality_7 & photo & !park_3)
FG parking_lot_5,F parking_lot_5 & G (parking_lot_5 -> X parking_lot_5)
F go_by_house & G have_apple,F (go_by_house & G have_apple)
G!(elevator_rises & house_is_open) | F(elevator_rises & house_is_open & F(bar_is_closing & elevator_is_blocked)),F (house_is_open & elevator_rises & F (bar_is_closing & X elevator_is_blocked))
F(red_room & F blue_room),G(red_room -> F(blue_room))
GF charging_station_9 & GF(warehouse_5 & F(p_crate_4 & F(mall_4 & pd))),G F charging_station_9 & G F (warehouse_5 & X p_crate_4 & X mall_4)
!building_1 U street_4,G (!building_1 U street_4)
!G!(deliver_aid_injured_rescuer & X deliver_aid_injured_rescuer),G deliver_aid_injured_rescuer | X deliver_aid_injured_rescuer | XX deliver_aid_injured_rescuer
G!(engine_breaks | semaphore_is_yellow) | F((engine_breaks | semaphore_is_yellow) & F(bridge_closes | escalator_is_blocked)),F (engine_breaks | semaphore_is_yellow) & F (bridge_closes | escalator_is_blocked)
G have_apple U F secure_pear,G (have_apple U F secure_pear)
G((sensor_captures_data | train_is_crossing) -> G!(escalator_is_blocked & semaphore_is_yellow)),G ((sensor_captures_data | train_is_crossing) -> ! (escalator_is_blocked & semaphore_is_yellow))
parking_lot_5 U (car_5 & photo),G (parking_lot_5 U (photo & car_5))
!park_5 U intersection_4,G (!park_5 U intersection_4)
G!(car_stops & house_is_built & train_stops),!G(train_stops & house_is_built & car_stops)
F approach_flag | F venture_to_waste_basket,G (approach_flag | venture_to_waste_basket)
G locality_5 & F(office_3 & F(p_package_5 & F(office_6 & pd))),G(p_package_5 -> (locality_5 U (office_3 & p_package_5) U (office_6 & p_package_5)))
GF go_to_pear | F steal_apple,G F (go_to_pear | steal_apple)
GF(photo & statue_4) & GF charger_4,G(photo & statue_4) & G(charger_4)
F(street_4 & F(p_traffic_cone_5 & F(intersection_6 & pd))),G (street_4 & p_traffic_cone_5 -> X (!p_traffic_cone_5 & intersection_6))
G!train_has_arrived | F(train_has_arrived & F(engine_stops | train_is_crossing)),F (train_has_arrived & F (engine_stops | train_is_crossing))
street_6 U intersection_8,G (!intersection_8 -> (street_6 U intersection_8))
G!(bar_is_up | elevator_is_open) | F((bar_is_up | elevator_is_open) & F bridge_closes),F (bar_is_up | elevator_is_open) & F (bar_is_up | elevator_is_open) U bridge_closes
G((sensor_gathers_information & train_stops) -> G(engine_breaks & sensor_retrieves_data)),G(sensor_retrieves_data & (G(train_stops & sensor_gathers_information -> F(engine_breaks))))
G!let_go_orange -> take_orange,G(!let_go_orange -> take_orange)
GF charger_2 & F(table_2 & F(p_plate_4 & F(pd & table_4))),G (p_plate_4 -> F charger_2)
park_4 U (photo & statue_9),G (park_4 U (photo & statue_9))
F going_to_flag & GF make_way_to_house,G(going_to_flag & F(make_way_to_house))
F photo_cyclist_northwest_3rd_avenue -> (!photo_cyclist_northwest_3rd_avenue U (change_light_west_yellow & !photo_cyclist_northwest_3rd_avenue)),G(photo_cyclist_northwest_3rd_avenue -> !photo_cyclist_northwest_3rd_avenue U change_light_west_yellow)
G((elevator_falls | manager_collect_claims) -> G!(car_starts | escalator_is_blocked)),G ((manager_collect_claims | elevator_falls) -> ! (escalator_is_blocked | car_starts))
G!(manager_handles_requests | motorbike_has_started) | F((manager_handles_requests | motorbike_has_started) & F sensor_gathers_information),F (manager_handles_requests | motorbike_has_started) & F sensor_gathers_information
record_gas_leak U avoid_nearest_flood,F (record_gas_leak & X G !avoid_nearest_flood)
G!park_3 & F(p_cone_2 & police_station_1 & F(intersection_2 & pd)),G ! (park_3 & p_cone_2 & police_station_1 & intersection_2)
G(train_derails -> F(constructor_instantiate_objects | manager_handles_requests)),train_derails & F (manager_handles_requests | constructor_instantiate_objects)
(photo_injured_civilian U go_home) | G photo_injured_civilian,G(photo_injured_civilian U go_home) | G(photo_injured_civilian)
GF(store_2 & F(p_crate_6 & F(building_5 & pd))),G (p_crate_6 -> F (building_5 & !store_2))
G((elevator_is_blocked & manager_collect_claims) -> F(car_stops & house_collapses)),(manager_collect_claims & elevator_is_blocked) -> F (house_collapses & car_stops)
F green_room,green_room
F obtain_apple & G have_apple,G(obtain_apple & G(have_apple))
G!drop_apple | F present_at_flag,G(!drop_apple | present_at_flag)
G!street_7 & F(store_9 & F(p_package_3 & F(house_1 & pd))),G(p_package_3 & store_9 & house_1 -> !street_7)
G!(manager_collect_claims | train_is_crossing) | F((manager_collect_claims | train_is_crossing) & F train_has_arrived),F (train_is_crossing | manager_collect_claims) & F train_has_arrived
F photo_jaywalker_north_9th_avenue -> (!photo_jaywalker_north_9th_avenue U (get_help & !photo_jaywalker_north_9th_avenue)),G(photo_jaywalker_north_9th_avenue -> !photo_jaywalker_north_9th_avenue W get_help)
F collect_apple U !F pick_up_anything,G (collect_apple -> (collect_apple U !pick_up_anything))
F(house_3 & F(p_pass_2 & F(office_2 & pd))) & (!street_5 U p_pass_2),G (house_3 -> (G (!street_5 U p_pass_2) & F (p_pass_2 & F office_2)))
F go_to_apple -> seize_apple,G(go_to_apple -> X seize_apple)
F(bench_4 & photo & G bench_4),F (bench_4 & photo & G (bench_4 & photo))
G(!(change_light_east_green & change_light_north_yellow) -> F record_jaywalker_northwest_1st_street),G(!(change_light_east_green | change_light_north_yellow) -> F(record_jaywalker_northwest_1st_street))
G!parking_lot_5 & F(car_3 & photo),G !(parking_lot_5 & photo & car_3)
G(!(deliver_elephant_loading_dock & get_help) -> F idle),G(!(deliver_elephant_loading_dock | get_help) -> F idle)
G!let_go -> G!let_go_apple,G(!let_go -> !let_go_apple)
G(train_has_arrived -> F(manager_handles_requests | motorbike_catches_fire)),F (train_has_arrived & F (manager_handles_requests | motorbike_catches_fire))
G!drop_apple | F reach_flag,G(!drop_apple | F(reach_flag))
FG building_9 & (!building_9 U street_6),G(!building_9 U street_6) & G(street_6 -> (G building_9))
F acquire_pear U F visit_house,G (acquire_pear U visit_house)
F go_by_flag -> put_in_apple_bucket,F (go_by_flag -> put_in_apple_bucket)
!let_go_orange U F snag_orange,G(!let_go_orange U snag_orange)
G!(house_is_built & sensor_captures_data) | F(house_is_built & sensor_captures_data & F(engine_stops & motorbike_falls_down)),F (house_is_built & sensor_captures_data & F (engine_stops & X motorbike_falls_down))
GF(area_51 & photo) & GF charger_4,G (photo & area_51) & G F charger_4
F venture_house U visit_tree,F (venture_house U visit_tree)
F(green_room & F red_room),F green_room & F red_room
F((green_room | red_room) & F blue_room),F (green_room | red_room) & F blue_room
F shift_to_flag -> visit_tree,G(shift_to_flag -> visit_tree)
G((bar_has_to_be_repaired & sensor_gathers_information) -> F semaphore_is_yellow),(bar_has_to_be_repaired & sensor_gathers_information) -> F semaphore_is_yellow
G((bar_is_closing & train_has_been_launched) -> G(car_starts | elevator_falls)),G(train_has_been_launched & bar_is_closing -> F(car_starts | elevator_falls))
area_5 U (store_2 & F(p_package_8 & F(house_9 & pd))),G(area_5 U (p_package_8 & store_2 & house_9))
GF deliver_toilet_shelf | X get_help,G(F deliver_toilet_shelf | X get_help)
F get_close_tree U F move_past_trash_can,F (get_close_tree U G (move_past_trash_can))
go_visit_flag | GF go_to_waste_basket,G F (go_to_waste_basket | go_visit_flag)
G((constructor_instantiate_objects | train_has_been_launched) -> F(sensor_gathers_information | table_has_been_moved)),(train_has_been_launched | constructor_instantiate_objects) -> F(sensor_gathers_information | table_has_been_moved)
F green_room & G!red_room,G (green_room -> !red_room)
G!drop_pear -> GF make_way_to_house,G(!drop_pear -> G(make_way_to_house))
GF go_to_pear | F collect_orange,G(F go_to_pear | (F collect_orange -> collect_orange))
G!(bar_is_closing | brake_is_pressed) | F((bar_is_closing | brake_is_pressed) & F bridge_closes),X (F (bar_is_closing | brake_is_pressed) & F bridge_closes)
gather_apple & F go_past_house,G(go_past_house & gather_apple)
GF(warehouse_4 & F(p_crate_8 & F(pd & store_8))) & GF charger_2,G((pd & p_crate_8 & warehouse_4 & store_8) & F(charger_2))
G((elevator_falls | elevator_is_blocked) -> G!(bar_is_up | sensor_retrieves_data)),G((elevator_is_blocked | elevator_falls) -> !((bar_is_up) | (sensor_retrieves_data)))
G!drop_orange U F stand_by_tree,G!drop_orange U stand_by_tree
F(kitchen_1 & F(p_bottle_2 & F(hall_2 & G hall_2))),G(!p_bottle_2 & !hall_2) & F(p_bottle_2 & kitchen_1) & F(hall_2 & G(hall_2))
change_light_west_yellow -> X((photo_car_southwest_5th_street U get_help) | G photo_car_southwest_5th_street),change_light_west_yellow -> (X (photo_car_southwest_5th_street U get_help) | G photo_car_southwest_5th_street)
G(train_derails -> F(bar_has_to_be_repaired | engine_breaks)),F (bar_has_to_be_repaired | (train_derails U engine_breaks))
G locality_5 & F(office_3 & F(p_package_5 & F(office_6 & pd))),G(p_package_5 -> (locality_5 U (office_6 & p_package_5)))
secure_apple | F reach_flag,G ( (F reach_flag | F secure_apple) )
F(plant_8 & F(p_box_5 & F(pd & store_6))),G (p_box_5 -> (plant_8 -> (F (store_6 & p_box_5))))
G(!(deliver_vase_loading_dock & get_help) -> F idle),G(!(get_help | deliver_vase_loading_dock) -> F idle)
G!sensor_gathers_information | F(sensor_gathers_information & F(engine_stops | semaphore_is_red)),F (sensor_gathers_information & F (semaphore_is_red | X engine_stops))
GF grab_tree | F got_to_house,G(F grab_tree | (got_to_house -> F grab_tree))
reach_house & F spend_time_at_tree,F reach_house & G spend_time_at_tree
G(avoid_inactive_gas_leak & photo_flood),G(avoid_inactive_gas_leak & !photo_flood)
F(blue_room & F green_room),F (green_room & F blue_room)
G move_around | F journey_by_house,G(move_around | F journey_by_house)
GF go_to_apple_trashcan U F make_to_flag,G F (go_to_apple_trashcan U make_to_flag)
F(landmark_9 & photo & G landmark_9),G (landmark_9 & photo)
G!bridge_closes | F(bridge_closes & F(car_starts & semaphore_is_broken)),F bridge_closes & F (car_starts & F semaphore_is_broken)
parking_lot_5 U (car_5 & photo),G (parking_lot_5 U (photo & car_5))
G!(elevator_rises | train_is_crossing) | F((elevator_rises | train_is_crossing) & F(motorbike_has_stopped & semaphore_is_red)),F ( (F (train_is_crossing | elevator_rises)) & (F (motorbike_has_stopped & semaphore_is_red)) )
G!(bar_is_up & house_is_open) | F(bar_is_up & house_is_open & F sensor_gathers_information),F (house_is_open & bar_is_up) & F sensor_gathers_information
F(park_7 & F(monument_4 & photo)),park_7 & F (photo & monument_4)
G move | F visit_house,G(move | F visit_house)
G((car_enters | engine_stops) -> G(engine_starts | train_is_crossing)),G ((engine_stops | car_enters) -> X (engine_starts | train_is_crossing))
(avoid_nearest_flood U record_unsafe_rescuer) | G avoid_nearest_flood,G(avoid_nearest_flood U record_unsafe_rescuer) | G(avoid_nearest_flood)
GF charger_1 & F(house_4 & F(box_4 & F(house_9 & pd))),G (box_4 & house_4 -> F (box_4 & house_9)) & G (box_4 & house_4 -> G F charger_1)
procure_apple U F journey_to_flag,procure_apple U journey_to_flag
GF(mall_5 & F(p_crate_8 & F(office_6 & pd))),G (pd & mall_5 & p_crate_8 & office_6)
G!building_2 & F(office_6 & p_letter_5),G(!building_2 & F p_letter_5)
F scoop_up_pear U GF go_to_waste_basket,G (scoop_up_pear -> (scoop_up_pear U (go_to_waste_basket & X go_to_waste_basket)))
get_to_tree | !let_go_pear,F get_to_tree | !F let_go_pear
G!street_3 & F building_4,G(building_4 -> !street_3)
G!parking_lot_5 & F(car_3 & photo),G !(parking_lot_5 & photo & car_3)
hold_pear | F get_apple,hold_pear | G(get_apple -> hold_pear)
G((escalator_is_blocked | manager_handles_requests) -> F(motorbike_falls_down & train_is_crossing)),F (motorbike_falls_down & train_is_crossing) U (manager_handles_requests | escalator_is_blocked)
grasp_orange | F visit_house,G(visit_house | grasp_orange)
building_4 U (room_43 & F(p_folder_3 & F(pd & room_12))),G (building_4 U (p_folder_3 & room_12))
F clutch_orange & GF grab_tree,G(clutch_orange & F G(grab_tree))
F visit_waste_basket U move_towards_trash_can,G (visit_waste_basket U move_towards_trash_can)
F get_apple | F take_possession_of_bear,G(get_apple | F take_possession_of_bear)
!G!(record_unstable_beam & X record_unstable_beam),G(record_unstable_beam | X(record_unstable_beam | X record_unstable_beam))
G!(elevator_is_blocked | escalator_speeds_up) | F((elevator_is_blocked | escalator_speeds_up) & F train_has_arrived),F ( (elevator_is_blocked | escalator_speeds_up) & F train_has_arrived )
G((engine_breaks | sensor_captures_data) -> G(bar_has_to_be_repaired | bar_is_up)),G (bar_has_to_be_repaired | (F (sensor_captures_data | engine_breaks) -> X bar_is_up))
F get_close_tree & F get_hold_of_orange,G(get_close_tree -> F get_close_tree) & G(get_hold_of_orange)
F go_by_house U F travel_by_tree,G(go_by_house -> F(travel_by_tree))
F red_room & G!yellow_room,G (yellow_room -> !F (red_room & !F yellow_room))
!photo_motorcycle_west_3rd_street U get_help,G(photo_motorcycle_west_3rd_street -> X(!photo_motorcycle_west_3rd_street U get_help))
F withold_apple | F capture_pear,G(withold_apple | capture_pear)
G!(escalator_is_blocked & train_has_been_launched) | F(escalator_is_blocked & train_has_been_launched & F bridge_closes),F(train_has_been_launched & escalator_is_blocked) & F(bridge_closes)
F got_to_house U take_to_trashcan,G(got_to_house -> (got_to_house U take_to_trashcan))
come_to_tree & F go_near_house,come_to_tree & G(go_near_house -> X come_to_tree)
F secure_pear -> F gather_pear,G (G secure_pear -> F gather_pear)
F deliver_cake_loading_dock -> (!deliver_cake_loading_dock U (!deliver_cake_loading_dock & search_cake)),G(deliver_cake_loading_dock -> !deliver_cake_loading_dock U search_cake)
F(store_2 & F(p_package_4 & F(house_4 & pd))),F (p_package_4 & store_2 & X F (p_package_4 & house_4))
GF(store_2 & F(p_crate_6 & F(building_5 & pd))),G (p_crate_6 & store_2 -> X (p_crate_6 & building_5))
F(photo & statue_7),statue_7 & photo
G((bridge_opens & constructor_creates_instances) -> G(car_starts | elevator_falls)),(bridge_opens & constructor_creates_instances) -> G(car_starts | elevator_falls)
take_pear U F be_at_house,take_pear U be_at_house
G!(escalator_speeds_up | house_collapses) | F((escalator_speeds_up | house_collapses) & F(brake_is_pressed | elevator_falls)),(escalator_speeds_up | house_collapses) & F (elevator_falls | brake_is_pressed)
pick_up_flag -> F acquire_pear,G(pick_up_flag -> F acquire_pear)
F avoid_active_debris -> (!avoid_active_debris U (!avoid_active_debris & communicate_injured_hostile)),G(avoid_active_debris -> !(!communicate_injured_hostile U avoid_active_debris))
get_help -> X((record_pedestrian_east_8th_street U change_light_north_yellow) | G record_pedestrian_east_8th_street),get_help -> (X (record_pedestrian_east_8th_street U change_light_north_yellow) | G record_pedestrian_east_8th_street)
G!let_go_orange | F go_to_house,G(!let_go_orange | F go_to_house)
F((blue_room | yellow_room) & F green_room),(blue_room | yellow_room) & (F green_room & G (!yellow_room U green_room))
F proceed_to_house | !F pick_up_anything,G ((proceed_to_house | !pick_up_anything) -> (proceed_to_house | !pick_up_anything))
F((blue_room | yellow_room) & F green_room),F (yellow_room | blue_room) & F green_room & G (!green_room -> (yellow_room | blue_room))
F present_at_flag | G!drop_apple,G (present_at_flag | !F drop_apple)
G((motorbike_catches_fire & semaphore_is_red) -> F train_derails),(motorbike_catches_fire & semaphore_is_red) -> F train_derails
!room_2 U (kitchen_1 & F(p_bottle_4 & F(pd & table_4))),G(!room_2 U (p_bottle_4 & X(table_4)))
G(table_has_been_moved -> G(semaphore_is_green -> F elevator_is_open)),table_has_been_moved -> G(semaphore_is_green -> F(elevator_is_open))
hold_apple U F scoop_up_apple,G(hold_apple U F(scoop_up_apple))
G!(train_derails & train_is_crossing) | F(train_derails & train_is_crossing & F(elevator_rises | table_is_brown)),F (train_derails & train_is_crossing) & F (table_is_brown | elevator_rises)
visit_tree & G have_apple,G(have_apple & visit_tree)
G((elevator_falls | elevator_rises) -> F(brake_is_pressed | escalator_moves)),F (brake_is_pressed | (elevator_rises U escalator_moves) | (elevator_falls U escalator_moves))
G!(motorbike_is_driven & table_has_been_moved) | F(motorbike_is_driven & table_has_been_moved & F(house_collapses & house_is_open)),F (table_has_been_moved & motorbike_is_driven) & F (house_collapses & F house_is_open)
F blue_room,F (blue_room & X blue_room)
G moving & F stop_by_house,G(moving & (stop_by_house -> X stop_by_house))
G move -> get_hold_of_pear,G(move -> F(get_hold_of_pear))
FG!deliver_aid_injured_victim,G F !deliver_aid_injured_victim
G((house_is_open | manager_collect_claims) -> G!(brake_is_released | train_has_been_launched)),!F((house_is_open | manager_collect_claims) U (brake_is_released | train_has_been_launched))
G!(car_stops & engine_stops) | F(car_stops & engine_stops & F bridge_closes),F (engine_stops & car_stops) & F (engine_stops & car_stops & F bridge_closes)
G((photo_vehicle_southeast_6th_avenue & X change_light_north_red) -> XX get_help),photo_vehicle_southeast_6th_avenue & X change_light_north_red -> XX get_help
pick_up_pear U G!drop_pear,pick_up_pear U !drop_pear
!G!(search_cake & X search_cake),G search_cake | X search_cake | XX search_cake
G!sensor_gathers_information | F(sensor_gathers_information & F bridge_closes),X (sensor_gathers_information & F bridge_closes)
G hold_onto_orange | F collect_orange,G hold_onto_orange | G (collect_orange -> X hold_onto_orange)
GF(mall_5 & F(p_crate_8 & F(office_6 & pd))),G (pd & mall_5 & p_crate_8 & office_6)
F record_person_north_1st_street -> (!record_person_north_1st_street U (photo_collision_southeast_10th_avenue & !record_person_north_1st_street)),G(record_person_north_1st_street -> !F(photo_collision_southeast_10th_avenue))
walk -> pick_up_fruit,G(walk -> pick_up_fruit)
G!(engine_stops & house_is_built & table_has_been_moved),G(!table_has_been_moved & !house_is_built & !engine_stops)
G!(bar_is_up | semaphore_is_yellow) | F((bar_is_up | semaphore_is_yellow) & F(bridge_opens | house_is_built)),X F (semaphore_is_yellow | bar_is_up) & F (house_is_built | bridge_opens)
G!sensor_gathers_information | F(sensor_gathers_information & F(sensor_retrieves_data & train_is_crossing)),G(sensor_gathers_information -> F(sensor_retrieves_data & train_is_crossing))
(!street_4 U intersection_6) & FG street_4,G(!street_4 U intersection_6) & G(intersection_6 -> G(street_4))
G!(brake_is_pressed & train_has_arrived) | F(brake_is_pressed & train_has_arrived & F bridge_closes),F (train_has_arrived & brake_is_pressed) & F bridge_closes
G((car_stops & elevator_is_blocked) -> F(motorbike_has_stopped | semaphore_is_yellow)),(car_stops & elevator_is_blocked) -> F (semaphore_is_yellow | motorbike_has_stopped)
G((bar_is_down & train_stops) -> G(escalator_speeds_up | motorbike_has_stopped)),(train_stops & bar_is_down) -> G(motorbike_has_stopped | escalator_speeds_up)
G locality_7 & F(office_4 & F(p_letter_1 & F(house_1 & pd))),G(locality_7 & (F(office_4 & p_letter_1) & F(house_1)))
G(get_help -> XG!idle),G(get_help -> G(!idle))
F(red_room & F green_room),F red_room & F (red_room U green_room)
get_help -> X((idle U deliver_horse_shelf) | G idle),get_help -> (X (idle U deliver_horse_shelf) | G idle)
F(street_5 & F house_4),G (house_4 -> F street_5)
capture_orange & F travel_by_tree,capture_orange & G(travel_by_tree -> capture_orange)
F venture_flag U F go_to_transh_can,G(venture_flag -> F(go_to_transh_can))
F(table_2 & F(p_brochure_9 & F(park_4 & G park_4))),F (p_brochure_9 & park_4 & G park_4)
F make_your_way_flag | G!drop_orange,G(make_your_way_flag | !drop_orange)
G(pickup_handbag -> XG!deliver_train_shelf),G(pickup_handbag -> G(!deliver_train_shelf))
G((sensor_gathers_information & train_stops) -> G(bar_has_to_be_repaired & bridge_opens)),G(bar_has_to_be_repaired & F(train_stops & F(bridge_opens & sensor_gathers_information)))
F(building_4 & photo & F(parking_lot_2 & G parking_lot_2)),G (photo & building_4) -> (F (photo & parking_lot_2) & G (parking_lot_2))
GF make_way_to_house & F journey_to_tree,G F make_way_to_house & G journey_to_tree
G((escalator_speeds_up | motorbike_has_started) -> G(bridge_opens & constructor_creates_instances)),(motorbike_has_started | escalator_speeds_up) -> G(bridge_opens & constructor_creates_instances)
G((semaphore_is_broken | train_has_arrived) -> G(bridge_opens & engine_stops)),((semaphore_is_broken | train_has_arrived) -> G(engine_stops & bridge_opens))
!building_1 U street_4,G (!building_1 U street_4)
G(semaphore_is_yellow -> G(escalator_speeds_up | motorbike_has_started)),G(motorbike_has_started | (semaphore_is_yellow U escalator_speeds_up))
G!let_go | F go_to_tree,G(!let_go | (go_to_tree -> F go_to_tree))
G stay | G hold_on_pear,G(stay | G hold_on_pear)
!let_go_pear | F withdraw_pear,!let_go_pear | G!withdraw_pear
!G!(record_jaywalker_west_10th_avenue & X record_jaywalker_west_10th_avenue),G(record_jaywalker_west_10th_avenue | X(record_jaywalker_west_10th_avenue | X record_jaywalker_west_10th_avenue))
F seize_orange -> F go_to_tree,G(seize_orange -> (F go_to_tree | !F go_to_tree))
F present_at_flag U venture_towards_house,F (present_at_flag U venture_towards_house)
G!(car_starts | train_derails) | F((car_starts | train_derails) & F(bar_has_to_be_repaired | table_is_old)),F (car_starts | train_derails) & F (table_is_old | bar_has_to_be_repaired)
(search_banana U pickup_bench) | G search_banana,G (F search_banana | (F search_banana U pickup_bench))
G((house_collapses | semaphore_is_green) -> G(bar_is_closing & train_has_been_launched)),G(train_has_been_launched & F((semaphore_is_green | house_collapses) -> bar_is_closing))
!let_go_pear & F visit_flag,G(visit_flag & !let_go_pear)
G!drop_pear -> F go_to_flag,G(!drop_pear -> G(go_to_flag))
G!sensor_gathers_information | F(sensor_gathers_information & F(manager_collect_claims | manager_handles_requests)),G(sensor_gathers_information -> F(manager_handles_requests | manager_collect_claims))
G((photo_cyclist_southwest_5th_avenue & X get_help) -> XX photo_pedestrian_south_5th_avenue),(photo_cyclist_southwest_5th_avenue & X get_help) -> XX photo_pedestrian_south_5th_avenue
G hold_onto_orange | F get_hold_of_orange,G(hold_onto_orange | F get_hold_of_orange)
communicate_injured_victim U communicate_safe_hostile,F (communicate_injured_victim & F (communicate_safe_hostile & !communicate_injured_victim))
!intersection_4 U street_5,G (!intersection_4 U street_5)
G(pickup_refrigerator -> XG!search_tie),G(pickup_refrigerator -> G(!search_tie))
G!(bar_has_to_be_repaired & sensor_retrieves_data) | F(bar_has_to_be_repaired & sensor_retrieves_data & F(bar_has_to_be_repaired & car_stops)),F (bar_has_to_be_repaired & sensor_retrieves_data) & F (bar_has_to_be_repaired & car_stops)
G((car_stops | table_is_brown) -> G!(manager_collect_claims & train_is_crossing)),(table_is_brown | car_stops) -> G!(train_is_crossing & manager_collect_claims)
G!(manager_collect_claims & semaphore_is_broken) | F(manager_collect_claims & semaphore_is_broken & F(bar_is_down | motorbike_falls_down)),F (manager_collect_claims & semaphore_is_broken & F (bar_is_down | motorbike_falls_down))
GF(locality_7 & photo) & G!park_3,G(locality_7 & photo & !park_3)
G(communicate_injured_victim -> XG!photo_unsafe_civilian),G(communicate_injured_victim -> G!photo_unsafe_civilian)
F journey_to_tree -> gather_apple,G(journey_to_tree -> gather_apple)
G((brake_is_released | sensor_captures_data) -> G(bridge_closes | bridge_opens)),G (bridge_closes | (F (sensor_captures_data | brake_is_released) -> X bridge_opens))
G(communicate_safe_rescuer -> F record_fire_source) -> GF deliver_aid_injured_victim,G((G(communicate_safe_rescuer -> F record_fire_source)) -> G F deliver_aid_injured_victim)
G hold_onto_orange | F let_go_apple,G(hold_onto_orange | F let_go_apple)
take_to_tree | G!let_go_apple,G!((let_go_apple) | (take_to_tree))
F(mall_5 & F(p_box_4 & F(house_1 & pd))),G (mall_5 & p_box_4 -> X (G !mall_5 & F (house_1 & p_box_4)))
!let_go_pear | F get_orange,G(get_orange | !let_go_pear)
G((car_stops & constructor_instantiate_objects) -> G!(escalator_moves | table_is_old)),G((car_stops & constructor_instantiate_objects) -> !(escalator_moves | table_is_old))
F change_light_west_yellow -> (!change_light_west_yellow U (!change_light_west_yellow & photo_collision_east_2nd_street)),G(change_light_west_yellow -> !photo_collision_east_2nd_street W change_light_west_yellow)
G(photo_safe_civilian -> XF avoid_probable_unstable_beam),G(photo_safe_civilian -> X(G(!avoid_probable_unstable_beam U F(avoid_probable_unstable_beam))))
capture_orange | GF go_to_pear,F capture_orange | G F go_to_pear
G((bar_has_to_be_repaired | escalator_moves) -> G(car_enters | train_has_arrived)),G ( (bar_has_to_be_repaired | escalator_moves) -> F (car_enters | train_has_arrived) )
G(communicate_safe_victim -> XG!record_gas_leak),G(communicate_safe_victim -> G(!record_gas_leak))
grab_hold_pear & F move_near_tree,grab_hold_pear & G(move_near_tree | !grab_hold_pear)
F(photo & statue_2) & (!statue_2 U park_5),G (photo <-> statue_2) & G (!statue_2 W park_5) & F (statue_2 & photo)
G((record_jaywalker_north_2nd_avenue & X change_light_west_yellow) -> XX get_help),(record_jaywalker_north_2nd_avenue & X change_light_west_yellow) -> XX get_help
(!garage_1 U photo) & F(landmark_5 & photo),G(!garage_1 U photo) & F(landmark_5 & photo)
G((bridge_closes | bridge_opens) -> G(bridge_opens & constructor_creates_instances)),(bridge_closes | bridge_opens) -> G(bridge_opens & constructor_creates_instances)
G!(bar_has_to_be_repaired & table_is_old) | F(bar_has_to_be_repaired & table_is_old & F(car_starts & escalator_moves)),(table_is_old & bar_has_to_be_repaired) & F(escalator_moves & X car_starts)
G!(car_starts & semaphore_is_green) | F(car_starts & semaphore_is_green & F(house_is_built & table_is_brown)),F (semaphore_is_green & car_starts) & F (table_is_brown & F house_is_built)
G((constructor_creates_instances | escalator_is_blocked) -> G(bridge_opens & constructor_creates_instances)),G (bridge_opens & F (constructor_creates_instances | escalator_is_blocked))
idle U get_help,G (idle -> X get_help)
locality_3 U office_4,G(!office_4 -> G(!locality_3))
G((engine_starts | motorbike_catches_fire) -> G!(motorbike_falls_down | semaphore_is_green)),G!((F(engine_starts | motorbike_catches_fire) -> (semaphore_is_green | motorbike_falls_down)))
FG!photo_pedestrian_south_5th_avenue,G F !photo_pedestrian_south_5th_avenue
F(plant_8 & F(p_box_5 & F(pd & store_6))),G (plant_8 & p_box_5 -> X F (store_6 & pd))
F record_collision_west_5th_street -> (!record_collision_west_5th_street U (!record_collision_west_5th_street & record_person_west_6th_street)),G(record_collision_west_5th_street -> !record_collision_west_5th_street U record_person_west_6th_street)
G((avoid_impending_gas_leak & X photo_unstable_beam) -> XX communicate_injured_rescuer),(avoid_impending_gas_leak & X photo_unstable_beam) -> XX communicate_injured_rescuer
F(arch_2 & photo & F(park_8 & G park_8)),F (photo & arch_2 & X (G park_8))
(park_5 U bench_4) & F(store_2 & F(p_bottle_5 & F(bench_4 & pd))),G(park_5 U (bench_4 & F(store_2 & p_bottle_5 & F(bench_4))))
GF go_to_pear -> F make_contact_flag,G F go_to_pear -> G (go_to_pear -> F make_contact_flag)
G!(manager_collect_claims & semaphore_is_broken) | F(manager_collect_claims & semaphore_is_broken & F bridge_closes),F (manager_collect_claims & semaphore_is_broken) & F bridge_closes
G((sensor_gathers_information & train_has_arrived) -> G(brake_is_released & semaphore_is_red)),G((train_has_arrived & sensor_gathers_information) -> G((semaphore_is_red & brake_is_released) -> F(train_has_arrived & sensor_gathers_information)))
GF charger_4 & GF(area_5 & photo),G (photo & area_5) -> G F charger_4
GF charger_2 & F(table_2 & F(p_plate_4 & F(pd & table_4))),G(charger_2) & G(p_plate_4)
building_4 U (room_43 & F(p_folder_3 & F(pd & room_12))),G (building_4 U (p_folder_3 & room_12))
G!(motorbike_has_stopped & semaphore_is_red) | F(motorbike_has_stopped & semaphore_is_red & F(sensor_retrieves_data | table_is_brown)),F (motorbike_has_stopped & semaphore_is_red & F (sensor_retrieves_data | table_is_brown))
!F pick_up_anything & GF go_to_pear,!pick_up_anything & G F go_to_pear
(!garage_1 U photo) & F(landmark_5 & photo),G (!garage_1 U (photo & landmark_5))
F(hospital_3 & p_bottle_4) & G!pharmacy_2,G(hospital_3 & p_bottle_4 & !pharmacy_2)
prop_1 -> G!prop_2,prop_1 <-> G!prop_2
prop_2 | ((prop_1 & prop_4) U prop_3),F((prop_1 & prop_4) U prop_3) | prop_2
F(prop_1 & F prop_2),G(prop_1 -> F prop_2)
!(prop_1 | G prop_2),!prop_1 | Gprop_2
G prop_1 -> F prop_2,G(prop_1) -> G(prop_2)
F(prop_1 | GF prop_2),F prop_1 | G prop_2
prop_1 | F prop_2,prop_1 | G prop_2
G(prop_1 -> (prop_2 | prop_3)),G(prop_1 -> (!prop_3 | prop_2))
prop_3 | !(prop_1 U prop_2),!((prop_1 U F prop_2) | prop_3)
(prop_2 <-> prop_3) & G prop_1,G(prop_3 <-> (prop_2 & prop_1))
prop_3 & (prop_4 <-> (prop_1 & prop_2)),(prop_2 & prop_1) <-> (prop_4 & prop_3)
(!prop_2 -> prop_1) -> F prop_3,!prop_2 -> (prop_1 & F prop_3)
prop_1 <-> (prop_4 | (prop_2 & prop_3)),prop_3 <-> ((prop_2 & prop_4) | prop_1)
F(prop_1 | F prop_2),F prop_1 | G (prop_2 -> prop_1)
F prop_1 -> F prop_2,G(prop_1 -> prop_2)
(prop_3 -> prop_2) <-> G prop_1,G((prop_3 & X prop_2) <-> G prop_1)
!prop_3 U (prop_1 | prop_2),G (!prop_1 U (prop_3 | prop_2))
(prop_3 -> prop_4) <-> (prop_1 <-> prop_2),((prop_3 -> (prop_4 & (prop_2 <-> prop_1))) <-> (prop_3 -> (prop_4 & (prop_2 <-> prop_1))))
G(!prop_1 | prop_2),G!prop_1 | prop_2
prop_1 & GF prop_2,prop_1 & G prop_2
G(F prop_1 & G!prop_2),G(prop_1) & G(!prop_2)
F prop_1 -> (prop_2 & prop_3),G(prop_1 -> (prop_2 & prop_3))
G((prop_1 & prop_3) -> (prop_2 & prop_4)),G((prop_1 & prop_3) -> (X(prop_2) & prop_4))
F prop_1,G prop_1
G((prop_1 | prop_2) -> (prop_4 U prop_3)),G ((prop_2 | prop_1) -> (F prop_4 U prop_3))
F(prop_1 | G prop_2),G(prop_1 | G prop_2)
G((prop_2 & prop_4) -> (prop_1 | prop_3)),G((prop_2 & prop_4) -> (prop_1 | X prop_3))
prop_1 & F prop_2,prop_1 & G prop_2
prop_3 | (prop_1 -> prop_2),prop_1 -> (F prop_2 | F prop_3)
!(prop_2 -> prop_1) -> prop_3,!((prop_1 -> X prop_2) -> prop_3)
prop_2 U prop_1,G (!prop_1 U prop_2)
prop_1 | prop_2 | prop_3,G ((prop_3 | prop_1) | prop_2)
G(prop_2 -> (prop_1 U prop_3)),prop_2 -> (prop_1 & G(prop_1 U prop_3))
prop_3 | G(!prop_1 -> prop_2),G(!prop_1 -> (prop_2 | prop_3))
(prop_1 & prop_2) U !prop_3,G((prop_2 & prop_1) -> ((prop_2 & prop_1) U !prop_3))
F(prop_2 & prop_3) -> prop_1,F (prop_2 & prop_3 & X prop_1)
(prop_2 -> prop_3) -> F prop_1,prop_2 -> (prop_3 U prop_1)
G!prop_1 -> F prop_2,G(!prop_1 -> Fprop_2)
G prop_1 -> (prop_2 & prop_3),G prop_1 -> G (prop_2 & prop_3)
F prop_1 -> prop_2,G(prop_1 -> F prop_2)
F(prop_1 U F prop_2),G(prop_1 U F prop_2)
G((prop_1 & prop_3) -> G prop_2),G((prop_1 & prop_3) -> prop_2)
G(!prop_1 & F prop_2),G(!prop_1) & G(prop_2)
G(!prop_1 | F prop_2),G!prop_1 | Fprop_2
F(prop_1 U prop_2),G(prop_1 U prop_2)
!prop_2 & (prop_1 <-> prop_3),prop_1 <-> prop_3 & !prop_2
(prop_1 -> prop_2) <-> (prop_3 -> prop_4),((prop_1 U prop_2) <-> (prop_3 U prop_4))
G((prop_1 & prop_4) -> !(prop_3 U prop_2)),G((!prop_1 & prop_4) -> !G(prop_3 U prop_2))
F(prop_1 & !F prop_2),G(prop_1 -> !prop_2)
prop_1 | GF prop_2,prop_1 | G prop_2
G((prop_1 | prop_2) -> G prop_3),G((prop_2 | prop_1) -> F prop_3)
G(prop_1 & F prop_2),G prop_1 & G (prop_2 -> X prop_2)
G(prop_1 -> (prop_2 & prop_3)),prop_1 -> G(!prop_3 & prop_2)
G(prop_1 | G prop_2),G prop_1 | G prop_2
F(prop_1 <-> prop_2) -> prop_3,F((prop_1 <-> prop_2) & prop_3)
prop_1 & !prop_2 & prop_3,G(!prop_2 & prop_1 & prop_3)
G((prop_2 | prop_4) -> (prop_1 | prop_3)),G ((prop_2 | prop_4) -> (X !prop_3 | prop_1))
G(F prop_1 & F prop_2),G(prop_1) & G(prop_2 -> X prop_2)
(prop_1 -> prop_4) U (prop_2 <-> prop_3),prop_1 -> (prop_4 U prop_3) <-> prop_2
(prop_3 -> prop_1) -> !prop_2,prop_3 -> (prop_1 -> !prop_2)
prop_2 & (prop_1 | G!prop_3),G((!prop_3 | prop_1) & prop_2)
prop_1 | !prop_2 | prop_3,G(!prop_2 | (prop_1 | prop_3))
prop_3 | F(prop_2 -> prop_1),F (prop_2 & X prop_1) | prop_3
(prop_1 -> prop_3) & G prop_2,G (prop_1 -> (prop_3 & G prop_2))
(prop_1 | prop_3) U !prop_2,G ((prop_3 | prop_1) -> ((prop_3 | prop_1) U !prop_2))
F(prop_1 & G prop_2),G(prop_1 -> G prop_2)
!(prop_2 & prop_3) U prop_1,G(!(prop_2 & prop_3) U prop_1)
F prop_3 -> (prop_1 -> prop_2),F prop_3 -> G (prop_1 -> prop_2)
G prop_3 -> (prop_1 -> prop_2),G(prop_3) -> G(prop_1 -> F(prop_2))
prop_1 U F prop_2,prop_1 U prop_2
F(prop_1 | prop_2),G((prop_1 | prop_2) -> (prop_1 | prop_2))
F(prop_2 & (prop_3 -> prop_1)),F (prop_3 -> (prop_1 & prop_2))
F(prop_1 | G!prop_2),G(prop_1 | !F prop_2)
!prop_3 & (prop_2 U prop_1),prop_2 -> (prop_2 U (prop_1 & !prop_3))
(prop_3 <-> prop_4) & (prop_2 U prop_1),G((prop_4 <-> prop_3) -> (prop_2 U prop_1))
prop_3 <-> !(prop_2 U prop_1),!((!prop_2) U prop_1) <-> prop_3
!prop_2 U (prop_1 <-> prop_3),!prop_1 U (prop_2 <-> prop_3)
(prop_1 | prop_3) U (prop_2 <-> prop_4),G ((prop_3 | prop_1) -> (prop_2 <-> prop_4))
(prop_2 -> !prop_1) & G prop_3,G((prop_1 -> !prop_2) & prop_3)
G prop_2 -> (prop_1 | prop_3),G prop_2 -> G (prop_1 | prop_3)
F prop_1 -> G prop_2,G(prop_1 -> G(prop_2))
G(prop_1 & prop_2),G prop_1 & prop_2
G(!(prop_2 | prop_3) -> prop_1),G(!((!prop_3) | (!prop_2)) -> prop_1)
prop_2 -> (prop_1 & prop_3),G(prop_2 -> (prop_3 & prop_1))
!prop_2 U prop_1,G(!prop_2 U prop_1)
!(prop_1 | GF prop_2),!prop_1 | G F prop_2
G((prop_2 & prop_3) -> GF prop_1),(prop_2 & prop_3) -> G prop_1
G(F prop_1 | F prop_2),G(prop_1) | G(prop_2 -> prop_1)
prop_3 | prop_4 | (prop_1 <-> prop_2),prop_1 <-> (prop_2 | prop_3 | prop_4)
(prop_1 | prop_3) U (prop_2 | prop_4),G ((prop_3 | prop_1) -> ((prop_3 | prop_1) U (prop_2 | prop_4)))
prop_2 <-> (prop_1 | prop_3 | prop_4),prop_3 <-> (prop_1 | prop_4 | prop_2)
prop_3 | (!prop_2 U prop_1),!prop_2 U (prop_1 | prop_3)
(prop_1 | prop_3) -> !prop_2,G ((prop_1 | prop_3) -> !prop_2)
(prop_3 <-> prop_4) & (prop_2 -> prop_1),prop_4 <-> prop_3 & prop_2 -> prop_1
(prop_1 | prop_2) U (prop_3 & prop_4),G F ((prop_1 | prop_2) & F (prop_4 & prop_3))
((prop_1 <-> prop_3) U prop_2) -> prop_4,G((prop_3 <-> prop_1) U prop_2) -> prop_4
F prop_1 -> !F prop_2,G(prop_1 -> !prop_2)
prop_1 & prop_3 & F prop_2,G(prop_3 & prop_1) & F(prop_2)
G(F prop_1 -> (prop_3 U prop_2)),F(prop_1) -> (prop_3 U prop_2)
prop_2 | prop_3 | G prop_1,G(prop_1 | prop_2 | prop_3)
G((prop_1 & prop_3) -> FG prop_2),(prop_3 & prop_1) -> F (prop_2 & G prop_2)
GF prop_1 -> prop_2,G(prop_1 -> F prop_2)
G(!prop_1 & prop_2),G!((prop_1) & (prop_2))
prop_3 | ((prop_1 | prop_4) -> prop_2),G ((prop_1 | prop_4) -> (F prop_2 | prop_3))
prop_2 & (!prop_3 -> prop_1),!prop_3 -> (prop_1 & prop_2)
(prop_1 U prop_3) U prop_2,prop_1 & X (prop_3 & X prop_2)
(!prop_2 -> prop_1) & G prop_3,G((!prop_1 -> prop_2) & prop_3)
!prop_2 | (prop_3 U prop_1),(prop_3 U prop_1) | G!prop_2
F(prop_1 & !prop_2),G(prop_1 -> !prop_2)
prop_1 -> F prop_2,G(prop_1 -> F(prop_2))
(prop_1 & prop_2) <-> G prop_3,G(prop_3 <-> (prop_1 & prop_2))
(!prop_2 -> !prop_1) & G prop_3,G((!prop_1 -> !prop_2) & prop_3)
prop_2 & (prop_3 -> prop_1),prop_3 -> (prop_1 & prop_2)
(prop_2 -> prop_3) -> prop_1,G((prop_2 -> prop_3) -> prop_1)
prop_3 & G(prop_1 & prop_2),G (prop_2 & prop_1 & prop_3)
(prop_1 & prop_3) -> G prop_2,G((prop_1 & prop_3) -> prop_2)
(prop_3 -> prop_2) -> G prop_1,G((prop_3 -> prop_2) -> G prop_1)
G(prop_1 | F prop_2),G prop_1 | F prop_2
!prop_2 U (prop_3 -> prop_1),G(!prop_2 U (prop_3 -> prop_1))
prop_3 & (prop_4 <-> (prop_2 U prop_1)),G((prop_2 U prop_1) <-> (prop_4 & prop_3))
prop_2 & (prop_1 <-> prop_3),prop_1 <-> (prop_3 & prop_2)
prop_1 | !(prop_2 & prop_3),!((prop_2 & prop_3) | prop_1)
F(prop_1 & G!prop_2),G(prop_1 -> !F prop_2)
!(prop_1 U prop_2) -> prop_3,!((prop_1 U prop_2) & G prop_1) -> prop_3
(prop_2 U prop_1) -> (prop_4 -> prop_3),G((prop_2 U prop_1) -> (prop_4 -> F prop_3))
prop_1 & prop_2 & (prop_3 U prop_4),prop_3 U (prop_4 & prop_1 & prop_2)
(prop_2 -> prop_1) & (prop_3 U prop_4),G(prop_3 U prop_4) & (prop_2 -> prop_1)
(prop_2 | prop_3) U (prop_1 -> prop_4),((prop_1 | prop_4) U (prop_2 -> prop_3))
prop_1 & F(prop_2 <-> prop_3),F((prop_2 <-> prop_3) & prop_1)
!(prop_1 & F prop_2),!prop_1 & Fprop_2
G(prop_1 & !prop_2),G prop_1 & ! prop_2
prop_2 | prop_4 | (prop_3 U prop_1),prop_3 U (prop_1 | prop_2 | prop_4)
G(prop_1 U prop_2),G prop_1 U prop_2
prop_3 & prop_4 & (prop_1 -> prop_2),prop_1 -> (prop_2 & prop_4 & prop_3)
GF prop_1 -> F prop_2,G(prop_1 -> F(prop_2))
G((prop_1 | prop_2) -> FG prop_3),(prop_1 | prop_2) -> F prop_3
!prop_3 | (G prop_2 -> prop_1),!prop_3 | (G prop_2 -> G prop_1)
prop_1 & !prop_3 & G prop_2,G(prop_2 & prop_1 & !prop_3)
prop_3 & G(prop_1 <-> prop_2),G((prop_1 <-> prop_2) & prop_3)
prop_1 | prop_2 | (prop_4 -> prop_3),prop_4 -> prop_3 | !prop_4 & prop_1 | !prop_4 & !prop_1 & prop_2
!prop_1 & prop_2 & prop_3,G(!prop_1 & F(prop_2 & prop_3))
G prop_1 -> (prop_2 <-> prop_3),G prop_1 -> G (prop_3 <-> prop_2)
(prop_2 U prop_1) -> prop_3,(prop_2 U prop_1) & X prop_3
(prop_3 -> prop_2) -> (prop_1 -> prop_4),prop_3 -> (prop_2 -> (prop_1 -> prop_4))
G(!prop_1 U prop_2),G!prop_1 U prop_2
F(prop_1 U G!prop_2),F prop_1 U G !prop_2
!(prop_1 | F prop_2),!prop_1 | G(prop_2 -> prop_2)
prop_1 | (prop_3 & (prop_2 | prop_4)),prop_4 | (prop_2 & prop_3) | prop_1
(prop_4 -> prop_2) & (prop_1 -> prop_3),prop_4 -> prop_2 & prop_1 -> prop_3
G(prop_2 -> prop_1) -> prop_3,G(prop_2 -> F prop_1) -> prop_3
G(!prop_1 | G!prop_2),G!prop_1 | G!prop_2
prop_3 | ((prop_2 <-> prop_4) U prop_1),G((prop_2 <-> prop_4) U prop_1 | prop_3)
prop_3 <-> (prop_4 & (prop_2 -> prop_1)),((prop_2 -> (prop_1 & prop_4)) <-> prop_3)
F prop_1 -> GF prop_2,G(prop_1 -> G(prop_2))
!prop_1 U (prop_2 & prop_3),G(!prop_1 U (prop_3 & prop_2))
G(prop_1 | prop_2),G prop_1 | prop_2
prop_1 | G(prop_2 & prop_3),G((prop_3 & prop_2) | prop_1)
G(!prop_1 U F prop_2),G!((!prop_1) U (prop_2))
(prop_1 -> prop_3) U (prop_2 | prop_4),prop_1 -> (prop_3 U (prop_4 | prop_2))
(prop_3 & G prop_2) -> !prop_1,G((G prop_2 & prop_3) -> !prop_1)
(prop_1 | prop_2 | prop_3) U prop_4,G((prop_3 | prop_2 | prop_1) U (F prop_4))
prop_2 & !(prop_3 U prop_1),!((prop_3 U prop_1) & prop_2)
G(prop_1 -> G prop_2),G(prop_1 -> F prop_2)
G((prop_1 & prop_2) -> !G prop_3),G((prop_2 & prop_1) -> X(prop_3 U !prop_3))
G!prop_1 -> prop_2,!G!prop_1 -> prop_2
!prop_1 -> (G prop_2 -> prop_3),!prop_1 -> G(prop_2 -> prop_3)
prop_4 & (prop_3 | (prop_1 -> prop_2)),prop_1 -> (F prop_2 | prop_3) & prop_4
(prop_1 <-> !prop_2) U prop_3,((!prop_2) <-> prop_1) U F prop_3
G((prop_1 U prop_3) -> FG prop_2),G (F prop_1 & (prop_3 U prop_1) -> F (prop_2 & G prop_2))
prop_1 <-> ((prop_2 | prop_3) U prop_4),G((prop_1 <-> F((prop_2 | prop_3) U prop_4)))
!(F prop_1 | F prop_2),!prop_1 | F prop_2
(prop_1 <-> prop_2) <-> G prop_3,G(prop_3 <-> (prop_1 <-> prop_2))
(prop_1 -> prop_2) <-> (prop_3 | prop_4),F(prop_4 | prop_3) -> G((prop_1 -> prop_2) <-> true)
prop_2 & prop_3 & G prop_1,G(prop_1 & prop_3 & prop_2)
prop_1 -> G prop_2,prop_1 <-> G prop_2
!(F prop_1 & F prop_2),!prop_1 & G(prop_2 -> prop_2)
prop_2 | !(prop_1 <-> prop_3),!(prop_3 <-> prop_1) -> prop_2
F prop_3 -> (prop_1 | prop_2),F prop_3 -> G (prop_3 -> (F prop_2 | F prop_1))
(prop_3 -> prop_1) & (prop_2 <-> prop_4),prop_3 -> prop_1 & (prop_2 <-> prop_4)
(prop_1 & prop_3 & prop_4) U prop_2,G((prop_4 & prop_3 & prop_1) U prop_2)
(prop_4 & (prop_2 | prop_3)) -> prop_1,((prop_2) | (prop_3 & prop_4)) -> prop_1
F prop_1 -> G!prop_2,prop_1 -> G!prop_2
F prop_1 -> !prop_2,G(prop_1 -> !prop_2)
G(F prop_1 U F prop_2),G(prop_1 U prop_2)
(prop_3 -> prop_1) U (prop_2 & prop_4),prop_3 -> (prop_1 U (prop_4 & prop_2))
prop_1 & (prop_2 U prop_3),prop_1 & G(prop_2 -> F prop_3)
prop_2 | G(prop_1 <-> prop_3),G((prop_1 <-> prop_3) | prop_2)
prop_2 -> ((prop_4 & prop_5) U (prop_1 & prop_3)),prop_2 & (prop_4 & prop_5) U (prop_3 & prop_1)
(prop_1 -> prop_4) <-> (prop_2 & prop_3),G((prop_2 & prop_3) <-> (prop_1 U prop_4))
prop_4 & ((prop_1 | prop_3) U prop_2),G((prop_1 | prop_3) U prop_2) & prop_4
(prop_2 -> prop_1) -> (prop_3 <-> prop_4),G((prop_2 -> prop_1) -> (prop_4 <-> prop_3))
!prop_3 | (F prop_1 -> prop_2),F prop_1 -> (F prop_2 | !F prop_3)
G(prop_1 | G!prop_2),G prop_1 | !F prop_2
(prop_1 -> prop_3) <-> F prop_2,prop_1 -> (prop_3 <-> F prop_2)
(prop_4 | (prop_1 U prop_2)) -> prop_3,G ( (F (prop_1 U prop_2)) | prop_4 ) -> prop_3
((prop_1 <-> prop_4) -> prop_3) U prop_2,((prop_1 <-> prop_4) -> (prop_3 U prop_2))
(prop_3 <-> prop_4) | (prop_1 -> prop_2),((prop_4 <-> prop_3) | prop_1) -> prop_2
prop_1 | F(prop_2 & prop_3),G (F (prop_3 & prop_2) | prop_1)
prop_2 & ((prop_1 -> prop_3) U prop_4),F(prop_1) -> (F(prop_3) & (prop_3 U F(prop_4)) & prop_2)
(prop_1 & !prop_2) | F prop_3,F prop_3 | G (!prop_2 & prop_1)
prop_2 & G(prop_3 -> prop_1),G (prop_3 -> (prop_1 & prop_2))
F(prop_1 | !prop_2),G(prop_1 | !prop_2)
prop_1 U !F prop_2,prop_1 U !prop_2
prop_1 | prop_2 | !prop_3,F (prop_2 | prop_1) | !prop_3
(prop_1 | (prop_3 -> prop_2)) U prop_4,G((F prop_3) -> ((prop_2 | prop_1) U prop_4))
prop_2 & G(prop_1 | prop_3),G(prop_1 | (F prop_3 & prop_2))
(prop_2 | !prop_3) U prop_1,G((F(!prop_3 | prop_2)) -> (G(!prop_1) U F(prop_1)))
(prop_2 -> prop_4) & G(prop_1 & prop_3),(prop_2 -> X prop_4) & G(prop_1 & prop_3)
(prop_1 <-> prop_4) U (prop_2 -> prop_3),G((prop_2 <-> prop_3) U (prop_1 & (prop_1 -> prop_4)))
prop_2 & ((prop_1 -> prop_3) -> prop_4),prop_1 -> (prop_3 & prop_4 & prop_2)
F(prop_1 | !F prop_2),G(prop_1 | !prop_2)
prop_1 & ((prop_3 <-> prop_4) U prop_2),prop_3 <-> (prop_4 U prop_2) & prop_1
(prop_1 -> prop_4) | (prop_2 -> prop_3),prop_1 -> prop_4 | prop_2 -> prop_3
(!prop_2 -> prop_3) <-> G prop_1,G(prop_1 <-> (!prop_2 -> prop_3))
prop_1 <-> (!prop_2 <-> prop_3),(!prop_2 <-> prop_3) & (prop_3 <-> prop_1)
G((prop_2 | prop_3) -> !F prop_1),G ((prop_3 | prop_2) -> prop_1)
!(prop_1 | prop_2),!prop_1 | prop_2
((prop_2 & prop_6) -> (prop_4 U prop_5)) & (prop_1 U !prop_3),(prop_2 & prop_6) -> ((prop_4 U prop_5) & (prop_1 U !prop_3))
prop_1 & prop_4 & (prop_2 | prop_3),prop_2 | prop_3 & prop_1 & prop_4
prop_3 | ((prop_2 -> prop_1) U prop_4),F(prop_2) -> ((prop_1) U (prop_4) | prop_3)
F(prop_1 U GF prop_2),F (prop_1 U G prop_2)
prop_1 & (prop_2 | prop_3 | prop_4),F (prop_3 | prop_4 | (prop_2 & prop_1))
prop_3 | ((prop_2 -> prop_4) -> prop_1),prop_2 -> (prop_4 -> (prop_1 | prop_3))
prop_4 & (prop_2 | (prop_3 U prop_1)),(prop_3 U prop_1) | (prop_2 & prop_4)
prop_3 & ((prop_2 U prop_4) -> prop_1),G((prop_2 U prop_4) -> (prop_1 & prop_3))
(prop_1 -> prop_2) U (prop_3 -> prop_4),G((prop_1 -> prop_2) U (prop_3 -> prop_4))
!prop_3 & (prop_2 <-> F prop_1),F (prop_1 <-> prop_2) & G (!prop_3 U (prop_1 <-> prop_2))
F photo_unsafe_person -> (!photo_unsafe_person U (photo_gas_leak & !photo_unsafe_person)),G(photo_unsafe_person -> !photo_unsafe_person U photo_gas_leak)
G(get_help -> XXX avoid_nearest_fire_source),G(get_help -> !avoid_nearest_fire_source & X(!avoid_nearest_fire_source) & XX(!avoid_nearest_fire_source) & XXX(avoid_nearest_fire_source))
put_in_apple_bucket & G!let_go_orange,G(!let_go_orange & !put_in_apple_bucket)
F(post_office_1 & F(p_lettter_2 & F(building_3 & pd))),F (pd & post_office_1 & p_lettter_2) & F (pd & building_3)
G((bridge_closes | train_has_arrived) -> F(semaphore_is_yellow & sensor_captures_data)),F ((bridge_closes | train_has_arrived) & sensor_captures_data & semaphore_is_yellow)
F(house_4 & F(p_stack_4 & F(street_2 & G street_2))),F (house_4 & p_stack_4) & G (house_4 & p_stack_4 -> F (street_2 & G street_2))
G(car_starts -> G(sensor_retrieves_data -> F motorbike_has_stopped)),car_starts -> (sensor_retrieves_data -> F motorbike_has_stopped)
F((red_room | yellow_room) & F blue_room),G (blue_room -> (yellow_room V red_room) U blue_room)
F contact_flag & F seize_orange,G contact_flag & G seize_orange
F blue_room & G!yellow_room,G (!yellow_room U blue_room)
F photo_unsafe_person -> (!photo_unsafe_person U (photo_gas_leak & !photo_unsafe_person)),G(photo_unsafe_person -> !photo_unsafe_person U photo_gas_leak)
G(get_help -> XXX avoid_nearest_fire_source),G(get_help -> !avoid_nearest_fire_source & X(!avoid_nearest_fire_source) & XX(!avoid_nearest_fire_source) & XXX(avoid_nearest_fire_source))
put_in_apple_bucket & G!let_go_orange,G(!let_go_orange & !put_in_apple_bucket)
F(post_office_1 & F(p_lettter_2 & F(building_3 & pd))),G (post_office_1 & p_lettter_2 -> F (pd & building_3))
G((bridge_closes | train_has_arrived) -> F(semaphore_is_yellow & sensor_captures_data)),F ((bridge_closes | train_has_arrived) & sensor_captures_data & semaphore_is_yellow)
F(house_4 & F(p_stack_4 & F(street_2 & G street_2))),F (house_4 & p_stack_4) & G (house_4 & p_stack_4 -> F (street_2 & G street_2))
G(car_starts -> G(sensor_retrieves_data -> F motorbike_has_stopped)),car_starts -> (sensor_retrieves_data -> F motorbike_has_stopped)
F((red_room | yellow_room) & F blue_room),G (blue_room -> (yellow_room V red_room) U blue_room)
F contact_flag & F seize_orange,G contact_flag & G seize_orange
F blue_room & G!yellow_room,G (!yellow_room U blue_room)
F(plant_8 & F(p_box_5 & F(pd & store_6))),G (plant_8 & p_box_5 -> F (store_6 & p_box_5))
GF idle | X get_help,G(idle) | X(get_help)
G(record_car_northwest_4th_street -> XG!get_help),G(record_car_northwest_4th_street -> G(!get_help))
pick_up_fruit & G!drop_orange,G(!drop_orange & !pick_up_fruit)
parking_lot_4 U car_5,G (!parking_lot_4 U car_5)
hold_on_to_pear & G!let_go_apple,G(hold_on_to_pear & !let_go_apple)
F get_help -> (!get_help U (deliver_umbrella_loading_dock & !get_help)),G(get_help -> !deliver_umbrella_loading_dock W get_help)
G(table_has_been_moved -> G(table_is_brown -> F engine_starts)),table_has_been_moved & G(table_is_brown -> F engine_starts)
!parking_lot_4 U building_8,G (!parking_lot_4 U building_8)
(!intersection_8 U street_3) & F locality_5,G (!intersection_8 U (street_3 & G locality_5))
(!building_3 U street_6) & F(store_3 & F(p_box_8 & F(house_2 & pd))),G (p_box_8 -> (!building_3 W street_6))
GF go_to_apple_trashcan | F clutch_orange,G F (go_to_apple_trashcan | clutch_orange)
G(get_help -> XF avoid_nearest_gas_leak),G(get_help -> X G(!avoid_nearest_gas_leak))
F get_to_flag U keep_apple,F (get_to_flag U keep_apple)
F travel_by_tree | G!let_go_apple,F (travel_by_tree | !let_go_apple)
!G!(deliver_frisbee_shelf & X deliver_frisbee_shelf),G deliver_frisbee_shelf | X (deliver_frisbee_shelf | X deliver_frisbee_shelf)
G((deliver_aid_safe_victim & X record_injured_person) -> XX deliver_aid_injured_hostile),G (deliver_aid_safe_victim & record_injured_person) -> (X (record_injured_person) -> XX deliver_aid_injured_hostile)
!room_2 U (kitchen_1 & F(p_bottle_4 & F(pd & table_4))),G (!room_2 U (kitchen_1 & p_bottle_4 & table_4))
FG!idle,G F !idle
GF(photo & statue_4) & GF charger_4,G(photo & statue_4) & G(charger_4)
F grab_orange | G touch_flag,G(grab_orange | G(touch_flag))
G(avoid_probable_flood -> XG!record_flood),G(avoid_probable_flood -> G(!record_flood))
G!(bridge_closes | escalator_is_blocked) | F((bridge_closes | escalator_is_blocked) & F(bridge_closes & train_has_arrived)),F (bridge_closes | escalator_is_blocked) & F (train_has_arrived & bridge_closes)
(!street_5 U store_1) & F(p_package_4 & store_1),!street_5 U (store_1 & p_package_4) & F (store_1 & p_package_4)
G!parking_lot_8 & F street_5,G(street_5 -> !parking_lot_8)
GF(storage_4 & F(p_crate_1 & F(office_2 & pd))),G (storage_4 & p_crate_1 -> X (office_2 & p_crate_1))
F record_unsafe_rescuer -> (!record_unsafe_rescuer U (communicate_injured_victim & !record_unsafe_rescuer)),G(record_unsafe_rescuer -> !record_unsafe_rescuer U communicate_injured_victim)
G!(sensor_retrieves_data | table_is_brown) | F((sensor_retrieves_data | table_is_brown) & F(manager_handles_requests & train_has_arrived)),F (sensor_retrieves_data | table_is_brown) & F (train_has_arrived & X manager_handles_requests)
secure_apple | G!drop_apple,G(!drop_apple & !secure_apple)
hold_pear & procure_apple,F (procure_apple & G hold_pear)
F start_going_to_tree & !F pick_up_anything,G(start_going_to_tree -> !pick_up_anything)
GF(area_9 & photo) & GF(camp_4 & F(p_ordnance_3 & F(camp_9 & pd))),G(photo & area_9) & G(p_ordnance_3 & camp_4 -> X(p_ordnance_3 & camp_9))
grasp_orange,F grasp_orange & F grasp_orange
venture_towards_house & F go_by_waste_basket,G (go_by_waste_basket & venture_towards_house)
F(green_room & F yellow_room),F (green_room & X yellow_room)
stop_by_flag | F get_to_cup,G(stop_by_flag | get_to_cup)
F walk_near_flag & F proceed_to_house,G(walk_near_flag & (proceed_to_house -> F walk_near_flag))
G(deliver_fire_hydrant_shelf -> F deliver_vase_loading_dock) -> GF idle,G((G(deliver_fire_hydrant_shelf -> F deliver_vase_loading_dock)) -> G F idle)
F(parking_lot_2 & F(p_cone_5 & F(pd & street_1))),G (!p_cone_5 & parking_lot_2) U (p_cone_5 & street_1)
G((bar_has_to_be_repaired | bar_is_up) -> G semaphore_is_yellow),G((bar_has_to_be_repaired | bar_is_up) -> (semaphore_is_yellow -> G semaphore_is_yellow))
F(house_1 & F(p_trash_can_4 & F(garbage_dump_3 & pd))),G (house_1 & p_trash_can_4 -> F (garbage_dump_3 & pd))
(!building_3 U street_6) & F(store_3 & F(p_box_8 & F(house_2 & pd))),G(!building_3 U street_6) & G(!p_box_8 U store_3) & G(p_box_8 U house_2) & G(p_box_8 -> (p_box_8 U house_2))
F(green_room & F blue_room),F (green_room & X blue_room)
F move_near_tree & G have_in_orange,G (move_near_tree -> G have_in_orange)
F(garage_4 & F(building_3 & G building_3)),F (garage_4 & !building_3 & G garage_4) & !building_3 U garage_4
GF(warehouse_3 & F(p_crate_4 & F(pd & store_9))) & GF charger_3,G (p_crate_4 & warehouse_3 & charger_3 & store_9)
G((bar_is_up & motorbike_has_stopped) -> G!(car_stops | house_collapses)),G ! ( (bar_is_up & motorbike_has_stopped) -> F (car_stops | house_collapses) )
F journey_to_house | GF go_to_waste_basket,G(journey_to_house | F(go_to_waste_basket & G(go_to_waste_basket)))
avoid_active_fire_source U go_home,G (!avoid_active_fire_source -> X (avoid_active_fire_source U go_home))
G!(bar_has_to_be_repaired & table_is_brown),G(!bar_has_to_be_repaired & table_is_brown)
!photo_car_southeast_1st_avenue U change_light_west_green,G (!photo_car_southeast_1st_avenue W change_light_west_green)
GF get_help -> GF record_motorcycle_southwest_8th_street,G(F get_help -> G F record_motorcycle_southwest_8th_street)
advance_to_tree | G moving,G(moving | advance_to_tree)
photo_car_east_5th_avenue -> X((photo_motorcycle_north_6th_street U get_help) | G photo_motorcycle_north_6th_street),photo_car_east_5th_avenue -> (X (photo_motorcycle_north_6th_street U get_help) | G photo_motorcycle_north_6th_street)
G moving | F move_near_tree,G(moving | F move_near_tree)
G!(brake_is_pressed | escalator_moves) | F((brake_is_pressed | escalator_moves) & F(semaphore_is_green & train_stops)),F (escalator_moves | (brake_is_pressed & F (semaphore_is_green & X train_stops)))
G(engine_stops & motorbike_has_started & train_stops),G (motorbike_has_started -> (engine_stops & train_stops))
F collect_orange | GF make_way_to_house,G(collect_orange | G(make_way_to_house))
G!(house_is_built & train_derails) | F(house_is_built & train_derails & F(bridge_opens | house_is_built)),F (train_derails & house_is_built & F (house_is_built | bridge_opens))
GF car_3 & F building_2,G(car_3 -> F(building_2)) & G(building_2 -> F(car_3))
take_to_tree & GF go_to_waste_basket,G (take_to_tree -> X (go_to_waste_basket & G (go_to_waste_basket)))
approach_tree | F pass_by_house,F (pass_by_house | approach_tree)
!let_go_orange & F go_to_transh_can,G !let_go_orange & F go_to_transh_can
F((green_room | yellow_room) & F red_room),F (green_room | yellow_room) -> F red_room
move_to_trash_can -> hold_apple,G (move_to_trash_can -> hold_apple)
GF(table_2 & F(p_brochure_8 & F(pd & street_9))) & GF charger_6,G (p_brochure_8 & table_2 & street_9 & charger_6)
G!bridge_closes | F(bridge_closes & F(motorbike_has_started | table_is_brown)),F (bridge_closes & F (table_is_brown | motorbike_has_started))
G((elevator_rises & train_is_crossing) -> F semaphore_is_yellow),G (elevator_rises & train_is_crossing) -> F semaphore_is_yellow
GF charging_station_9 & GF(warehouse_5 & F(p_crate_4 & F(mall_4 & pd))),G (p_crate_4 & warehouse_5 -> F (p_crate_4 & mall_4)) & G (p_crate_4 -> F charging_station_9)
GF(store_2 & F(p_crate_6 & F(building_5 & pd))),G (p_crate_6 & store_2 -> G (p_crate_6 -> F (p_crate_6 & building_5)))
GF charger_6 & GF(p_brochure_4 & table_4),G(charger_6) & G F(p_brochure_4)
G street_5 & GF(parking_lot_4 & photo),G(street_5 & photo)
FG building_9 & (!building_9 U street_6),!building_9 U street_6 & (street_6 U building_9) & G building_9
G!(motorbike_has_started | table_is_brown) | F((motorbike_has_started | table_is_brown) & F(bridge_closes | semaphore_is_broken)),F ((table_is_brown | motorbike_has_started) & F (bridge_closes | semaphore_is_broken))
G(get_help -> XXX go_home),G(get_help -> X(X(X(go_home)) & !X(go_home) & !X(X(go_home))))
G!parking_lot_5 & GF(car_9 & photo),G(!parking_lot_5 & photo)
take_to_tree & G go_by_trash_can,G (take_to_tree -> G go_by_trash_can)
G!(car_starts | train_derails) | F((car_starts | train_derails) & F(brake_is_pressed & motorbike_has_stopped)),F ( (car_starts | train_derails) & F (brake_is_pressed & F motorbike_has_stopped) )
G!(brake_is_pressed & train_stops) | F(brake_is_pressed & train_stops & F sensor_gathers_information),F (train_stops & brake_is_pressed) & F (F (train_stops & brake_is_pressed) & F sensor_gathers_information)
G!let_go_orange | F obtain_orange,G(!let_go_orange & !obtain_orange)
G!(brake_is_released & sensor_captures_data) | F(brake_is_released & sensor_captures_data & F(elevator_is_open | engine_stops)),F (brake_is_released & sensor_captures_data & F (elevator_is_open | engine_stops))
!get_help U deliver_aid_safe_hostile,G (!get_help -> !deliver_aid_safe_hostile)
!G!(get_help & X get_help),G(get_help | X(get_help | X(get_help)))
F(monument_3 & photo & F(pathway_8 & G pathway_8)),F (photo & monument_3) & G (pathway_8 -> X pathway_8) & F (pathway_8 & G pathway_8)
F go_by_waste_basket & F present_at_flag,G(go_by_waste_basket -> (present_at_flag -> X present_at_flag))
G!bridge_closes | F(bridge_closes & F(engine_starts | sensor_retrieves_data)),F (bridge_closes & F (sensor_retrieves_data | engine_starts))
G((bridge_opens & constructor_creates_instances) -> G(brake_is_released | motorbike_has_started)),G (brake_is_released | (G (bridge_opens & constructor_creates_instances) U motorbike_has_started))
G have_in_orange -> come_to_tree,G (have_in_orange -> X come_to_tree)
G((escalator_speeds_up | table_is_brown) -> G(engine_breaks | semaphore_is_yellow)),(table_is_brown | escalator_speeds_up) -> G(semaphore_is_yellow | engine_breaks)
GF search_spoon -> GF pickup_horse,G(F search_spoon -> G F pickup_horse)
G((car_enters & car_starts) -> F train_has_arrived),G (car_enters & car_starts) -> F train_has_arrived
G(house_collapses -> G(escalator_moves -> F semaphore_is_green)),G(house_collapses -> F(escalator_moves & F(semaphore_is_green)))
GF(landmark_21 & photo),G(photo & landmark_21)
FG parking_lot_3,G parking_lot_3
!building_8 U parking_lot_8,G (!building_8 U parking_lot_8)
G(sensor_retrieves_data -> G(engine_starts -> F train_stops)),G(sensor_retrieves_data -> X(G(!engine_starts) U (engine_starts & G(!engine_starts) U train_stops)))
photo_person_northwest_6th_avenue -> X((photo_pedestrian_west_3rd_avenue U photo_vehicle_west_7th_avenue) | G photo_pedestrian_west_3rd_avenue),photo_person_northwest_6th_avenue -> (X (photo_pedestrian_west_3rd_avenue U photo_vehicle_west_7th_avenue) | G photo_pedestrian_west_3rd_avenue)
FG street_2,G F street_2 & G (street_2 -> X street_2)
FG!get_help,G F !get_help
reach_house & GF grab_tree,G F (grab_tree & F reach_house)
F(store_3 & F(p_package_2 & F(house_2 & pd))) & G!mall_1,G(!mall_1) & F(store_3 & p_package_2) & F(pd & house_2)
G(elevator_rises -> G(house_is_open -> F house_collapses)),elevator_rises & G(house_is_open -> F house_collapses)
G!(manager_collect_claims | train_is_crossing) | F((manager_collect_claims | train_is_crossing) & F bridge_closes),F (train_is_crossing | manager_collect_claims) & F (bridge_closes & G !bridge_closes)
F present_at_flag | G!drop_apple,G (present_at_flag | !drop_apple)
G(!(go_home & record_unsafe_rescuer) -> F avoid_impending_unstable_beam),G (!(go_home | record_unsafe_rescuer) -> F avoid_impending_unstable_beam)
G!drop_orange | G hold_onto_orange,G(!drop_orange | G(hold_onto_orange))
F start_going_to_tree U get_hold_of_pear,G(start_going_to_tree -> (start_going_to_tree U get_hold_of_pear))
(photo_safe_victim U avoid_inactive_fire_source) | G photo_safe_victim,G(photo_safe_victim U avoid_inactive_fire_source) | G(photo_safe_victim)
G(!(get_help & record_person_north_3rd_avenue) -> F photo_car_southeast_7th_street),G (!(get_help | record_person_north_3rd_avenue) -> F photo_car_southeast_7th_street)
G!(bar_is_down & train_has_arrived) | F(bar_is_down & train_has_arrived & F(car_enters | motorbike_falls_down)),F (train_has_arrived & bar_is_down & F (car_enters | motorbike_falls_down))
venture_towards_house -> F go_by_waste_basket,G(venture_towards_house -> (F go_by_waste_basket))
GF charger_9 & GF(warehouse_8 & F(p_crate_2 & F(pd & store_2))),G(charger_9 & (p_crate_2 & warehouse_8 & X(store_2)))
F haul_pear | F get_pear,G(haul_pear | get_pear)
G((brake_is_released & train_derails) -> F(semaphore_is_red & sensor_retrieves_data)),G (train_derails & brake_is_released) -> F (semaphore_is_red & sensor_retrieves_data)
G!(bar_is_up & house_is_open) | F(bar_is_up & house_is_open & F(car_enters & engine_stops)),F (house_is_open & bar_is_up & F (car_enters & X engine_stops))
G((escalator_speeds_up | semaphore_is_broken) -> F train_has_arrived),G (escalator_speeds_up | semaphore_is_broken) -> F train_has_arrived
G!(bar_is_closing | brake_is_pressed) | F((bar_is_closing | brake_is_pressed) & F(motorbike_is_driven & table_has_been_moved)),F (bar_is_closing | brake_is_pressed) & G ((bar_is_closing | brake_is_pressed) -> F (table_has_been_moved & motorbike_is_driven))
G!bridge_closes | F(bridge_closes & F(escalator_moves | manager_collect_claims)),F (bridge_closes & F (escalator_moves | manager_collect_claims))
stop_by_flag & F get_hold_apple,G(get_hold_apple & stop_by_flag)
F blue_room & G!yellow_room,G (!yellow_room -> X (!yellow_room U blue_room))
deliver_skateboard_shelf -> X((deliver_fork_loading_dock U deliver_bowl_loading_dock) | G deliver_fork_loading_dock),deliver_skateboard_shelf -> (X (deliver_fork_loading_dock U deliver_bowl_loading_dock) | G deliver_fork_loading_dock)
F(photo & statue_2) & (!statue_2 U park_5),F photo & G (!statue_2 U park_5)
G!sensor_gathers_information | F(sensor_gathers_information & F(bar_is_up | elevator_is_open)),F (sensor_gathers_information & F (bar_is_up | elevator_is_open))
G moving | G have_in_orange,G(moving | have_in_orange)
GF go_to_apple_trashcan -> grab_hold_pear,G(go_to_apple_trashcan -> F(grab_hold_pear))
gather_apple | get_hold_of_pear,F (gather_apple | get_hold_of_pear)
!let_go_pear -> F track_towards_tree,G(!let_go_pear -> (track_towards_tree | X track_towards_tree))
F green_room & G!red_room,G(!red_room & F green_room)
(locality_1 U intersection_4) & F(warehouse_9 & F(p_package_5 & F(pd & store_2))),locality_1 & (p_package_5 & warehouse_9) U (intersection_4 & store_2)
(park_5 U bench_4) & F(store_2 & F(p_bottle_5 & F(bench_4 & pd))),G(park_5 U bench_4) & F(store_2 & p_bottle_5 & (G(!bench_4) U (bench_4 & p_bottle_5)))
G((manager_collect_claims & train_is_crossing) -> G!(motorbike_has_started & semaphore_is_red)),G (train_is_crossing & manager_collect_claims) -> G !(motorbike_has_started & semaphore_is_red)
G!(bar_is_closing | brake_is_pressed) | F((bar_is_closing | brake_is_pressed) & F train_has_arrived),F (bar_is_closing | brake_is_pressed) & F train_has_arrived
advance_to_tree | G hold_on_pear,F advance_to_tree | G hold_on_pear
G(sensor_captures_data -> F(brake_is_pressed | engine_stops)),sensor_captures_data -> F (brake_is_pressed | engine_stops)
(!street_4 U intersection_6) & FG street_4,!street_4 W (intersection_6 & (street_4 & G street_4))
G!bridge_closes | F(bridge_closes & F(bar_has_to_be_repaired | car_enters)),F (bridge_closes & F (car_enters | bar_has_to_be_repaired))
F go_home -> (!go_home U (communicate_injured_victim & !go_home)),G(go_home -> !communicate_injured_victim)
(deliver_aid_injured_rescuer U get_help) | G deliver_aid_injured_rescuer,G (deliver_aid_injured_rescuer U get_help) | G deliver_aid_injured_rescuer
F go_to_trash_can & F grasp_apple,G go_to_trash_can & G grasp_apple
F make_way_waste_basket | GF grab_tree,G(make_way_waste_basket | F G grab_tree)
F travel_to_flag U G!let_go_orange,G(travel_to_flag -> (travel_to_flag U !let_go_orange))
go_by_waste_bin & venture_towards_house,F (venture_towards_house & F go_by_waste_bin)
!F pick_up_anything & F venture_to_flag,G(!pick_up_anything & (!venture_to_flag -> X(!venture_to_flag)))
!get_help U record_jaywalker_northeast_9th_avenue,G (!get_help W record_jaywalker_northeast_9th_avenue)
GF(store_4 & F(p_box_2 & F(hall_8 & pd))),G (p_box_2 & store_4 -> X (p_box_2 & hall_8))
G((elevator_is_blocked & semaphore_is_green) -> F train_derails),F (semaphore_is_green & elevator_is_blocked & X F train_derails)
F collect_orange U approach_tree,G (collect_orange -> (collect_orange U approach_tree))
F(house_4 & F(p_stack_4 & F(street_2 & G street_2))),F (p_stack_4 & G street_2)
(!store_4 U street_6) & F(office_2 & F(p_package_8 & F(pd & store_4))),G (!store_4 U (street_6 & p_package_8))
!pickup_stop_sign U pickup_toilet,G (!pickup_stop_sign U pickup_toilet)
F(house_5 & F(p_box_4 & F(office_2 & pd))),G (house_5 & p_box_4 -> F (pd & office_2))
F travel_to_house | G!drop_orange,G(travel_to_house | !drop_orange)
move_to_house & take_to_tree,F (move_to_house & F take_to_tree)
GF avoid_inactive_unstable_beam | GF record_safe_person,G(!avoid_inactive_unstable_beam | GF record_safe_person)
(!intersection_1 U street_6) & F(street_2 & F(p_cone_3 & F(intersection_1 & pd))),G (!intersection_1 U street_6) & (street_6 -> X (p_cone_3 & street_2 & intersection_1))
G(car_enters & manager_collect_claims),G (car_enters -> F manager_collect_claims)
F deliver_cow_shelf -> (!deliver_cow_shelf U (!deliver_cow_shelf & search_backpack)),G(deliver_cow_shelf -> F!search_backpack)
F make_contact_flag | F start_going_to_tree,G(make_contact_flag | start_going_to_tree)
!let_go_pear | G!drop_pear,G(!let_go_pear & !drop_pear)
FG!record_vehicle_south_1st_avenue,G F !record_vehicle_south_1st_avenue
G(!(get_help & photo_debris) -> F deliver_aid_injured_rescuer),G (!(get_help | photo_debris) -> F deliver_aid_injured_rescuer)
grasp_orange & G!let_go_orange,G(!let_go_orange & !grasp_orange)
G!(sensor_captures_data & sensor_gathers_information) | F(sensor_captures_data & sensor_gathers_information & F(escalator_is_blocked | table_is_old)),F (sensor_captures_data & sensor_gathers_information & F (escalator_is_blocked | table_is_old))
F(photo & statue_6 & F(bench_4 & G bench_4)),G (photo & statue_6) -> (X (F (bench_4 & G bench_4)))
locality_6 U (store_8 & F(p_package_3 & F(house_5 & pd))),locality_6 U (p_package_3 & house_5)
!search_stop_sign U deliver_parking_meter_shelf,G (!search_stop_sign U deliver_parking_meter_shelf)
deliver_laptop_loading_dock U search_bed,F (deliver_laptop_loading_dock & X F search_bed)
G(engine_starts -> G(table_has_been_moved -> F train_has_been_launched)),G(table_has_been_moved -> F(train_has_been_launched))
F present_at_flag -> venture_towards_house,G(present_at_flag -> venture_towards_house)
G county_4 & GF(office_3 & F(p_package_4 & F(office_8 & pd))),G(county_4 & (p_package_4 <-> (office_3 | office_8)) & (pd <-> (office_3 & X(office_8))))
F venture_to_house | F reach_flag,G (F venture_to_house | F reach_flag)
F obtain_apple & F go_to_tree,F obtain_apple & G (go_to_tree -> obtain_apple)
F seize_orange U F journey_to_house,G(seize_orange U journey_to_house)
GF intersection_4 & F locality_9,G intersection_4 & F locality_9
F(photo & statue_6) & G park_5,F (statue_6 & photo & G park_5)
G!train_has_arrived | F(train_has_arrived & F(bar_is_up | semaphore_is_green)),F (train_has_arrived & F (semaphore_is_green | bar_is_up))
G((car_enters & car_starts) -> F(escalator_is_blocked | motorbike_has_stopped)),G (car_enters & car_starts) -> F (motorbike_has_stopped | escalator_is_blocked)
G((constructor_creates_instances & motorbike_has_stopped) -> F sensor_captures_data),F (motorbike_has_stopped & constructor_creates_instances & sensor_captures_data)
F((red_room | yellow_room) & F blue_room),G (blue_room -> (yellow_room V red_room))
G((bar_has_to_be_repaired | car_stops) -> G(elevator_falls & engine_starts)),G ((car_stops | bar_has_to_be_repaired) -> (elevator_falls & engine_starts))
F(photo & statue_6) & G park_5,G park_5 & F (statue_6 & F photo)
get_help U deliver_umbrella_shelf,F (get_help & F deliver_umbrella_shelf)
GF idle | X search_cake,G(idle) | X(search_cake)
G((get_help & X record_car_west_9th_avenue) -> XX photo_motorcycle_northwest_10th_avenue),(get_help & X record_car_west_9th_avenue) -> XX photo_motorcycle_northwest_10th_avenue
!get_help U search_hot_dog,G (!get_help -> !search_hot_dog) & G (get_help -> F search_hot_dog)
take_pear -> F gather_pear,G (take_pear -> F gather_pear)
G((escalator_speeds_up | motorbike_is_driven) -> G!(car_stops & engine_stops)),G ((motorbike_is_driven | escalator_speeds_up) -> !(car_stops & engine_stops))
G!sensor_gathers_information | F(sensor_gathers_information & F(bar_is_up & house_is_open)),F (sensor_gathers_information & F (house_is_open & bar_is_up))
F venture_flag -> move_to_trashcan,G(venture_flag -> F move_to_trashcan)
idle U search_scissors,G (idle -> X search_scissors)
G hold_onto_orange U F let_go_apple,G hold_onto_orange U let_go_apple
FG!deliver_traffic_light_shelf,G F !deliver_traffic_light_shelf
put_in_bin | F come_home,F (put_in_bin | come_home)
G((deliver_aid_safe_hostile <-> record_unsafe_rescuer) -> (deliver_aid_safe_hostile <-> photo_unsafe_victim)),G (record_unsafe_rescuer & deliver_aid_safe_hostile -> photo_unsafe_victim)
FG!pickup_apple,G F !pickup_apple
idle U get_help,G (idle -> X F get_help)
G((engine_breaks | table_has_been_moved) -> F(constructor_instantiate_objects & train_derails)),(engine_breaks | table_has_been_moved) -> F (train_derails & constructor_instantiate_objects)
F withhold_apple -> G!drop_apple,G(withhold_apple -> G(!drop_apple))
G((escalator_is_blocked & manager_collect_claims) -> G(bridge_opens | motorbike_has_started)),G (manager_collect_claims & escalator_is_blocked) -> G (bridge_opens | motorbike_has_started)
F gather_pear -> G touch_flag,G(gather_pear -> G(touch_flag))
G!(get_help & search_clock) & G(get_help | search_clock),G((!get_help <-> !search_clock) & (get_help | search_clock))
GF get_help | X record_injured_victim,F G get_help | X record_injured_victim
G!train_has_arrived | F(train_has_arrived & F(elevator_is_blocked & train_stops)),F train_has_arrived & F (train_stops & elevator_is_blocked)
!G!(change_light_west_red & X change_light_west_red),G(change_light_west_red | X(change_light_west_red | XX(change_light_west_red)))
pick_up_fruit & G!let_go_orange,G(!let_go_orange & !pick_up_fruit)
G!(bridge_closes & train_has_arrived) | F(bridge_closes & train_has_arrived & F(car_enters | motorbike_has_started)),F (train_has_arrived & bridge_closes & F (car_enters | motorbike_has_started))
G!let_go_apple U travel_to_waste_bin,G (!let_go_apple U travel_to_waste_bin)
G!drop_apple | GF go_to_waste_basket,G(!drop_apple) & !G F go_to_waste_basket
approach_trash_can -> F get_to_flag,G (approach_trash_can -> F get_to_flag)
F avoid_inactive_debris -> (!avoid_inactive_debris U (!avoid_inactive_debris & go_home)),G(avoid_inactive_debris -> !(!go_home U avoid_inactive_debris))
F(mall_5 & F(p_box_4 & F(house_1 & pd))),G (mall_5 -> (p_box_4 -> (X (p_box_4 & house_1))))
G!(bar_has_to_be_repaired | table_is_old) | F((bar_has_to_be_repaired | table_is_old) & F(manager_handles_requests & train_derails)),F (table_is_old | bar_has_to_be_repaired) & F (train_derails & manager_handles_requests)
F(office_5 & F(p_letter_4 & F(house_2 & pd))),G (office_5 & p_letter_4 -> F (house_2 & p_letter_4))
GF charger_4 & GF(area_5 & photo),G (photo & area_5) & G F charger_4
F((green_room | red_room) & F blue_room),G (blue_room -> (F (red_room | green_room) & G (!blue_room -> !red_room & !green_room)))
G locality_5 & F(office_3 & F(p_package_5 & F(office_6 & pd))),G(locality_5 & (p_package_5 & office_3 -> X(office_6 & p_package_5)))
park_4 U (photo & statue_9),G(park_4 U (photo & statue_9))
G!(car_stops | elevator_rises) | F((car_stops | elevator_rises) & F(bar_is_closing | motorbike_has_stopped)),F (elevator_rises | car_stops) & F (bar_is_closing | motorbike_has_stopped)
G!(motorbike_has_stopped & semaphore_is_red) | F(motorbike_has_stopped & semaphore_is_red & F sensor_gathers_information),F (motorbike_has_stopped & semaphore_is_red & F sensor_gathers_information)
come_to_tree U F visit_trash_bin,come_to_tree U visit_trash_bin
take_to_trash_can -> acquire_apple,G (take_to_trash_can -> X acquire_apple)
G((house_is_open | table_is_old) -> F(car_enters | escalator_moves)),(house_is_open | table_is_old) -> F (escalator_moves | car_enters)
F have_pear -> approach_trash_can,G(have_pear -> approach_trash_can)
G(search_bus -> XG!deliver_backpack_shelf),G(search_bus -> G(!deliver_backpack_shelf))
F((green_room | yellow_room) & F blue_room),G (blue_room -> (green_room | yellow_room) U blue_room)
G have_apple -> F touch_house,G(have_apple -> G(touch_house -> F have_apple))
G((manager_handles_requests & table_is_brown) -> F(brake_is_released | semaphore_is_red)),(manager_handles_requests & table_is_brown) -> F (brake_is_released | semaphore_is_red)
F journey_to_flag & F venture_to_waste_basket,G(journey_to_flag -> X journey_to_flag) & G(venture_to_waste_basket -> X venture_to_waste_basket)
G!(sensor_retrieves_data | train_has_been_launched) | F((sensor_retrieves_data | train_has_been_launched) & F(engine_stops & sensor_gathers_information)),F (sensor_retrieves_data | train_has_been_launched) & F (engine_stops & F sensor_gathers_information)
G!(house_4 & p_bottle_2),G(!house_4 & !p_bottle_2)
G(get_help -> XXX idle),G(get_help -> X X X idle & !X idle & !X X idle)
G locality_7 & F(office_4 & F(p_letter_1 & F(house_1 & pd))),G(locality_7 & (p_letter_1 -> (G(!house_1) U (house_1 & !p_letter_1))))
(!street_4 U intersection_2) & F(house_13 & p_trash_13),G (!street_4 W (intersection_2 & (G (!house_13 & !p_trash_13) U (house_13 & p_trash_13))))
GF charger_12 & GF(house_5 & F(p_box_1 & F(house_23 & pd))),G(charger_12 & (p_box_1 & house_5 & house_23))
G(record_jaywalker_west_5th_street -> F change_light_east_yellow) -> GF get_help,G((record_jaywalker_west_5th_street -> F change_light_east_yellow) -> G F get_help)
gather_apple -> F get_close_flag,G (gather_apple -> G (get_close_flag -> X get_close_flag))
G((semaphore_is_yellow & train_stops) -> G(bar_is_down & semaphore_is_red)),G((semaphore_is_yellow & train_stops) -> G((bar_is_down & semaphore_is_red) -> true))
G!train_has_arrived | F(train_has_arrived & F(escalator_moves & table_is_brown)),F (train_has_arrived & F (table_is_brown & escalator_moves))
G!(bar_is_closing | table_is_brown) | F((bar_is_closing | table_is_brown) & F(elevator_is_blocked | house_is_open)),F (bar_is_closing | table_is_brown) & F (elevator_is_blocked | house_is_open)
F bring_pear -> F reach_flag,G (reach_flag -> X (bring_pear))
G touch_flag -> GF go_to_pear,G(touch_flag -> G(go_to_pear))
!pickup_train U idle,G (!pickup_train W idle)
pick_up_orange U F go_to_trash_can,G (pick_up_orange U go_to_trash_can)
G!let_go & F journey_to_flag,G(!let_go & (journey_to_flag -> X(!let_go)))
GF pickup_book | X get_help,G(pickup_book) | X(get_help)
pickup_hair_drier -> X((search_sink U pickup_handbag) | G search_sink),pickup_hair_drier -> (X search_sink U pickup_handbag) | G search_sink
!let_go_orange & !let_go_pear,G(!let_go_pear & !let_go_orange)
take_apple U F grasp_apple,take_apple U grasp_apple
F(table_9 & F(p_brochure_3 & F(park_2 & pd))),G (table_9 & p_brochure_3 -> F (park_2 & pd))
secure_apple | G!drop_apple,G(!drop_apple & !secure_apple)
G(elevator_rises -> G(brake_is_pressed -> F elevator_falls)),G(elevator_rises -> (brake_is_pressed -> F elevator_falls))
G!train_has_arrived | F(train_has_arrived & F(motorbike_catches_fire & semaphore_is_red)),F (train_has_arrived & F (motorbike_catches_fire & X semaphore_is_red))
park_8 U (monument_2 & photo & F(bench_5 & G bench_5)),G(park_8 U (photo & monument_2)) & F((photo & monument_2) & G(bench_5))
GF(intersection_4 & photo),G(photo & intersection_4)
G!(engine_breaks | manager_handles_requests) | F((engine_breaks | manager_handles_requests) & F sensor_gathers_information),F (engine_breaks | (manager_handles_requests & X F sensor_gathers_information))
G!park_3 & F(p_cone_2 & police_station_1 & F(intersection_2 & pd)),G !park_3 & F (police_station_1 & p_cone_2 & X (G (!intersection_2) U (intersection_2 & pd)))
!park_9 U (gate_7 & photo),G !(park_9 & !gate_7 & !photo)
G!train_has_arrived | F(train_has_arrived & F(bar_is_up & house_is_open)),F (train_has_arrived & F (house_is_open & bar_is_up))
F(street_4 & F(p_traffic_cone_5 & F(intersection_6 & pd))),G (street_4 & p_traffic_cone_5 -> X (pd & street_4 & p_traffic_cone_5 & X (intersection_6 & p_traffic_cone_5)))
drop_pear -> F journey_by_flag,G (drop_pear -> G (journey_by_flag -> journey_by_flag))
G((sensor_captures_data | train_is_crossing) -> G!(bar_is_closing | elevator_is_open)),G ((sensor_captures_data | train_is_crossing) -> !(elevator_is_open | bar_is_closing))
venture_towards_house | G!drop_apple,G(!drop_apple & !venture_towards_house)
(!parking_lot_4 U street_5) & F(parking_lot_4 & G parking_lot_4),!parking_lot_4 U (street_5 & parking_lot_4) & G (street_5 & parking_lot_4 -> X G parking_lot_4)
F(street_5 & F(building_2 & G building_2)),F (street_5 & G !building_2) & G (!building_2 -> !street_5) & F (building_2 & G building_2)
G!sensor_gathers_information | F(sensor_gathers_information & F(bridge_opens & escalator_speeds_up)),F (sensor_gathers_information & F (escalator_speeds_up & bridge_opens))
move_to_trash_can & travel_to_tree,F travel_to_tree & F move_to_trash_can
!park_5 U intersection_4,G (!park_5 U intersection_4)
!let_go_pear | move_towards_trash_can,G(!let_go_pear & !move_towards_trash_can)
F yellow_room & G!blue_room,G (!yellow_room U (blue_room & !yellow_room)) -> G !yellow_room
going_to_tree & seize_apple,F (seize_apple & going_to_tree)
G((get_help & X record_safe_rescuer) -> XX go_home),(get_help & X record_safe_rescuer) -> XX go_home
G!(manager_handles_requests & train_derails) | F(manager_handles_requests & train_derails & F(escalator_is_blocked & sensor_captures_data)),F (train_derails & manager_handles_requests) & F (escalator_is_blocked & sensor_captures_data)
park_8 U (monument_2 & photo & F(bench_5 & G bench_5)),G(park_8 U (photo & monument_2)) & G((photo & monument_2) -> (X (G(bench_5))))
F!photo_car_northwest_10th_avenue,G F !photo_car_northwest_10th_avenue
G!sensor_gathers_information | F(sensor_gathers_information & F(brake_is_pressed & train_stops)),F (sensor_gathers_information & F (train_stops & X brake_is_pressed))
GF(car_1 & photo) & G!parking_lot_9,G(photo & car_1 & !parking_lot_9)
drop_pear | G have_in_orange,G (have_in_orange | drop_pear)
F steal_apple -> F proceed_to_flag,G(steal_apple -> F(proceed_to_flag))
G!drop_apple -> F get_close_flag,!drop_apple <-> F get_close_flag
F get_help -> (!get_help U (!get_help & search_kite)),G(get_help -> !search_kite W get_help)
F get_hold_orange U acquire_orange,G (get_hold_orange -> (get_hold_orange U acquire_orange))
F(store_2 & F(p_package_4 & F(house_4 & pd))),G (p_package_4 & store_2 -> X (p_package_4 & house_4))
F(store_3 & F(p_package_2 & F(house_2 & pd))) & G!mall_1,G !mall_1 & F (store_3 & p_package_2) & F (house_2 & p_package_2)
G(change_light_west_yellow -> F get_help) -> GF record_pedestrian_southwest_2nd_avenue,G((G(change_light_west_yellow -> F get_help)) -> G F record_pedestrian_southwest_2nd_avenue)
hold_apple & G have_apple,G(hold_apple & have_apple)
F travel_to_trash_can -> F visit_house,G(travel_to_trash_can -> F visit_house)
G(search_microwave -> F idle) -> GF pickup_boat,G((search_microwave -> F idle) -> G F pickup_boat)
F!photo_collision_southwest_4th_avenue,G F !photo_collision_southwest_4th_avenue
GF(storage_4 & F(p_crate_1 & F(office_2 & pd))),G (p_crate_1 & storage_4 -> X (p_crate_1 & !storage_4 & !office_2 U (p_crate_1 & office_2)))
F(p_crate_4 & F(park_1 & pd & G park_1)),F (p_crate_4 & X (park_1 & pd & G park_1))
G touch_flag & F go_to_trash_receptacle,G touch_flag & G (go_to_trash_receptacle -> X touch_flag)
G!train_has_arrived | F(train_has_arrived & F(escalator_is_blocked & sensor_captures_data)),F (train_has_arrived & F (escalator_is_blocked & sensor_captures_data))
(!street_4 U intersection_2) & F(house_13 & p_trash_13),G (house_13 & p_trash_13 -> (!street_4 U intersection_2))
change_light_north_yellow -> X((record_vehicle_west_5th_street U photo_cyclist_northwest_1st_avenue) | G record_vehicle_west_5th_street),change_light_north_yellow -> (X (record_vehicle_west_5th_street U photo_cyclist_northwest_1st_avenue) | G record_vehicle_west_5th_street)
G((escalator_is_blocked & house_is_open) -> G!(car_starts & motorbike_has_stopped)),G ! ( (escalator_is_blocked & house_is_open) & (motorbike_has_stopped & F car_starts) )
F green_room & G!red_room,G (!red_room U green_room)
F yield_pear -> go_to_orange,G (yield_pear -> X go_to_orange)
GF go_to_waste_basket | F come_home,G(go_to_waste_basket) | F(come_home)
go_to_orange | procure_apple,F (procure_apple | go_to_orange)
G!(car_starts & semaphore_is_red) | F(car_starts & semaphore_is_red & F bridge_closes),F (car_starts & semaphore_is_red & F bridge_closes)
F withold_apple -> F seize_pear,G(withold_apple -> F seize_pear)
pick_up_fruit | stop_by_flag,F (pick_up_fruit | stop_by_flag)
F(park_5 & F(monument_3 & photo)),G (park_5 -> X (F (photo & monument_3)))
photo_collision_southwest_5th_avenue U GF get_help,G (photo_collision_southwest_5th_avenue <-> (photo_collision_southwest_5th_avenue V (F G get_help)))
drop_pear & G moving,G(moving & F drop_pear)
F blue_room,G blue_room
G((brake_is_released | train_has_been_launched) -> G!(bridge_closes | table_has_been_moved)),G ((brake_is_released | train_has_been_launched) -> !(bridge_closes | table_has_been_moved))
F(photo & statue_7),G (statue_7 -> X photo)
F(shop_1 & F(p_bottle_3 & F(hospital_2 & pd))),G (shop_1 -> (p_bottle_3 & (G (!hospital_2) U hospital_2)))
G(pickup_wine_glass -> F idle) -> GF get_help,G((G(pickup_wine_glass -> F idle)) -> G F get_help)
advance_to_tree | !let_go_orange,G(advance_to_tree | !let_go_orange)
G((car_starts | train_derails) -> F(engine_stops | semaphore_is_red)),(car_starts | train_derails) -> F (semaphore_is_red | engine_stops)
F(plant_8 & F(p_box_5 & F(pd & store_6))),G (plant_8 & p_box_5 -> X (F (store_6 & pd) & ! (store_6 & pd) U (store_6 & pd)))
G!(engine_breaks | manager_handles_requests) | F((engine_breaks | manager_handles_requests) & F(constructor_creates_instances | elevator_is_blocked)),F ( (engine_breaks | manager_handles_requests) & F (constructor_creates_instances | elevator_is_blocked) )
F(red_room & F blue_room),G (red_room -> X (blue_room))
collect_pear -> move_to_tree,G (collect_pear -> move_to_tree)
G hold_on_pear & F migrate_to_tree,G(hold_on_pear & F migrate_to_tree)
(!intersection_8 U street_3) & F locality_5,!intersection_8 W street_3 & F locality_5
venture_towards_house | G!drop_apple,G(!drop_apple & !venture_towards_house)
GF(photo & street_3),G(street_3 -> photo)
G!(bar_is_down & table_is_brown) | F(bar_is_down & table_is_brown & F(elevator_rises & house_is_open)),F (table_is_brown & bar_is_down & F (house_is_open & elevator_rises))
GF parking_lot_4 & F(car_5 & F(p_document_4 & F(car_6 & pd))),G(parking_lot_4 & (car_5 -> X car_6) & p_document_4)
F(blue_room & F yellow_room),G (blue_room -> F yellow_room)
G((record_jaywalker_south_3rd_avenue & X get_help) -> XX change_light_east_yellow),(record_jaywalker_south_3rd_avenue & X get_help) -> XX change_light_east_yellow
G go_by_trash_can & F get_close_tree,G go_by_trash_can & G (get_close_tree -> X go_by_trash_can)
!park_6 U p_pass_4,G (!park_6 U p_pass_4)
!G!(deliver_aid_injured_victim & X deliver_aid_injured_victim),G deliver_aid_injured_victim | X deliver_aid_injured_victim | XX deliver_aid_injured_victim
F(house_3 & F(p_pass_2 & F(office_2 & pd))) & (!street_5 U p_pass_2),G (house_3 -> (G (!street_5) U p_pass_2) & (p_pass_2 -> (G (!street_5) U office_2)))
G!(house_is_open | motorbike_is_driven) | F((house_is_open | motorbike_is_driven) & F(bridge_closes | semaphore_is_broken)),F (house_is_open | motorbike_is_driven) & F (bridge_closes | semaphore_is_broken)
go_by_waste_bin | venture_towards_house,F (venture_towards_house | go_by_waste_bin)
G((semaphore_is_broken | train_has_arrived) -> G semaphore_is_yellow),G ((semaphore_is_broken | train_has_arrived) -> semaphore_is_yellow)
G!let_go_orange -> procure_apple,G(!let_go_orange -> F procure_apple)
G!drop_orange | F travel_to_house,G(!drop_orange | (travel_to_house -> G(!drop_orange)))
G touch_flag U F walk_to_flag,G(touch_flag U (walk_to_flag & touch_flag))
F(warehouse_3 & F(p_package_2 & F(house_1 & pd & photo))),F (warehouse_3 & p_package_2 & pd & F (house_1 & photo))
!room_4 U building_4,!room_4 W building_4
(record_collision_north_5th_street U get_help) | G record_collision_north_5th_street,G(record_collision_north_5th_street U get_help) | G(record_collision_north_5th_street)
G(semaphore_is_yellow -> G(bar_is_down & train_stops)),G (semaphore_is_yellow -> X (bar_is_down & train_stops))
GF(area_2 & photo),G(area_2 & photo)
GF grab_tree | F stop_by_house,G(grab_tree | F stop_by_house)
F touch_house | F let_go_apple,G (let_go_apple -> touch_house)
GF(building_5 & photo) & GF charger_4,G(photo & building_5 & charger_4)
G(get_help -> F search_handbag) -> GF idle,G((get_help -> F search_handbag) -> G F idle)
take_pear -> G!let_go_orange,G(take_pear -> !F let_go_orange)
G!(engine_breaks | semaphore_is_yellow) | F((engine_breaks | semaphore_is_yellow) & F sensor_gathers_information),F (engine_breaks | semaphore_is_yellow) & F sensor_gathers_information
!let_go_pear | F visit_trash_bin,G(!let_go_pear | (visit_trash_bin -> let_go_pear))
G((bar_is_closing & escalator_moves) -> G(sensor_gathers_information & train_stops)),G ( (escalator_moves & bar_is_closing) -> X (train_stops & sensor_gathers_information) )
F present_at_flag U F reach_flag,G(present_at_flag -> (present_at_flag U reach_flag))
F(bench_4 & photo & G bench_4),F (bench_4 & photo & G (bench_4 & photo))
G(car_stops & engine_breaks & house_is_built),G(house_is_built -> (engine_breaks & car_stops))
GF parking_lot_4 & F(car_5 & F(p_document_4 & F(car_6 & pd))),G F parking_lot_4 & F (car_5 & F (p_document_4 & F car_6))
"F(""p_crate_4 "" & F(""park_1 "" & pd & G park_1))","F (pd & ""p_crate_4 "" & F (park_1 & pd & G park_1))"
F record_car_west_1st_street -> (!record_car_west_1st_street U (get_help & !record_car_west_1st_street)),G(record_car_west_1st_street -> !record_car_west_1st_street W get_help)
!let_go_orange & F got_to_house,G(got_to_house & !let_go_orange)
G!(bar_is_closing | table_is_brown) | F((bar_is_closing | table_is_brown) & F train_has_arrived),F (bar_is_closing | table_is_brown) & F train_has_arrived
deliver_bowl_shelf U deliver_clock_loading_dock,G (deliver_bowl_shelf -> X (deliver_bowl_shelf U deliver_clock_loading_dock))
!let_go_pear | F spend_time_at_tree,G (spend_time_at_tree | !let_go_pear)
!G!(idle & X idle),G (idle | (X idle & XX idle))
F(green_room & F yellow_room),G (yellow_room -> (green_room U yellow_room))
F green_room,green_room
G!drop_pear | F go_to_house,G(!drop_pear | F go_to_house)
GF(store_2 & F(p_crate_6 & F(building_5 & pd))),G (p_crate_6 & store_2 -> X (p_crate_6 & building_5))
G!(escalator_is_blocked | table_is_old) | F((escalator_is_blocked | table_is_old) & F train_has_arrived),F (escalator_is_blocked | (table_is_old & F train_has_arrived))
F pickup_zebra -> (!pickup_zebra U (pickup_dog & !pickup_zebra)),G(pickup_zebra -> !pickup_zebra W pickup_dog)
G area_2 & GF(building_8 & photo),G(area_2 & (building_8 -> X photo))
going_to_tree | G have_apple,G (have_apple | going_to_tree)
G(avoid_probable_fire_source -> XG!avoid_probable_gas_leak),G(avoid_probable_fire_source -> G(!avoid_probable_gas_leak))
F snag_orange -> keep_apple,G(snag_orange -> X keep_apple)
FG!record_motorcycle_south_9th_street,G F !record_motorcycle_south_9th_street
G(!(get_help & search_hair_drier) -> F search_tv_monitor),G(!(get_help | search_hair_drier) -> F search_tv_monitor)
G!parking_lot_5 & F(car_3 & photo),G !(photo & car_3 & parking_lot_5)
G(!(get_help & photo_person_west_6th_avenue) -> F change_light_west_red),G (!(get_help | photo_person_west_6th_avenue) -> F change_light_west_red)
G(train_has_arrived -> F(bar_is_up & motorbike_has_started)),F (bar_is_up & (motorbike_has_started & (train_has_arrived U motorbike_has_started)))
G(train_has_arrived -> F(sensor_gathers_information | train_derails)),F (sensor_gathers_information | (train_has_arrived & X train_derails))
G(pickup_sandwich -> F get_help) -> GF idle,G((G(pickup_sandwich -> F get_help)) -> G F idle)
G!drop_apple | F venture_to_house,G(!drop_apple | F venture_to_house)
!let_go_pear | G go_by_trash_can,G(!let_go_pear | !go_by_trash_can)
F start_going_to_house U F stop_by_house,G(start_going_to_house -> (start_going_to_house U stop_by_house))
F venture_flag -> approach_trash_can,G(venture_flag -> approach_trash_can)
get_help U GF record_vehicle_southwest_7th_avenue,G (get_help U (F G record_vehicle_southwest_7th_avenue))
G!(car_starts & semaphore_is_broken) | F(car_starts & semaphore_is_broken & F(escalator_moves & table_is_brown)),F (car_starts & semaphore_is_broken) & F (table_is_brown & X escalator_moves)
GF(building_5 & photo) & GF charger_4,G (photo & building_5) & G F charger_4
F get_close_flag U pick_up_flag,G (get_close_flag -> (get_close_flag U pick_up_flag))
G((car_starts | escalator_is_blocked) -> G!(escalator_moves | table_is_old)),G ((escalator_is_blocked | car_starts) -> ! (escalator_moves | table_is_old))
F go_near_house & G hold_on_pear,G(go_near_house -> F(hold_on_pear)) & G(hold_on_pear)
F((green_room | yellow_room) & F blue_room),F ( (green_room | yellow_room) & X (F blue_room) )
F gather_pear -> going_to_tree,F (gather_pear & going_to_tree)
G((elevator_is_blocked & escalator_is_blocked) -> G(motorbike_has_stopped | semaphore_is_yellow)),G ( (elevator_is_blocked & escalator_is_blocked) -> F (motorbike_has_stopped | semaphore_is_yellow) )
building_9 U (room_2 & F(p_bottle_3 & F(pd & room_6))),G (building_9 U (p_bottle_3 & room_2 & X (room_6)))
FG building_9 & (!building_9 U street_6),G building_9 & G (!building_9 U street_6)
F move_past_trash_can U F start_going_to_tree,G (move_past_trash_can -> (move_past_trash_can U start_going_to_tree))
pick_up_flag | GF go_to_waste_basket,F pick_up_flag | G F go_to_waste_basket
F blue_room & G!yellow_room,G (!yellow_room U blue_room) & G (blue_room -> !X yellow_room)
F(pd & F parking_lot_2),X (pd & F parking_lot_2)
G((bar_is_closing & train_is_crossing) -> F sensor_captures_data),G (bar_is_closing & train_is_crossing) -> F sensor_captures_data
GF grab_tree | F move_near_tree,G (grab_tree | (move_near_tree -> X (grab_tree | move_near_tree)))
G!(manager_collect_claims | sensor_retrieves_data) | F((manager_collect_claims | sensor_retrieves_data) & F sensor_gathers_information),F (sensor_retrieves_data | manager_collect_claims) & F sensor_gathers_information
go_to_orange & F steal_apple,G (steal_apple & go_to_orange -> X (steal_apple & go_to_orange))
GF(warehouse_3 & F(p_crate_4 & F(pd & store_9))) & GF charger_3,G F (warehouse_3 & p_crate_4) & G F (store_9 & p_crate_4) & G F charger_3
G((engine_starts | motorbike_catches_fire) -> G!(escalator_is_blocked | motorbike_has_started)),(engine_starts | motorbike_catches_fire) -> G(!(escalator_is_blocked | motorbike_has_started))
G!let_go_orange U F advance_to_house,G (!let_go_orange U advance_to_house)
collect_pear | G!drop_orange,G(!drop_orange & !collect_pear)
G((elevator_rises | semaphore_is_yellow) -> F(semaphore_is_red & sensor_retrieves_data)),((elevator_rises | semaphore_is_yellow) -> F (semaphore_is_red & sensor_retrieves_data))
idle -> X((get_help U search_frisbee) | G get_help),idle -> (X (get_help U search_frisbee) | G get_help)
G((change_light_west_green <-> record_car_northeast_4th_street) -> (change_light_east_red <-> record_car_northeast_4th_street)),G ((change_light_west_green & record_car_northeast_4th_street) -> (record_car_northeast_4th_street & change_light_east_red))
move_to_trashcan | F make_way_waste_basket,G (make_way_waste_basket | move_to_trashcan)
F(bedroom_2 & F(p_bottle_3 & F(kitchen_4 & pd))),G (bedroom_2 & p_bottle_3 -> F (pd & kitchen_4))
G(!(deliver_aid_safe_victim & photo_flood) -> F communicate_injured_hostile),G (!(photo_flood | deliver_aid_safe_victim) -> F communicate_injured_hostile)
G!sensor_gathers_information | F(sensor_gathers_information & F(brake_is_released | car_stops)),F sensor_gathers_information & F (car_stops | brake_is_released)
GF grab_tree | F track_towards_tree,G F (grab_tree | track_towards_tree)
G!bridge_closes | F(bridge_closes & F(elevator_rises | train_is_crossing)),G (bridge_closes -> F (train_is_crossing | elevator_rises))
snatch_up_pear & F lay_hold_of_apple,G (lay_hold_of_apple & snatch_up_pear)
grip_apple | GF go_to_apple_trashcan,G F (go_to_apple_trashcan | grip_apple)
F secure_pear | G hold_onto_orange,G (secure_pear | G hold_onto_orange)
G(deliver_aid_injured_hostile -> X avoid_probable_fire_source),G(deliver_aid_injured_hostile -> X(!avoid_probable_fire_source))
G have_in_orange | F get_to_flag,G have_in_orange | G (get_to_flag -> X have_in_orange)
park_2 U (monument_13 & photo),park_2 W (photo & monument_13)
G!(escalator_moves | manager_collect_claims) | F((escalator_moves | manager_collect_claims) & F(sensor_captures_data & sensor_gathers_information)),F (escalator_moves | manager_collect_claims) & F (sensor_captures_data & F sensor_gathers_information)
G!(engine_stops & sensor_gathers_information) | F(engine_stops & sensor_gathers_information & F train_has_arrived),F(engine_stops & sensor_gathers_information & F(train_has_arrived))
F(park_5 & F(monument_3 & photo)),G (park_5 -> (X (F (photo & monument_3) & !park_5)))
G go_by_trash_can | F journey_to_flag,G(go_by_trash_can | F journey_to_flag)
G moving -> F get_to_flag,G (moving -> (moving U get_to_flag))
G((bar_is_closing | elevator_is_open) -> G!(constructor_instantiate_objects & escalator_speeds_up)),G ((elevator_is_open | bar_is_closing) -> ! (constructor_instantiate_objects & escalator_speeds_up))
(photo_person_north_9th_street U photo_jaywalker_east_5th_street) | G photo_person_north_9th_street,G(photo_person_north_9th_street U photo_jaywalker_east_5th_street) | G(photo_person_north_9th_street)
G!street_7 & F(store_9 & F(p_package_3 & F(house_1 & pd))),G (p_package_3 & store_9 & !house_1 -> !street_7)
hold_orange U F visit_waste_basket,hold_orange U visit_waste_basket
G!park_3 & F(monument_3 & photo),G (photo & monument_3 -> !park_3)
F grasp_apple U F grasp_pear,G(grasp_apple -> (grasp_apple U (G(grasp_pear -> (grasp_pear U grasp_apple)))))
F procure_pear | G!let_go_orange,G(procure_pear | !let_go_orange)
G((elevator_is_open & train_has_been_launched) -> G(semaphore_is_green | sensor_retrieves_data)),(elevator_is_open & train_has_been_launched) -> G(semaphore_is_green | sensor_retrieves_data)
G!drop_apple | F present_at_flag,G(!drop_apple | F present_at_flag)
G!drop_apple & F bring_pear,G(!drop_apple & F bring_pear)
G!parking_lot_8 & F street_5,G !(parking_lot_8 & F street_5)
G!parking_lot_5 & F(car_3 & photo),G !(parking_lot_5 & photo & car_3)
move_towards_trash_can | F visit_house,G(visit_house | move_towards_trash_can)
G((engine_stops | train_stops) -> F(constructor_creates_instances & escalator_moves)),F (constructor_creates_instances & (engine_stops | train_stops) U escalator_moves)
venture_towards_house | F go_by_waste_basket,F venture_towards_house | F go_by_waste_basket
F go_by_house U grasp_orange,F (go_by_house U grasp_orange)
F proceed_to_tree & GF make_way_to_house,G(proceed_to_tree -> G(make_way_to_house))
F make_to_flag U reach_house,F (make_to_flag U reach_house)
F journey_to_flag | F reach_tree,G(journey_to_flag | F reach_tree)
F((red_room | yellow_room) & F green_room),F (green_room & (G !green_room U (yellow_room | red_room)))
GF(area_4 & photo) & GF(area_3 & photo),G(photo & area_4) & G F(photo & area_3)
come_to_tree | snatch_up_pear,F (snatch_up_pear | come_to_tree)
!G!(search_surfboard & X search_surfboard),G(search_surfboard | X(search_surfboard | X search_surfboard))
G!(constructor_creates_instances | elevator_is_blocked) | F((constructor_creates_instances | elevator_is_blocked) & F bridge_closes),F (constructor_creates_instances | elevator_is_blocked) & F bridge_closes
GF charger_1 & F(house_4 & F(box_4 & F(house_9 & pd))),G F charger_1 & F (house_4 & box_4 & F (house_9 & pd))
move_to_trash_can -> F go_to_house,G(move_to_trash_can -> (F go_to_house))
F get_close_tree U F steal_apple,G(get_close_tree -> (!steal_apple U steal_apple))
F blue_room & G!yellow_room,G ( (blue_room | yellow_room) -> ( (blue_room & !yellow_room) U (blue_room & !yellow_room) ) ) & G ( !yellow_room -> ( !blue_room U blue_room ) )
!get_help U change_light_north_yellow,G (!get_help W change_light_north_yellow)
F journey_by_flag | F lay_hold_of_apple,G journey_by_flag | F lay_hold_of_apple
G!(escalator_moves & table_is_brown) | F(escalator_moves & table_is_brown & F bridge_closes),F (table_is_brown & escalator_moves) & F bridge_closes
G(!(get_help & search_potted_plant) -> F deliver_cat_shelf),G (!(get_help | search_potted_plant) -> F deliver_cat_shelf)
F stop_by_house U grab_hold_pear,G(stop_by_house U grab_hold_pear)
collect_pear & F go_to_trash_bin,G(go_to_trash_bin & collect_pear)
G!drop_orange & F get_close_tree,G(!drop_orange & (get_close_tree -> X(!drop_orange)))
F get_to_cup -> F going_to_house,F (get_to_cup & (going_to_house -> get_to_cup))
F pickup_cell_phone -> (!pickup_cell_phone U (!pickup_cell_phone & pickup_motorbike)),G(pickup_cell_phone -> !pickup_cell_phone W pickup_motorbike)
F(house_1 & F(p_trash_can_4 & F(garbage_dump_3 & pd))),G(house_1 -> (p_trash_can_4 -> X(garbage_dump_3)))
deliver_aid_injured_victim U GF go_home,G (deliver_aid_injured_victim U (F G go_home))
G!avoid_probable_debris,G avoid_probable_debris
GF(store_4 & F(p_box_2 & F(hall_8 & pd))),G (p_box_2 & store_4 -> X (p_box_2 & (p_box_2 U (p_box_2 & hall_8))))
G!street_5 & F(house_2 & p_box_4),G !(street_5 & p_box_4)
travel_to_tree U F proceed_to_tree,G(travel_to_tree U proceed_to_tree)
G!(bar_has_to_be_repaired | table_is_old) | F((bar_has_to_be_repaired | table_is_old) & F(escalator_moves | manager_collect_claims)),F (table_is_old | bar_has_to_be_repaired) & F (escalator_moves | X manager_collect_claims)
advance_to_tree -> F journey_by_flag,G(advance_to_tree -> (journey_by_flag | X(!journey_by_flag & advance_to_tree)))
F green_room & G!yellow_room,F green_room & G (!green_room -> !yellow_room)
F get_help -> (!get_help U (!get_help & record_pedestrian_southwest_4th_street)),G(get_help -> !record_pedestrian_southwest_4th_street W get_help)
F(blue_room & F green_room),F (blue_room & X green_room)
avoid_inactive_gas_leak -> X((record_flood U photo_gas_leak) | G record_flood),avoid_inactive_gas_leak -> X (record_flood U photo_gas_leak) | G record_flood
G!drop_apple | F reach_flag,G(!drop_apple | (reach_flag -> G(!drop_apple)))
drop_orange -> GF go_to_pear,G (drop_orange <-> G F go_to_pear)
F((red_room | yellow_room) & F blue_room),F ( (yellow_room | red_room) & X F blue_room )
F(office_3 & F(p_document_1 & F(street_2 & G street_2))),F (office_3 & p_document_1) & F (street_2 & G street_2)
F get_close_tree | G!drop_pear,G (get_close_tree | !drop_pear)
!room_2 U (kitchen_1 & F(p_bottle_4 & F(pd & table_4))),G(!room_2 U (kitchen_1 & p_bottle_4 & table_4))
G(constructor_instantiate_objects -> G(engine_starts -> F train_has_arrived)),G(engine_starts -> F(train_has_arrived))
acquire_apple U F make_contact_with_house,acquire_apple U make_contact_with_house
G!(constructor_creates_instances & train_has_been_launched) | F(constructor_creates_instances & train_has_been_launched & F(motorbike_has_stopped | train_is_crossing)),F (constructor_creates_instances & train_has_been_launched & F (train_is_crossing | motorbike_has_stopped))
F change_light_south_yellow -> (!change_light_south_yellow U (!change_light_south_yellow & record_collision_southwest_6th_avenue)),G(change_light_south_yellow -> !F(record_collision_southwest_6th_avenue))
G((bridge_closes | motorbike_is_driven) -> F(brake_is_released | train_is_crossing)),F (brake_is_released | (X (motorbike_is_driven | bridge_closes) U train_is_crossing))
move_to_tree & G hold_onto_orange,F move_to_tree & G hold_onto_orange
G((elevator_falls | train_derails) -> F(house_is_built | motorbike_falls_down)),(elevator_falls | train_derails) -> F (house_is_built | motorbike_falls_down)
locality_6 U (store_8 & F(p_package_3 & F(house_5 & pd))),locality_6 U (p_package_3 & store_8 & house_5)
G!(motorbike_has_started & semaphore_is_yellow) | F(motorbike_has_started & semaphore_is_yellow & F(car_enters & table_is_brown)),F (motorbike_has_started & semaphore_is_yellow) & F (car_enters & table_is_brown)
F journey_by_flag | G!drop_orange,G(journey_by_flag | !drop_orange)
G have_apple & F visit_flag,G have_apple & G F visit_flag
G((motorbike_falls_down & semaphore_is_red) -> G!(bar_is_down & train_has_been_launched)),G !((motorbike_falls_down & semaphore_is_red) -> F (bar_is_down & train_has_been_launched))
FG!idle,G F !idle
G!(elevator_falls & train_has_arrived) | F(elevator_falls & train_has_arrived & F sensor_gathers_information),F (train_has_arrived & elevator_falls) & F (elevator_falls & X F sensor_gathers_information)
G((pickup_knife & X deliver_snowboard_loading_dock) -> XX get_help),X(pickup_knife & deliver_snowboard_loading_dock) -> XX(get_help)
G((escalator_speeds_up | motorbike_catches_fire) -> G(bar_is_down & brake_is_pressed)),G ((motorbike_catches_fire | escalator_speeds_up) -> X (brake_is_pressed & bar_is_down))
F(pickup_sandwich & search_carrot),F (search_carrot & F pickup_sandwich)
G county_4 & GF(office_3 & F(p_package_4 & F(office_8 & pd))),G(county_4 & (p_package_4 <-> (office_3 | office_8)) & (G F (office_3 & p_package_4) & G F (office_8 & p_package_4)))
G(deliver_tennis_racket_shelf -> XF deliver_bench_loading_dock),G(deliver_tennis_racket_shelf -> X G(deliver_bench_loading_dock))
G!avoid_probable_flood,G avoid_probable_flood
drop_pear | G!drop_orange,G(drop_pear | !drop_orange)
!G!(deliver_aid_injured_rescuer & X deliver_aid_injured_rescuer),G deliver_aid_injured_rescuer | X deliver_aid_injured_rescuer | XX deliver_aid_injured_rescuer
deliver_aid_safe_rescuer U GF photo_debris,G (deliver_aid_safe_rescuer -> (deliver_aid_safe_rescuer U (F G photo_debris)))
F visit_trash_bin | G!drop_orange,G(visit_trash_bin | !drop_orange)
G(train_derails -> F(brake_is_pressed & house_is_built)),G(train_derails -> X(brake_is_pressed & house_is_built))
G!drop_apple | F get_hold_orange,G(!drop_apple & !get_hold_orange)
hold_on_to_pear U F procure_orange,hold_on_to_pear U procure_orange
go_to_bucket | move_to_tree,F (go_to_bucket | move_to_tree)
G touch_flag | F journey_by_house,G(touch_flag | (journey_by_house -> touch_flag))
F idle -> (!idle U (deliver_skateboard_loading_dock & !idle)),G(idle -> !deliver_skateboard_loading_dock W idle)
take_apple -> move_to_trash_can,G (take_apple -> X move_to_trash_can)
approach_tree & pick_up_fruit,F (approach_tree & F pick_up_fruit)
G!(motorbike_has_started | motorbike_has_stopped) | F((motorbike_has_started | motorbike_has_stopped) & F(escalator_is_blocked | train_has_arrived)),F (motorbike_has_stopped | motorbike_has_started) & F (train_has_arrived | escalator_is_blocked)
F(store_6 & F(p_box_1 & F(house_9 & pd))) & F(intersection_5 & G intersection_5),G ( (store_6 & p_box_1) -> F (house_9 & p_box_1) ) & G ( (house_9 & p_box_1) -> F (intersection_5 & G intersection_5) )
(!street_4 U intersection_6) & FG street_4,G (!street_4 U (intersection_6 & X (street_4 U !street_4)))
G!(constructor_creates_instances & sensor_captures_data) | F(constructor_creates_instances & sensor_captures_data & F bridge_closes),F (constructor_creates_instances & sensor_captures_data & F bridge_closes)
go_by_waste_bin & secure_apple,F (go_by_waste_bin & secure_apple)
get_help U GF record_cyclist_northeast_7th_street,G (get_help U (F G record_cyclist_northeast_7th_street))
G locality_5 & F(office_3 & F(p_package_5 & F(office_6 & pd))),G(locality_5 & (p_package_5 & office_3 -> X(office_6 & p_package_5)))
F(red_room & F green_room),G (green_room -> F red_room)
go_home -> X((photo_injured_rescuer U record_fire_source) | G photo_injured_rescuer),go_home -> (X (photo_injured_rescuer U record_fire_source) | G photo_injured_rescuer)
F(street_5 & F house_4),G (street_5 -> X (!street_5 & !house_4 U house_4)) & G (!house_4 U street_5)
snatch_up_pear & F get_to_flag,G (get_to_flag -> F snatch_up_pear)
F pass_by_waste_receptacle | G!drop_apple,G(pass_by_waste_receptacle -> !drop_apple) & G(!pass_by_waste_receptacle -> !drop_apple)
G hold_on_pear | GF go_to_apple_trashcan,G(hold_on_pear | F(go_to_apple_trashcan & G(go_to_apple_trashcan)))
G(get_help -> XG!idle),G(get_help -> G(!idle))
F(arch_2 & photo & F(park_8 & G park_8)),F (photo & arch_2 & G (park_8))
drop_pear | move_to_trashcan,F (drop_pear | move_to_trashcan)
GF go_to_pear & F make_your_way_flag,G(go_to_pear -> X(G(go_to_pear -> X(go_to_pear)))) & G(make_your_way_flag)
F(avoid_nearest_flood & photo_flood),F photo_flood & G !avoid_nearest_flood
G((brake_is_released | escalator_is_blocked) -> G(elevator_is_open & train_has_been_launched)),G ((brake_is_released | escalator_is_blocked) -> G ((elevator_is_open & train_has_been_launched) -> F (brake_is_released | escalator_is_blocked)))
!park_6 U p_pass_4,G (!park_6 U p_pass_4)
G!let_go_orange U F travel_to_flag,G (!let_go_orange U travel_to_flag)
!G!(change_light_north_green & X change_light_north_green),G (change_light_north_green | X (change_light_north_green | X change_light_north_green))
photo_cyclist_northwest_5th_avenue U GF get_help,G (photo_cyclist_northwest_5th_avenue -> (photo_cyclist_northwest_5th_avenue U (G F get_help)))
F journey_to_flag -> F pass_by_trash_bin,G(journey_to_flag -> F pass_by_trash_bin)
GF deliver_sofa_loading_dock | GF idle,F deliver_sofa_loading_dock | G F idle
G!(engine_breaks | manager_handles_requests) | F((engine_breaks | manager_handles_requests) & F(constructor_creates_instances | manager_collect_claims)),F (engine_breaks | manager_handles_requests) & G ((engine_breaks | manager_handles_requests) -> F (manager_collect_claims | constructor_creates_instances))
(pickup_mouse U idle) | G pickup_mouse,G (pickup_mouse -> (pickup_mouse W idle)) & G (!idle -> F pickup_mouse)
G((escalator_speeds_up | sensor_gathers_information) -> G(elevator_falls & engine_starts)),G ((escalator_speeds_up | sensor_gathers_information) -> (elevator_falls & engine_starts))
!let_go_pear -> venture_to_trash_can,G(!let_go_pear -> F venture_to_trash_can)
!let_go_orange & F snag_orange,G (snag_orange & !let_go_orange)
G!let_go_apple -> F reach_tree,G(!let_go_apple -> F reach_tree)
idle U search_vase,G (idle -> X F search_vase)
G(record_injured_rescuer -> XF deliver_aid_safe_hostile),G(record_injured_rescuer -> X G(deliver_aid_safe_hostile | F record_injured_rescuer))
!parking_lot_4 U building_8,G (!parking_lot_4 W building_8)
G!street_7 & F(store_9 & F(p_package_3 & F(house_1 & pd))),G ( (store_9 & p_package_3) U (house_1 & p_package_3) ) -> G !street_7
G(avoid_probable_unstable_beam -> XG!communicate_injured_rescuer),G(avoid_probable_unstable_beam -> G(!communicate_injured_rescuer))
G!(bridge_closes & elevator_falls) | F(bridge_closes & elevator_falls & F(brake_is_released & sensor_captures_data)),G ( (F (bridge_closes & elevator_falls)) & (F (brake_is_released & sensor_captures_data)) )
gather_apple & F seize_pear,G(seize_pear & gather_apple)
G((idle & X search_cow) -> XX get_help),G (idle & X search_cow) -> XX get_help
G!(constructor_creates_instances & motorbike_has_stopped) | F(constructor_creates_instances & motorbike_has_stopped & F(escalator_moves | manager_collect_claims)),F (constructor_creates_instances & motorbike_has_stopped) & F (escalator_moves | manager_collect_claims)
GF(locality_7 & photo) & G!park_3,G(locality_7 -> photo) & G(!park_3)
G(deliver_aid_injured_hostile -> XG!photo_unstable_beam),G(deliver_aid_injured_hostile -> G(!photo_unstable_beam))
F yield_pear -> venture_to_trash_can,G(yield_pear -> F venture_to_trash_can)
G((semaphore_is_green | sensor_retrieves_data) -> G(brake_is_released | escalator_is_blocked)),G ((semaphore_is_green | sensor_retrieves_data) -> (brake_is_released | escalator_is_blocked))
G(pickup_pizza -> F search_horse) -> GF search_giraffe,G((G(pickup_pizza -> F search_horse)) -> G F search_giraffe)
G hold_on_pear | F got_to_house,G (hold_on_pear | (got_to_house -> hold_on_pear))
collect_pear | G!drop_orange,G(collect_pear | !drop_orange)
F(plant_8 & F(p_box_5 & F(pd & store_6))),G (plant_8 & p_box_5 -> X (G (!store_6) U store_6))
!let_go_pear | F clutch_orange,G(!let_go_pear | F clutch_orange)
G((manager_collect_claims & train_is_crossing) -> G!(motorbike_falls_down | train_derails)),G ((train_is_crossing & manager_collect_claims) -> X G !(train_derails | motorbike_falls_down))
F change_light_west_yellow -> (!change_light_west_yellow U (!change_light_west_yellow & photo_vehicle_northwest_3rd_street)),G(change_light_west_yellow -> !F(!photo_vehicle_northwest_3rd_street & !change_light_west_yellow))
keep_apple | GF go_to_apple_trashcan,G(keep_apple | F(go_to_apple_trashcan & G(go_to_apple_trashcan)))
GF avoid_impending_debris -> GF get_help,G(F avoid_impending_debris -> F get_help)
G((communicate_injured_rescuer <-> record_debris) -> (communicate_injured_rescuer <-> record_unsafe_civilian)),G ((record_debris & communicate_injured_rescuer) <-> (communicate_injured_rescuer & record_unsafe_civilian))
get_help U GF search_bear,G (get_help -> (get_help U (F G search_bear)))
F(arch_4 & photo) & G!park_2,F photo & G !park_2
G stay | F track_towards_tree,G (stay | (F track_towards_tree))
G(go_home -> XG!avoid_impending_gas_leak),G(go_home -> G(!avoid_impending_gas_leak))
drop_pear & move_to_trashcan,F (drop_pear & move_to_trashcan)
F go_to_transh_can & GF go_to_apple_trashcan,G(go_to_transh_can -> (go_to_transh_can & F(go_to_apple_trashcan & G(go_to_apple_trashcan))))
go_by_waste_bin & F present_at_flag,G(go_by_waste_bin & (present_at_flag | X(!present_at_flag & G(!present_at_flag))))
F(monument_1 & photo) & (!monument_1 U park_4),F photo & G (!monument_1 U park_4)
G((get_help & X deliver_aeroplane_shelf) -> XX search_bowl),(get_help & X deliver_aeroplane_shelf) -> XX search_bowl
G!(car_starts & escalator_moves) | F(car_starts & escalator_moves & F(escalator_is_blocked & train_has_been_launched)),F (escalator_moves & car_starts & F (train_has_been_launched & G escalator_is_blocked))
G!(escalator_is_blocked & sensor_captures_data) | F(escalator_is_blocked & sensor_captures_data & F(manager_collect_claims & semaphore_is_broken)),F (escalator_is_blocked & sensor_captures_data & F (manager_collect_claims & F semaphore_is_broken))
G((semaphore_is_broken | train_has_arrived) -> G(escalator_is_blocked & motorbike_falls_down)),G ((semaphore_is_broken | train_has_arrived) -> X (motorbike_falls_down & escalator_is_blocked))
get_help U record_cyclist_west_10th_street,F (get_help & X record_cyclist_west_10th_street)
FG!go_home,F !G go_home
!let_go_pear & G moving,G(moving & !let_go_pear)
!let_go_pear & snatch_up_pear,G(!let_go_pear & !snatch_up_pear)
F deliver_aid_safe_hostile -> (!deliver_aid_safe_hostile U (!deliver_aid_safe_hostile & go_home)),G(deliver_aid_safe_hostile -> !F(!go_home & !X(go_home)))
GF charger_5 & GF(photo & region_4),G(charger_5 & (photo & region_4))
G((photo_motorcycle_northwest_3rd_street & X photo_motorcycle_east_2nd_avenue) -> XX get_help),G (photo_motorcycle_northwest_3rd_street & X photo_motorcycle_east_2nd_avenue) -> XX get_help
F(monument_3 & photo & F(pathway_8 & G pathway_8)),F (photo & monument_3) & G (pathway_8)
GF make_way_to_house -> F acquire_pear,G(make_way_to_house -> (F(acquire_pear) | G(!make_way_to_house)))
G!(elevator_rises & house_is_open) | F(elevator_rises & house_is_open & F train_has_arrived),F (house_is_open & elevator_rises & F train_has_arrived)
G((bar_is_closing | elevator_is_open) -> G!(bar_has_to_be_repaired & engine_stops)),G ((elevator_is_open | bar_is_closing) -> !(bar_has_to_be_repaired & engine_stops))
G((bar_is_closing & train_has_been_launched) -> G(escalator_is_blocked & motorbike_falls_down)),G ( (F (train_has_been_launched & bar_is_closing)) -> G (motorbike_falls_down & escalator_is_blocked) )
F pickup_cat -> (!pickup_cat U (get_help & !pickup_cat)),G(pickup_cat -> !pickup_cat W get_help)
GF charger_6 & GF(p_brochure_4 & table_4),G (p_brochure_4 <-> X p_brochure_4) & G (charger_6 <-> X charger_6) & G (p_brochure_4 -> charger_6)
G((escalator_is_blocked & manager_collect_claims) -> F(constructor_instantiate_objects & table_is_brown)),(escalator_is_blocked & manager_collect_claims) -> F (constructor_instantiate_objects & table_is_brown)
F going_to_flag U F pass_by_waste_receptacle,G (going_to_flag U pass_by_waste_receptacle)
area_5 U (store_2 & F(p_package_8 & F(house_9 & pd))),area_5 U (p_package_8 & (store_2 U house_9))
G!(car_stops & engine_stops) | F(car_stops & engine_stops & F(engine_stops | train_is_crossing)),F (engine_stops & car_stops) & F (engine_stops | train_is_crossing)
acquire_apple | F go_near_flag,G((go_near_flag | acquire_apple) -> X(go_near_flag | acquire_apple))
F(hospital_3 & p_bottle_4) & G!pharmacy_2,G (hospital_3 & p_bottle_4 -> !pharmacy_2) & F (hospital_3 & p_bottle_4)
(prop_1 <-> prop_3) & G prop_2,G (prop_2 & (prop_3 <-> prop_1))
prop_1 | F prop_2,prop_1 | (prop_2 & F prop_2)
prop_1 & F prop_2,G(prop_1 & (prop_2 -> X prop_2))
prop_1 & GF prop_2,G(prop_1 & F prop_2)
G(prop_3 -> (prop_1 | prop_2)),G (prop_3 -> (X prop_2 | prop_1))
G((prop_1 | prop_2) -> GF prop_3),(prop_1 | prop_2) -> G F prop_3
F(prop_1 | GF prop_2),G(prop_1 | G(prop_2))
G(prop_1 -> prop_2),G(prop_1 -> F prop_2)
(prop_1 | prop_4) & (prop_2 U prop_3),prop_1 | prop_4 & prop_2 U prop_3
!prop_1 & (prop_2 | prop_3),G(!prop_1 & (prop_3 | prop_2))
F(prop_1 <-> prop_2) -> prop_3,F((prop_1 <-> prop_2) & prop_3)
prop_1 -> F prop_2,G(prop_1 -> F(prop_2))
!prop_1 | (prop_2 & G prop_3),G prop_3 & (F prop_2 | !prop_1)
G(prop_1 & F prop_2),G prop_1 & G (prop_2 -> F prop_1)
G((prop_1 & prop_2) -> (prop_3 & prop_4)),prop_2 & prop_1 -> (prop_3 & X prop_4)
prop_3 & (!prop_2 -> prop_1),G (!prop_2 -> (prop_1 & prop_3))
F prop_1 -> prop_2,G(prop_1 -> prop_2)
(prop_1 U prop_4) -> (prop_2 -> prop_3),G (prop_1 U prop_4) & G (prop_3 -> F prop_2)
(prop_2 | prop_3 | prop_4) -> prop_1,G ((prop_2 | prop_4 | prop_3) -> X prop_1)
prop_1 | (prop_3 & G prop_2),G (prop_2 & prop_3 | prop_1)
prop_1 | G(prop_2 -> prop_3),G (prop_2 -> (prop_3 | prop_1))
F prop_2 -> (prop_1 & prop_3),G(prop_2 -> F(prop_1 & prop_3))
G((prop_1 | prop_4) -> (prop_2 U prop_3)),((prop_4 | prop_1) -> (prop_3 U prop_2))
prop_1 <-> (prop_2 & prop_3 & prop_4),G((prop_3 & prop_2 & prop_4) <-> prop_1)
F(prop_1 | F prop_2),F prop_1 | G prop_2
F(prop_1 | G prop_2),G(prop_1 | G prop_2)
(prop_2 -> prop_3) | F prop_1,F prop_1 | G (prop_2 -> prop_3)
prop_1 & (prop_2 -> prop_3),G (prop_2 -> (prop_3 & prop_1))
G(prop_1 -> FG prop_2),G (prop_1 -> F prop_2)
G(prop_2 & prop_3) -> prop_1,G ((prop_3 & prop_2) -> prop_1)
(prop_1 & prop_3) -> G prop_2,G((prop_3 & prop_1) -> G prop_2)
F prop_2 -> (prop_1 <-> prop_3),G(prop_2 -> (prop_1 <-> prop_3))
prop_2 | ((prop_3 <-> prop_4) -> prop_1),G((prop_4 <-> prop_3) -> F prop_1) & G(!(prop_4 <-> prop_3) -> F prop_2)
G(!prop_1 & F prop_2),G(!prop_1 & (prop_2 -> F prop_1))
(prop_3 U prop_2) -> prop_1,G (F (prop_3 & (prop_2 U prop_3)) -> F prop_1)
G(prop_3 -> (prop_1 & prop_2)),prop_3 -> (X(!prop_2 & prop_1))
F prop_1 -> GF prop_2,G(prop_1 -> X(prop_2 U !prop_1))
F(prop_1 U F prop_2),G(prop_1 U prop_2)
prop_2 | prop_3 | (prop_1 & prop_4),G ((prop_2 | prop_3) | (prop_4 & prop_1))
prop_3 | (prop_1 & prop_2 & prop_4),prop_1 & prop_2 & (prop_4 | prop_3)
G prop_2 -> (prop_1 & prop_3),G(prop_2 -> G(prop_3 & prop_1))
!prop_1 U (prop_2 <-> prop_3),G (!prop_3 U (prop_1 <-> prop_2))
!prop_2 U (prop_1 | prop_3),G (!prop_3 U (prop_2 | prop_1))
G!(prop_2 -> prop_3) -> prop_1,G(!(G(prop_2 -> !prop_3)) -> prop_1)
!prop_3 -> (prop_1 <-> prop_2),G (!prop_3 -> (prop_2 <-> prop_1))
G(F prop_1 & F prop_2),G F prop_1 & F prop_2
(prop_1 | prop_3) <-> (prop_2 & prop_4),G ((prop_3 | prop_1) <-> (prop_4 & prop_2))
!prop_1 U prop_2,G (!prop_2 U prop_1)
prop_2 | prop_4 | (prop_3 U prop_1),G (prop_3 -> (prop_3 U prop_1 | (prop_2 | prop_4)))
(prop_4 -> prop_2) <-> (prop_1 & prop_3),((prop_4 & X prop_2) <-> (prop_1 & prop_3))
(prop_1 <-> prop_3) U !prop_2,prop_3 <-> prop_1 U !prop_2
prop_1 | prop_4 | (prop_2 <-> prop_3),G((prop_3 <-> prop_2) | prop_1 | prop_4)
prop_1 | prop_2 | F prop_3,G((prop_2 | prop_1) | F prop_3)
G(!prop_1 | F prop_2),G(!prop_1) | F(prop_2)
!(prop_1 & prop_2) -> prop_3,G (!(prop_1 & prop_2) -> prop_3)
G(prop_1 U !prop_2),G prop_1 U !prop_2
F(prop_1 & prop_2),G((prop_1 & prop_2) -> X(prop_1 & prop_2))
!prop_1 | prop_2 | prop_3,G ((prop_2 | prop_3) | !prop_1)
(prop_2 -> prop_4) & (prop_3 U prop_1),prop_2 -> (F prop_4 & (prop_3 U prop_1))
(prop_1 & prop_3) -> !prop_2,G (prop_3 & prop_1) -> !prop_2
G((prop_1 & prop_3) -> G prop_2),G ( (!prop_3 & prop_1) -> prop_2 )
(!prop_1 -> prop_3) & G prop_2,G(prop_2) & G(!prop_3 -> prop_1)
(prop_1 | prop_2) & G prop_3,G F ((prop_2 | prop_1) & G prop_3)
G((prop_1 & prop_2) -> GF prop_3),G ((prop_2 & prop_1) -> (G (prop_3)))
!prop_3 | (prop_1 U prop_2),prop_1 & (prop_1 U prop_2) | !prop_3
(prop_1 | prop_2) -> F prop_3,G ((prop_2 | prop_1) -> F prop_3)
(prop_4 -> prop_2) U (prop_1 <-> prop_3),prop_4 -> ((prop_2 U prop_3) <-> prop_1)
(prop_3 -> prop_1) -> !prop_2,G((prop_3 -> prop_1) -> !prop_2)
G prop_1 -> F prop_2,G(prop_1 -> F(prop_2))
G((prop_1 | prop_2) -> prop_3),G ((prop_1 | prop_2) -> X prop_3)
G((prop_1 & prop_3) -> !F prop_2),G((prop_1 & prop_3) -> F(prop_2))
(prop_1 <-> prop_2) U (prop_4 -> prop_3),G (prop_4 <-> prop_3) U (prop_1 & X prop_2)
(prop_3 -> prop_2) & G prop_1,G(prop_1) & G(prop_2 -> prop_3)
!(prop_1 & prop_2) U prop_3,!((prop_2 & prop_1) U prop_3)
prop_1 & prop_2 & !prop_3,G(!prop_3 & prop_1 & prop_2)
prop_1 U F prop_2,prop_1 U (prop_2 -> prop_1)
G(prop_1 -> G prop_2),G (prop_1 -> prop_2)
F(prop_1 | G!prop_2),F prop_1 | G !prop_2
!prop_2 & (prop_3 U prop_1),prop_3 & !prop_2 & (prop_3 U prop_1)
(prop_2 -> prop_1) | (prop_3 & prop_4),G (prop_2 -> prop_1) & G (!prop_2 -> (prop_4 & prop_3))
(prop_2 & prop_3 & prop_4) -> prop_1,G ((prop_3 & prop_4 & prop_2) -> prop_1)
G((prop_2 | prop_3) -> G prop_1),G ((prop_3 | prop_2) -> prop_1)
F prop_3 -> (prop_2 -> prop_1),G(prop_3 -> (prop_2 & X(prop_1)))
(prop_2 <-> prop_3) & (prop_1 -> prop_4),G((prop_3 <-> prop_2) & (prop_1 -> prop_4))
(prop_2 -> prop_3) & F prop_1,G(prop_2 -> (prop_3 & F prop_1))
F prop_1 -> F prop_2,G(prop_1 -> (prop_2 | X(!prop_2 & G(!prop_2))))
G(!prop_1 | prop_2),G(!(prop_1 | prop_2))
G prop_2 -> (prop_1 -> prop_3),G(prop_2) -> G(prop_1 -> F prop_3)
G prop_3 -> (prop_1 | prop_2),G(prop_3 -> F(prop_1 | prop_2))
G((prop_2 | prop_4) -> (prop_1 & prop_3)),G ((prop_2 | prop_4) -> (X prop_3 & X !prop_1))
!prop_2 <-> (prop_1 <-> prop_3),G (!prop_2 <-> (prop_1 <-> prop_3))
F(prop_1 & !F prop_2),G(prop_1 & !prop_2)
prop_1 -> G!prop_2,G(prop_1 -> !F prop_2)
F(prop_2 & (prop_1 -> prop_3)),F (prop_1 -> (prop_3 & prop_2))
(prop_3 <-> prop_4) & (prop_1 | prop_2),G((prop_1 | prop_2) & (prop_3 <-> prop_4))
prop_2 <-> F(prop_1 | prop_3),F prop_3 | prop_1 <-> prop_2
prop_4 <-> ((prop_1 & prop_2) U prop_3),G ((prop_1 & prop_2) U prop_3) <-> prop_4
G(prop_3 -> (prop_1 U prop_2)),prop_3 -> (prop_1 & G(prop_1 U prop_2))
(prop_1 -> prop_4) | (prop_3 U prop_2),(prop_3 U prop_2) | (prop_1 -> F prop_4)
G(F prop_1 | F prop_2),G(prop_1 | (prop_2 -> X(prop_1)))
!prop_2 <-> (prop_1 & prop_3),G((prop_1 & prop_3) <-> !prop_2)
prop_3 | ((prop_2 & prop_4) U prop_1),G ((prop_2 & prop_4) U prop_1) | prop_3
prop_3 & F(prop_2 -> prop_1),G (prop_2 -> (F (prop_1 & prop_3)))
(prop_2 & !prop_3) -> prop_1,G (!(prop_3 & prop_2) -> prop_1)
prop_2 -> prop_1,G(prop_2 -> prop_1)
!prop_3 & (prop_1 -> prop_2),G(prop_1 -> (prop_2 & !prop_3))
(prop_1 | prop_3) <-> G prop_2,G((prop_3 | prop_1) <-> G prop_2)
!prop_2 & (prop_1 <-> prop_3),G((prop_1 <-> prop_3) & !prop_2)
prop_2 & (prop_4 <-> (prop_1 & prop_3)),G((prop_3 & prop_1) <-> (prop_4 & prop_2))
GF prop_1 -> GF prop_2,G(prop_1 -> F prop_2) & G(prop_2 -> F prop_1)
!prop_1 | (prop_3 -> prop_2),G (prop_3 -> (prop_2 | !prop_1))
(prop_2 -> prop_1) U !prop_3,G (prop_2 -> (prop_1 U !prop_3))
!prop_3 U (prop_1 & prop_2),G (!prop_3 & (prop_3 U (prop_2 & prop_1)))
prop_2 | prop_3 | G prop_1,G(prop_1 | prop_2 | prop_3)
!prop_3 -> (prop_1 -> prop_2),G (!prop_3 -> (prop_1 -> prop_2))
(prop_3 & (prop_1 <-> prop_4)) -> prop_2,G((prop_4 <-> (prop_1 & prop_3)) -> prop_2)
F(prop_1 -> G prop_2),G(prop_2 -> X G(prop_1))
G((prop_1 & prop_4) -> (prop_2 U prop_3)),G (!prop_1 & prop_4 -> F (prop_2 & !prop_3 U prop_2))
prop_2 & (!prop_1 <-> prop_3),G((!prop_1 <-> prop_3) & prop_2)
prop_1 <-> (prop_2 & prop_3),G((prop_2 & prop_3) <-> prop_1)
(prop_4 -> prop_3) -> (prop_1 <-> prop_2),G((prop_4 -> prop_3) -> (prop_2 <-> prop_1))
GF prop_1 -> prop_2,G(prop_1 -> F(prop_2))
(prop_2 -> prop_1) U (prop_3 | prop_4),G(prop_2 -> prop_1) & G((prop_4 | prop_3) -> G(!prop_1 & !prop_2 & !prop_3 & !prop_4))
(prop_2 <-> (prop_1 | prop_4)) -> prop_3,G ( (prop_4 | prop_1) & prop_2 -> X prop_3 )
(prop_2 <-> prop_3) -> (prop_4 -> prop_1),G((prop_2 <-> prop_3) -> (prop_4 -> prop_1))
(prop_1 <-> prop_2) -> (prop_3 & prop_4),G((prop_1 <-> prop_2) -> (prop_3 & prop_4))
prop_3 <-> (prop_1 | prop_2 | prop_4),G((prop_4 | prop_2 | prop_1) <-> prop_3)
(prop_1 U prop_3) -> !prop_2,G((prop_1 U prop_3) -> !prop_2)
G(prop_1 | prop_2),G prop_1 | prop_2
!prop_2 -> (prop_1 & prop_3),G (!prop_2 -> (prop_3 & prop_1))
((prop_2 <-> prop_4) U prop_3) -> prop_1,G((prop_2 <-> prop_4) & !prop_3) -> (prop_2 <-> prop_4) U (prop_3 & prop_1)
G((prop_1 | prop_2) -> !G prop_3),G ((prop_2 | prop_1) -> !prop_3)
(prop_1 | prop_4) & (prop_2 | prop_3),G((prop_4 | prop_1) & (prop_3 | prop_2))
(prop_1 -> prop_4) <-> (prop_2 U prop_3),prop_1 -> (prop_4 <-> (prop_2 U prop_3))
(prop_1 & prop_2) <-> G prop_3,G(prop_3 <-> (prop_2 & prop_1))
(!prop_2 -> !prop_1) & G prop_3,G(!prop_1 -> !prop_2) & G(prop_3)
(prop_1 | prop_2) -> (prop_3 | prop_4),G ((prop_1 | prop_2) -> (prop_3 | prop_4))
!prop_2 -> (prop_1 | prop_3),G (!prop_2 -> (prop_1 | prop_3))
G((prop_2 & prop_3) -> FG prop_1),G((prop_3 & prop_2) -> F(prop_1))
(prop_2 U prop_4) -> (prop_1 & prop_3),G((prop_2 U prop_4) -> F(prop_3 & prop_1))
prop_1 & G!prop_2,G(prop_1 & !prop_2)
G prop_2 -> (!prop_1 & prop_3),G(prop_2 -> (!prop_1 & prop_3))
prop_4 | ((prop_2 & prop_3) -> prop_1),G ((prop_2 & prop_3) -> (prop_1 | prop_4))
(prop_2 <-> prop_3) -> G prop_1,G(prop_2 <-> prop_3) -> G(prop_1)
!(prop_1 <-> prop_3) -> prop_2,G(!((prop_3 <-> prop_1)) -> prop_2)
(prop_3 | (prop_1 <-> prop_2)) -> prop_4,G((prop_2 <-> prop_1) | prop_3) -> prop_4
(prop_1 -> prop_2) -> G prop_3,G((prop_1 -> prop_2) -> prop_3)
G(prop_1 | F prop_2),G prop_1 | F prop_2
!prop_2 U (prop_1 -> prop_3),G (!prop_2 U (prop_1 -> prop_3))
prop_1 & F(prop_2 | prop_3),G F (prop_1 & (prop_2 | prop_3))
!(prop_1 U GF prop_2),!prop_1 U (G F prop_2)
(prop_2 <-> prop_3) -> F prop_1,G((prop_2 <-> prop_3) -> F prop_1)
!prop_1 | (prop_2 & prop_3),G(!prop_1 | (prop_2 & prop_3))
(prop_2 & prop_3) U !prop_1,G((prop_2 & prop_3) -> ((prop_2 & prop_3) U !prop_1))
(prop_2 -> prop_1) | G prop_3,G(prop_2 -> prop_1) & G(!prop_2 -> prop_3)
(prop_1 <-> prop_3) | (prop_2 U prop_4),((prop_1 <-> prop_3) | (prop_2 W prop_4))
prop_1 -> !prop_2,G(prop_1 -> !prop_2)
prop_1 & (prop_2 <-> prop_3),prop_2 <-> (prop_3 & prop_1)
F(prop_1 & G!prop_2),G(prop_1 -> X(prop_1 | !prop_1)) & G(!prop_2)
prop_1 & ((prop_2 <-> prop_3) -> prop_4),G((prop_2 <-> prop_3) -> (prop_4 & prop_1))
!(prop_2 U prop_3) -> prop_1,!F(prop_2 & G(prop_2 U prop_3)) -> prop_1
F prop_1 -> G prop_2,F (prop_1 & G prop_2)
((prop_2 | prop_4) U prop_1) -> prop_3,G ((prop_2 | prop_4) U prop_1) -> prop_3
(prop_1 & prop_4) U (prop_2 & prop_3),prop_4 & prop_1 U (prop_3 & prop_2)
(prop_2 & prop_3) -> F prop_1,G((prop_3 & prop_2) -> F prop_1)
!(prop_1 & GF prop_2),G(!prop_1 & F prop_2)
prop_2 & prop_3 & F prop_1,G (prop_1 -> (prop_2 & prop_3))
prop_2 & G(prop_1 -> prop_3),G (prop_1 -> (prop_3 & X prop_2))
G((prop_1 | prop_3) -> !F prop_2),G ((prop_1 | prop_3) -> !prop_2)
!(prop_1 | prop_2),G!((prop_1) | (prop_2))
(prop_1 | prop_3) & F prop_2,F (prop_3 | prop_1) & F prop_2
G(!prop_1 & prop_2),G!((prop_1) & (prop_2))
F(prop_1 & !prop_2),G(prop_1 & !prop_2)
prop_2 & prop_4 & (prop_1 -> prop_3),prop_1 -> (prop_3 & prop_2 & prop_4)
GF prop_1 -> F prop_2,G(prop_1 -> F(prop_2))
prop_1 <-> F(prop_2 & prop_3),G F (prop_3 & prop_2) <-> G F prop_1
(prop_1 <-> prop_2) -> !prop_3,G((prop_1 <-> prop_2) -> !prop_3)
!prop_1 & prop_2 & prop_3,G((prop_2 & prop_3) -> !prop_1)
G(F prop_1 U prop_2),G(prop_1 U prop_2)
G prop_3 -> (prop_1 <-> prop_2),G(prop_3) -> G(prop_1 <-> prop_2)
(prop_4 -> prop_2) | (prop_1 <-> prop_3),G(prop_4 -> F prop_2) & G(!prop_4 -> (prop_3 <-> prop_1))
(prop_1 & prop_3) -> prop_2,G ((prop_3 & prop_1) -> prop_2)
(prop_1 & prop_3) <-> F prop_2,F (prop_2 <-> (prop_3 & prop_1))
(prop_1 <-> prop_4) | (prop_2 & prop_3),G((prop_1 <-> prop_4) | (prop_2 & prop_3))
prop_2 & (prop_3 U prop_1),G (prop_2 & prop_3) -> (!prop_1 U (prop_2 & prop_3))
prop_4 & (prop_1 | (prop_2 U prop_3)),prop_4 & (prop_2 U (prop_3 | prop_1))
G(!prop_1 | G!prop_2),G!prop_1 & G!prop_2
prop_3 | prop_4 | (prop_2 -> prop_1),G (prop_2 -> prop_1) & G (!prop_2 & !prop_1 -> prop_4) & G (!prop_2 & !prop_1 & !prop_4 -> prop_3)
(prop_2 <-> prop_3) | G prop_1,G((prop_3 <-> prop_2) | G prop_1)
(prop_1 -> prop_4) & (prop_3 -> prop_2),G(prop_1 -> prop_4) & G(prop_3 -> prop_2)
prop_1 | prop_2 | prop_3 | prop_4,G(prop_4 | prop_1 | prop_3 | prop_2)
!(prop_1 U F prop_2),!prop_1 U prop_2
prop_3 & ((prop_2 | prop_4) -> prop_1),G ((prop_2 | prop_4) -> (prop_1 & prop_3))
prop_1 <-> (prop_2 & (prop_3 -> prop_4)),( prop_3 -> ( prop_4 & prop_2 ) ) <-> prop_1
G!prop_1 -> F prop_2,G(!prop_1 <-> F(prop_2))
prop_1 | !(prop_3 -> prop_2),!prop_3 -> (prop_2 | prop_1)
prop_2 | F(prop_1 -> prop_3),F (prop_1 & X prop_3) | G prop_2
!(prop_1 & F prop_2),G(!prop_1 & prop_2)
prop_3 | ((prop_1 <-> prop_2) U prop_4),F ((prop_1 <-> prop_2) U prop_4) | prop_3
G prop_1 -> prop_2,G(prop_1 -> prop_2)
((prop_4 U prop_3) -> prop_2) -> prop_1,prop_4 U (prop_3 & (prop_2 U prop_1))
G((prop_1 & prop_3) -> !G prop_2),G ((prop_3 & prop_1) -> X !prop_2)
F(prop_1 U G prop_2),G(prop_1 U G prop_2)
G!prop_1 -> prop_2,G(!prop_1 -> prop_2)
(prop_2 <-> prop_3) & F prop_1,G(prop_3 <-> prop_2) & F(prop_1)
prop_3 & (prop_2 | (prop_4 -> prop_1)),prop_4 -> (F prop_1 | prop_2) & prop_3
(prop_1 | prop_3) U (prop_2 <-> prop_4),F (prop_1 | prop_3) -> G (prop_2 <-> prop_4)
prop_1 -> GF prop_2,G(prop_1 <-> G(prop_2))
(prop_1 | prop_2) U !prop_3,G((prop_2 | prop_1) -> (!prop_3 U (prop_2 | prop_1)))
prop_4 <-> ((prop_2 | prop_3) U prop_1),((prop_3 | prop_2) U prop_1) -> prop_4
(prop_1 | prop_4) U (prop_2 -> prop_3),G((prop_1 | prop_4) U (prop_2 -> prop_3))
(!prop_1 <-> prop_2) -> prop_3,G((!prop_1 <-> prop_2) -> prop_3)
(prop_4 -> prop_2) & (prop_1 | prop_3),prop_4 -> (prop_2 & (prop_3 | prop_1))
(prop_2 & prop_4) U (prop_1 -> prop_3),G(prop_2 & prop_4) U (prop_1 -> prop_3)
F(prop_1 & G prop_2),G(prop_1 & G(prop_2))
(prop_2 <-> prop_3) <-> G prop_1,G(prop_1 <-> (prop_2 <-> prop_3))
prop_1 <-> !(prop_2 | prop_3),!((!prop_3 | !prop_2) <-> prop_1)
prop_3 | ((prop_1 | prop_2) -> prop_4),G ((prop_2 | prop_1) -> prop_4) & G (!(prop_2 | prop_1) -> prop_3)
(prop_4 -> prop_2) <-> (prop_1 | prop_3),G((prop_3 | prop_1) <-> (prop_4 -> prop_2))
G(!prop_1 U F prop_2),G !(prop_1 U prop_2)
prop_1 & prop_3 & G prop_2,G (prop_2 & prop_1 & prop_3)
(prop_1 | prop_3) -> G prop_2,G((prop_3 | prop_1) -> G prop_2)
!(F prop_1 & F prop_2),G(!prop_1 & (prop_2 -> F prop_2))
(prop_3 | prop_4) U (prop_1 | prop_2),G ((prop_4 | prop_3) -> ((prop_4 | prop_3) U (prop_1 | prop_2)))
prop_1 | !(prop_2 <-> prop_3),G((prop_3 <-> prop_2) -> prop_1)
F prop_2 -> (prop_1 | prop_3),G (prop_2 -> (prop_2 U (prop_3 | prop_1)))
F prop_2 -> (!prop_1 -> prop_3),F prop_2 -> G (!prop_1 -> prop_3)
!(prop_1 & prop_2 & prop_3),G ! (prop_3 & prop_2 & prop_1)
!(prop_1 | !prop_2),G(!prop_1 | !prop_2)
(prop_2 & (prop_1 | prop_3)) -> prop_4,G ((prop_3 | (prop_1 & prop_2)) -> prop_4)
prop_1 & !prop_2,G(prop_1 & !prop_2)
(prop_4 U prop_2) -> (prop_1 | prop_3),G (prop_4 & (prop_4 U prop_2) -> (prop_3 | prop_1))
(prop_2 | prop_3) -> !prop_1,G ((prop_2 | prop_3) -> !prop_1)
G(F prop_1 U F prop_2),G(prop_1 U prop_2)
(prop_1 & prop_3) -> (prop_2 & prop_4),G ((prop_3 & prop_1) -> (prop_2 & prop_4))
(prop_3 -> prop_1) U (prop_2 & prop_4),G ( (prop_3 & prop_1) -> (prop_4 -> prop_2) )
(prop_3 | (prop_2 U prop_4)) -> prop_1,((prop_2 U (prop_4 | prop_3)) -> prop_1)
prop_2 <-> F(prop_3 -> prop_1),F ((prop_3 & X prop_1) <-> prop_2)
G(prop_2 <-> prop_3) -> prop_1,G((prop_2 <-> prop_3) -> prop_1)
prop_3 | G(prop_1 <-> prop_2),G((prop_2 <-> prop_1) | prop_3)
G(prop_1 U F prop_2),G(prop_1 U prop_2)
prop_1 <-> (prop_3 | (prop_4 U prop_2)),G((prop_4 & (prop_4 U (prop_2 | prop_3))) <-> prop_1)
F prop_1 -> G!prop_2,G(prop_1 -> G!prop_2)
(!prop_2 <-> prop_3) U prop_1,G((!prop_2 <-> prop_3) U prop_1)
prop_3 | (prop_2 & (prop_4 -> prop_1)),G(prop_4 -> (prop_1 & prop_2)) & (!prop_4 -> prop_3)
(prop_1 -> prop_3) <-> F prop_2,( prop_1 -> prop_3 ) -> F prop_2
(prop_2 <-> prop_3) <-> F prop_1,prop_1 <-> (prop_2 <-> prop_3)
!(prop_1 | prop_2) -> prop_3,G (! (prop_1 | prop_2) -> prop_3)
(prop_1 & prop_4) U (prop_2 | prop_3),G ((prop_4 & prop_1) -> ((prop_4 & prop_1) U (prop_3 | prop_2)))
(prop_3 U prop_2) -> (prop_1 <-> prop_4),G((prop_3 & (prop_3 U prop_2)) -> (prop_1 <-> prop_4))
(prop_1 <-> prop_3) -> prop_2,G((prop_1 <-> prop_3) -> prop_2)
(prop_2 <-> prop_4) | (prop_3 -> prop_1),G ((prop_2 <-> prop_4) | prop_3) -> prop_1
!prop_2 & (prop_1 | G prop_3),G(prop_3 | (F prop_1 & G !prop_2))
!(prop_1 U prop_2),!prop_1 U prop_2
prop_2 & (prop_1 | prop_3),G((prop_3 | prop_1) & prop_2)
prop_4 & ((prop_1 -> prop_3) U prop_2),G(prop_1 -> F(prop_3 & (prop_3 U prop_2) & prop_4))
((prop_1 & prop_6) -> (prop_2 U !prop_4)) & (prop_3 U !prop_5),(prop_1 & prop_6) -> ((prop_2 U !prop_4) & (prop_3 U !prop_5))
(prop_2 <-> prop_4) -> (prop_1 | prop_3),G((prop_2 <-> prop_4) -> (prop_3 | prop_1))
(prop_1 & prop_2) U (prop_3 <-> prop_4),G((prop_1 & prop_2) U (prop_3 <-> prop_4))
F(prop_1 | !prop_2),G((prop_1 | !prop_2) -> X(prop_1 | !prop_2))
(prop_2 & (prop_1 -> prop_4)) -> prop_3,G(prop_1 -> prop_4) & G(prop_2 -> prop_3)
(prop_3 -> prop_2) & (prop_1 <-> prop_4),( prop_3 -> F prop_2 ) & ( prop_1 <-> prop_4 )
!(prop_1 & (prop_3 U prop_2)),! (prop_3 U (prop_2 & prop_1))
(prop_1 <-> !prop_2) | F prop_3,F prop_3 | G (!prop_2 <-> prop_1)
(prop_1 & prop_4) -> (prop_2 | prop_3),G ((prop_1 & prop_4) -> (prop_3 | prop_2))
F(prop_1 U !prop_2),G(prop_1 U !prop_2)
(prop_1 & prop_3) -> (prop_2 U prop_4),G((prop_3 & prop_1) -> (prop_2 U prop_4))
!(prop_2 -> prop_1) U prop_3,!((prop_2 -> prop_1) U prop_3)
(prop_2 | prop_4) U (prop_1 & prop_3),G((prop_2 | prop_4) U (prop_1 & prop_3))
!prop_2 <-> (prop_1 & G prop_3),G((prop_3 & prop_1) <-> !prop_2)
!(prop_1 & prop_2),G!((prop_1) & (prop_2))
(prop_2 & prop_4) -> (prop_1 <-> prop_3),G (prop_2 & prop_4) -> (prop_1 <-> prop_3)
(prop_1 & !prop_2) -> G prop_3,G((!prop_2 & prop_1) -> G prop_3)
(prop_2 & (prop_3 U prop_1)) -> prop_4,G((prop_3 U (prop_1 & prop_2)) -> X prop_4)
F(prop_1 | !F prop_2),G((prop_1 | !prop_2) -> X(prop_1 | !prop_2))
prop_2 & ((prop_1 <-> prop_3) U prop_4),prop_1 <-> (prop_3 U prop_4) & prop_2
(prop_3 | prop_4) -> (prop_1 & prop_2),G ((prop_3 | prop_4) -> (prop_1 & prop_2))
prop_3 & !(prop_1 U prop_2),!((prop_1 U prop_2) & prop_3)
(prop_3 & prop_4) | (prop_2 U prop_1),G ((prop_3 & prop_4) | prop_2) -> prop_1
((prop_4 -> prop_3) U prop_1) -> prop_2,G (prop_4 -> (prop_3 U (prop_1 & prop_2)))
prop_1 & prop_4 & (prop_2 | prop_3),G(prop_1 & prop_4 & (prop_2 | prop_3))
prop_4 | ((prop_3 -> prop_1) U prop_2),F (prop_3 & (prop_1 U prop_2) | prop_4)
F(prop_1 U GF prop_2),F (prop_1 U G prop_2)
(prop_1 -> prop_3) -> (prop_2 & prop_4),G((prop_1 -> prop_3) -> (prop_2 & prop_4))
(prop_1 | prop_2) -> (prop_3 <-> prop_4),G ((prop_2 | prop_1) -> (prop_3 <-> prop_4))
G(F prop_1 | G!prop_2),G(prop_1 | !prop_2)
(!prop_3 -> prop_2) & F prop_1,!prop_3 -> (prop_2 & F prop_1)
(prop_1 <-> (prop_3 & prop_4)) -> prop_2,G ((prop_4 & prop_3) <-> prop_1) -> prop_2
!(F prop_1 & GF prop_2),G(!prop_1 & F prop_2)
(prop_1 -> prop_2) U (prop_3 -> prop_4),G (prop_3 -> (prop_1 U (prop_2 & prop_4)))
F record_pedestrian_west_9th_street -> (!record_pedestrian_west_9th_street U (get_help & !record_pedestrian_west_9th_street)),G(record_pedestrian_west_9th_street -> !record_pedestrian_west_9th_street R get_help)
capture_orange & G!drop_apple,G(!drop_apple) & F(capture_orange)
F(parking_lot_2 & F(p_cone_5 & F(pd & street_1))),G(!p_cone_5 & !parking_lot_2) & F(p_cone_5 & street_1)
G avoid_inactive_debris,G(!avoid_inactive_debris)
F proceed_to_house -> F make_contact_flag,G(proceed_to_house -> G(make_contact_flag))
F(kitchen_1 & F(p_bottle_2 & F(hall_2 & G hall_2))),G(!p_bottle_2 | F(p_bottle_2 & F(hall_2 & G(hall_2))))
F((blue_room | yellow_room) & F green_room),G(green_room -> F((yellow_room | blue_room) & F(green_room)))
F venture_to_house & F withhold_apple,G((venture_to_house) -> F(withhold_apple))
F(intersection_5 & F(p_cone_5 & F(pd & street_2))),G(p_cone_5 & intersection_5 -> F(pd & street_2))
G(get_help -> XG!change_light_west_yellow),G(get_help -> G(!change_light_west_yellow))
take_orange & G!drop_pear,G(take_orange) & G(!drop_pear)
venture_towards_house & G!drop_apple,G(venture_towards_house -> G(!drop_apple))
F record_cyclist_south_8th_street -> (!record_cyclist_south_8th_street U (get_help & !record_cyclist_south_8th_street)),G(record_cyclist_south_8th_street -> !record_cyclist_south_8th_street R get_help)
G(train_derails -> G(house_is_built -> F semaphore_is_green)),train_derails -> G(house_is_built -> F semaphore_is_green)
!intersection_4 U street_5,G(!intersection_4 U street_5)
(!intersection_8 U street_3) & F locality_5,(!intersection_8 U street_3) & (street_3 -> F locality_5)
(!intersection_1 U street_6) & F(street_2 & F(p_cone_3 & F(intersection_1 & pd))),G(!intersection_1 U street_6) & G(street_6 -> G(!street_6 -> G(!intersection_1 U (street_2 & p_cone_3 & F(intersection_1 & !p_cone_3)))))
GF grab_tree | F go_to_trashcan,G(grab_tree | go_to_trashcan)
G(idle -> XF search_book),G(idle -> F(search_book))
F go_by_waste_basket U venture_towards_house,G(go_by_waste_basket -> (go_by_waste_basket U venture_towards_house))
F seize_orange | G!let_go_apple,G(seize_orange | G(!let_go_apple))
!G!(change_light_east_green & X change_light_east_green),G(change_light_east_green | X(change_light_east_green | X(change_light_east_green)))
!locality_5 U (house_2 & F(p_pass_5 & F(office_3 & pd))),(!locality_5) U ((house_2 & p_pass_5) & (office_3 & p_pass_5))
GF(photo & statue_4) & GF charger_4,G(photo & statue_4) & G(charger_4)
GF(area_51 & photo) & GF charger_4,G(photo & area_51 & charger_4)
F capture_pear | G hold_onto_orange,G((capture_pear | G(hold_onto_orange)) -> (capture_pear | G(hold_onto_orange)))
G(idle -> XG!search_knife),G(idle -> G(!search_knife))
G!(bar_is_closing | escalator_speeds_up) | F((bar_is_closing | escalator_speeds_up) & F(bar_is_up & house_is_open)),F((escalator_speeds_up | bar_is_closing) & F(house_is_open & bar_is_up))
(!garage_1 U photo) & F(landmark_5 & photo),(!garage_1) U (photo & landmark_5)
G!let_go_orange & F travel_to_house,G(!let_go_orange) & G(travel_to_house)
G!(street_3 | street_4),G(!(street_3 & street_4))
G(avoid_active_debris & go_home),G(!avoid_active_debris & go_home)
F get_help -> (!get_help U (deliver_donut_loading_dock & !get_help)),G(get_help -> !deliver_donut_loading_dock R get_help)
G!(escalator_is_blocked | table_is_old) | F((escalator_is_blocked | table_is_old) & F(elevator_rises & house_is_open)),F((escalator_is_blocked | table_is_old) & F(house_is_open & F(elevator_rises)))
put_in_bin | G!drop_apple,G(put_in_bin | G(!drop_apple))
drop_pear & reach_house,F(drop_pear & F(reach_house))
F procure_pear & !F pick_up_anything,G(procure_pear -> !pick_up_anything)
F venture_house & F move_past_trash_can,F(venture_house & F(move_past_trash_can))
venture_towards_house,G(venture_towards_house)
pick_up_orange & F contact_house,G((contact_house & pick_up_orange) -> F(contact_house & pick_up_orange))
F(red_room & F green_room),G(red_room -> F(green_room))
reach_house | F have_pear,G((have_pear | reach_house) -> F(have_pear | reach_house))
pick_up_pear -> F seize_orange,G(pick_up_pear -> F(seize_orange))
G((elevator_is_open & train_has_been_launched) -> G(constructor_creates_instances | house_is_built)),G((elevator_is_open & train_has_been_launched) -> F((constructor_creates_instances | house_is_built)))
F(store_5 & F(p_box_8 & F(house_1 & pd))),G((p_box_8 & store_5 & pd) -> F(p_box_8 & house_1))
F(mall_5 & F(p_box_4 & F(house_1 & pd))),G(mall_5 -> G(!p_box_4 | F(p_box_4 & F(house_1))))
F go_to_trash_receptacle | F travel_by_tree,G((go_to_trash_receptacle | travel_by_tree) -> F(go_to_trash_receptacle | travel_by_tree))
(!office_4 U p_pass_6) & F(house_5 & F(p_pass_6 & F(office_4 & pd))),(!office_4) U (p_pass_6 & !office_4)
(!parking_lot_4 U street_5) & F(parking_lot_4 & G parking_lot_4),G(!parking_lot_4 U street_5) & G(street_5 -> G(parking_lot_4))
F(red_room & F blue_room),G(red_room -> F(blue_room))
F come_home & G touch_flag,G(come_home -> G(touch_flag))
GF(warehouse_4 & F(p_crate_8 & F(pd & store_8))) & GF charger_2,G(F(p_crate_8 & warehouse_4 & F(p_crate_8 & store_8 & F(charger_2))))
F obtain_orange | GF go_to_waste_basket,G(obtain_orange | G(go_to_waste_basket))
pickup_potted_plant U search_bird,!pickup_potted_plant | F(pickup_potted_plant & F(search_bird))
!avoid_impending_flood U deliver_aid_injured_rescuer,G(avoid_impending_flood -> G(!deliver_aid_injured_rescuer))
reach_house | G have_in_orange,G(have_in_orange | reach_house)
F!deliver_chair_shelf,G(!deliver_chair_shelf)
!let_go_orange & G!drop_orange,G(!drop_orange & !let_go_orange)
communicate_safe_hostile -> X((avoid_nearest_flood U communicate_injured_rescuer) | G avoid_nearest_flood),G(communicate_safe_hostile -> (X(avoid_nearest_flood U communicate_injured_rescuer) | G(avoid_nearest_flood)))
G!(bar_is_closing | table_is_brown) | F((bar_is_closing | table_is_brown) & F(bar_is_down & car_starts)),F((bar_is_closing | table_is_brown) & F(car_starts & bar_is_down))
G(bridge_opens & elevator_is_blocked & motorbike_has_stopped),G(!(elevator_is_blocked & bridge_opens & motorbike_has_stopped))
F going_to_house | GF go_to_waste_basket,G(going_to_house | G(go_to_waste_basket))
G((escalator_is_blocked & manager_collect_claims) -> G(house_is_built & train_derails)),G((manager_collect_claims & escalator_is_blocked) -> (house_is_built & train_derails))
(avoid_probable_debris U get_help) | G avoid_probable_debris,G(!avoid_probable_debris U get_help) | G(!avoid_probable_debris)
GF make_way_to_house & F go_to_home,G(make_way_to_house) & F(go_to_home)
reach_house & GF go_to_apple_trashcan,G(go_to_apple_trashcan & F(reach_house))
acquire_orange | F visit_waste_basket,G((visit_waste_basket | acquire_orange) -> F(visit_waste_basket | acquire_orange))
F((blue_room | red_room) & F yellow_room),G((blue_room | red_room) -> (G(!yellow_room) & F(yellow_room)))
get_hold_of_pear -> gather_orange,G(get_hold_of_pear -> F(gather_orange))
F(building_2 & photo),G(photo & building_2)
GF(warehouse_4 & F(p_crate_8 & F(pd & store_8))) & GF charger_2,G(p_crate_8 & warehouse_4 & store_8) & G F charger_2
F get_hold_of_orange | F tax_apple,G(get_hold_of_orange | tax_apple)
G!train_has_arrived | F(train_has_arrived & F(constructor_creates_instances | elevator_is_blocked)),F(train_has_arrived & F((constructor_creates_instances | elevator_is_blocked)))
GF charger_9 & GF(warehouse_8 & F(p_crate_2 & F(pd & store_2))),G(p_crate_2 & warehouse_8 & store_2 -> G(charger_9))
grip_apple | GF grab_tree,F(grip_apple | G(grab_tree))
GF charger_4 & GF(area_5 & photo),G(photo & area_5 -> F(charger_4))
G((bridge_opens & manager_collect_claims) -> F(elevator_falls | elevator_rises)),F((manager_collect_claims & bridge_opens) & F(elevator_rises | elevator_falls))
FG building_9 & (!building_9 U street_6),G(!building_9 U street_6) & F(building_9 & G(building_9))
G!(manager_handles_requests | motorbike_has_started) | F((manager_handles_requests | motorbike_has_started) & F(engine_breaks | semaphore_is_yellow)),!(manager_handles_requests | motorbike_has_started) | F((manager_handles_requests | motorbike_has_started) & F(engine_breaks | semaphore_is_yellow))
G!parking_lot_5 & GF(car_9 & photo),G((photo & car_9) -> !parking_lot_5)
hold_on_to_pear & G move_around,G (move_around & hold_on_to_pear)
G!(bar_is_down | motorbike_falls_down) | F((bar_is_down | motorbike_falls_down) & F(elevator_rises & house_is_open)),F((bar_is_down | motorbike_falls_down) & F(house_is_open & elevator_rises))
G!(motorbike_is_driven & table_has_been_moved) | F(motorbike_is_driven & table_has_been_moved & F train_has_arrived),!(table_has_been_moved & motorbike_is_driven) | F((table_has_been_moved & motorbike_is_driven) & F(train_has_arrived))
G!drop_apple | F venture_to_house,G(!drop_apple & !venture_to_house)
G((car_starts & table_is_brown) -> F(constructor_instantiate_objects | house_is_open)),F(house_is_open | (car_starts & table_is_brown & F(constructor_instantiate_objects)))
G!(engine_stops & sensor_gathers_information) | F(engine_stops & sensor_gathers_information & F(elevator_is_blocked | escalator_speeds_up)),F(engine_stops & sensor_gathers_information & F(elevator_is_blocked | escalator_speeds_up))
!get_help U deliver_pizza_loading_dock,G(get_help -> !deliver_pizza_loading_dock R get_help)
!G!(deliver_bird_shelf & X deliver_bird_shelf),G(deliver_bird_shelf | X deliver_bird_shelf | X X deliver_bird_shelf)
G(bar_has_to_be_repaired & motorbike_catches_fire),G(motorbike_catches_fire -> bar_has_to_be_repaired)
F pick_up_peach & F arrive_at_tree,G(pick_up_peach -> G(arrive_at_tree))
G!train_has_arrived | F(train_has_arrived & F(manager_handles_requests | motorbike_has_started)),F(train_has_arrived & F(manager_handles_requests | F(motorbike_has_started)))
G((bar_is_down & train_stops) -> G(brake_is_released | motorbike_has_started)),G((train_stops & bar_is_down) -> (brake_is_released | F motorbike_has_started))
G have_apple -> hold_on_to_pear,G(have_apple) -> G(hold_on_to_pear)
GF(house_2 & p_trash_can_4),G(house_2 & p_trash_can_4)
G have_in_orange | F grab_flag,G(have_in_orange | F(grab_flag))
G(car_starts -> G(table_is_old -> F semaphore_is_green)),G(car_starts -> F(table_is_old & F(semaphore_is_green)))
pickup_skateboard -> X((pickup_bear U get_help) | G pickup_bear),G(pickup_skateboard -> (X(pickup_bear U get_help) | G(pickup_bear)))
F!get_help,G(!get_help)
F stop_by_trash_can -> F haul_pear,G(stop_by_trash_can -> G(haul_pear))
keep_apple & GF grab_tree,G(keep_apple & F(grab_tree))
F(police_station_1 & F(p_cone_2 & F(intersection_2 & pd))) & G!park_3,G(!park_3) & F(p_cone_2 & police_station_1 & F(intersection_2 & !p_cone_2))
G(train_stops -> G(house_is_built -> F semaphore_is_red)),G(train_stops -> F(house_is_built & F(semaphore_is_red)))
G!(constructor_creates_instances | motorbike_is_driven) | F((constructor_creates_instances | motorbike_is_driven) & F train_has_arrived),F((constructor_creates_instances | motorbike_is_driven) & F(train_has_arrived))
G((elevator_is_blocked & train_derails) -> F sensor_captures_data),!(elevator_is_blocked & train_derails) | F((elevator_is_blocked & train_derails) & F(sensor_captures_data))
F proceed_to_tree | G!drop_apple,F (proceed_to_tree | G !drop_apple)
G(!(change_light_south_green & photo_collision_southeast_7th_avenue) -> F record_car_north_2nd_avenue),G((!change_light_south_green & !photo_collision_southeast_7th_avenue) -> F(record_car_north_2nd_avenue))
G!drop_orange | G hold_onto_orange,G(!drop_orange | G(hold_onto_orange))
F go_by_waste_basket U venture_towards_house,G(go_by_waste_basket U venture_towards_house)
G(!(deliver_book_shelf & deliver_orange_shelf) -> F search_chair),G(!(deliver_orange_shelf | deliver_book_shelf) -> F search_chair)
G!(brake_is_pressed & motorbike_has_stopped) | F(brake_is_pressed & motorbike_has_stopped & F(bridge_closes | sensor_retrieves_data)),F(brake_is_pressed & motorbike_has_stopped & F(sensor_retrieves_data | bridge_closes))
take_to_tree -> F go_past_flag,G(go_past_flag -> take_to_tree)
GF charger_9 & GF(warehouse_8 & F(p_crate_2 & F(pd & store_2))),G(charger_9 & (p_crate_2 & warehouse_8 -> X(store_2)))
G!(constructor_creates_instances & train_has_been_launched) | F(constructor_creates_instances & train_has_been_launched & F(escalator_is_blocked & sensor_captures_data)),F(train_has_been_launched & constructor_creates_instances & F(sensor_captures_data & escalator_is_blocked))
G(sensor_captures_data -> F(table_is_brown & train_stops)),F(table_is_brown & F(sensor_captures_data & F(train_stops)))
F!get_help,G(!get_help)
G!(bridge_closes | semaphore_is_broken) | F((bridge_closes | semaphore_is_broken) & F(car_enters & engine_stops)),!(bridge_closes | semaphore_is_broken) | F((bridge_closes | semaphore_is_broken) & F(car_enters & engine_stops))
G!bridge_closes | F(bridge_closes & F(car_stops | motorbike_has_started)),F(bridge_closes & F(car_stops | motorbike_has_started))
approach_trash_can & F get_to_flag,G(approach_trash_can -> F(get_to_flag))
F red_room & G!green_room,G(green_room -> !F(red_room))
deliver_aid_injured_victim -> X((avoid_impending_fire_source U go_home) | G avoid_impending_fire_source),G(deliver_aid_injured_victim -> (X(avoid_impending_fire_source U go_home) | G(avoid_impending_fire_source)))
F(monument_1 & photo) & (!monument_1 U park_4),G(!monument_1 -> !photo) & G(monument_1 -> (park_4 R photo))
G!sensor_gathers_information | F(sensor_gathers_information & F(escalator_is_blocked | sensor_captures_data)),F(sensor_gathers_information & F(escalator_is_blocked | sensor_captures_data))
F visit_trash_bin | GF go_to_apple_trashcan,G(visit_trash_bin | G(go_to_apple_trashcan))
GF go_to_apple_trashcan -> drop_pear,G(go_to_apple_trashcan -> G(drop_pear))
seize_apple | walk,G(walk | seize_apple)
street_4 U (house_1 & photo),(street_4 & !house_1) U (street_4 & house_1 & photo)
!let_go_pear -> F go_to_trashcan,G(!let_go_pear -> G(go_to_trashcan))
(park_5 U bench_4) & F(store_2 & F(p_bottle_5 & F(bench_4 & pd))),(park_5 U bench_4) & F(store_2 & p_bottle_5 & F(bench_4))
(locality_1 U intersection_4) & F(warehouse_9 & F(p_package_5 & F(pd & store_2))),(locality_1 & p_package_5 & warehouse_9) U (intersection_4 & p_package_5 & store_2)
(!park_4 U street_3) & F(store_7 & F(p_takeout_2 & F(bench_3 & pd))),G(!park_4 U street_3)
G!(escalator_is_blocked | table_is_old) | F((escalator_is_blocked | table_is_old) & F sensor_gathers_information),F((escalator_is_blocked | table_is_old) & F(sensor_gathers_information))
drop_orange | G hold_onto_orange,G(hold_onto_orange | drop_orange)
(!street_4 U intersection_6) & FG street_4,G(!street_4 U (intersection_6 & street_4)) & G(street_4 -> X street_4)
G!train_has_arrived | F(train_has_arrived & F(constructor_creates_instances | manager_collect_claims)),F(train_has_arrived & F(manager_collect_claims | constructor_creates_instances))
F record_vehicle_east_6th_avenue -> (!record_vehicle_east_6th_avenue U (change_light_south_yellow & !record_vehicle_east_6th_avenue)),G(record_vehicle_east_6th_avenue -> !record_vehicle_east_6th_avenue R change_light_south_yellow)
F proceed_to_tree & F visit_house,F (proceed_to_tree & F visit_house)
F move_near_tree | GF grab_tree,G((move_near_tree | F(G(grab_tree))) -> F(move_near_tree | grab_tree))
F present_at_flag U G!drop_apple,F(present_at_flag & G(!drop_apple))
hold_apple & move_towards_trash_can,G(hold_apple & move_towards_trash_can)
!F pick_up_anything & F make_your_way_flag,G(!pick_up_anything & (make_your_way_flag | !make_your_way_flag))
!pickup_donut U pickup_horse,G(!pickup_donut U (pickup_horse & F pickup_donut))
GF(store_2 & F(p_crate_6 & F(building_5 & pd))),G(p_crate_6 & store_2 -> F(pd & building_5))
F contact_flag U pick_up_fruit,G(contact_flag -> (contact_flag U pick_up_fruit))
F(table_2 & F(p_brochure_9 & F(park_4 & G park_4))),G(!p_brochure_9) & G(!park_4) & F(p_brochure_9 & F(park_4 & G(park_4)))
F!photo_cyclist_southeast_10th_street,G(! photo_cyclist_southeast_10th_street)
(!intersection_1 U street_6) & F(street_2 & F(p_cone_3 & F(intersection_1 & pd))),G(!intersection_1 U (street_6 & (street_2 & p_cone_3)))
!go_home U deliver_aid_safe_rescuer,G(go_home -> !deliver_aid_safe_rescuer) | F(deliver_aid_safe_rescuer & F(go_home))
G(!(avoid_probable_unstable_beam & deliver_aid_injured_hostile) -> F avoid_active_gas_leak),G(!(avoid_probable_unstable_beam | deliver_aid_injured_hostile) -> F(avoid_active_gas_leak))
F(store_2 & F(p_package_4 & F(house_4 & pd))),G(!p_package_4 | F(p_package_4 & F(house_4)))
F venture_house | G!let_go_orange,G((venture_house | G(!let_go_orange)) -> G(!let_go_orange))
come_to_tree & reach_house,F(come_to_tree & F(reach_house))
(!intersection_5 U street_4) & F(house_4 & F(p_pass_4 & F(office_1 & pd))),G((pd & p_pass_4 & house_4) -> (!intersection_5 U (street_4 & office_1)))
F get_help -> (!get_help U (!get_help & record_motorcycle_east_1st_avenue)),G(get_help -> !record_motorcycle_east_1st_avenue R get_help)
F get_near_flag | F snag_orange,G(get_near_flag | F(snag_orange))
!let_go_pear | G!drop_orange,G(!drop_orange & !let_go_pear)
G(!(deliver_broccoli_shelf & get_help) -> F idle),G(!(deliver_broccoli_shelf | get_help) -> F idle)
venture_towards_house & G!drop_apple,G!(drop_apple & venture_towards_house)
G!(motorbike_has_stopped & semaphore_is_red) | F(motorbike_has_stopped & semaphore_is_red & F(engine_breaks | semaphore_is_yellow)),!(motorbike_has_stopped & semaphore_is_red) | F((motorbike_has_stopped & semaphore_is_red) & F(engine_breaks | semaphore_is_yellow))
go_to_bucket -> F advance_to_house,G(go_to_bucket -> advance_to_house)
area_5 U (store_2 & F(p_package_8 & F(house_9 & pd))),(area_5 & !p_package_8) U (store_2 & p_package_8 & F(house_9 & p_package_8))
G(bar_has_to_be_repaired & brake_is_pressed & table_is_old),G((table_is_old & brake_is_pressed) -> bar_has_to_be_repaired)
!go_home U record_safe_victim,G(go_home -> G(!record_safe_victim))
deliver_aid_injured_hostile U go_home,G(!deliver_aid_injured_hostile | F(deliver_aid_injured_hostile & F(go_home)))
G(bar_has_to_be_repaired -> G(semaphore_is_green -> F brake_is_pressed)),bar_has_to_be_repaired -> G(semaphore_is_green -> F brake_is_pressed)
F advance_to_house -> collect_pear,G(advance_to_house -> collect_pear)
F get_apple & G touch_flag,G(get_apple -> G(touch_flag))
F go_to_trash_bin | F move_forward_trash_can,F(go_to_trash_bin | G(move_forward_trash_can))
F move_near_tree & F snag_orange,F(move_near_tree & F(snag_orange))
F withhold_apple U F go_by_waste_basket,G(withhold_apple U go_by_waste_basket)
GF car_3 & F building_2,G(car_3 -> F(building_2 & G(car_3)))
F(photo & statue_6) & G park_5,G(statue_6 & park_5 -> photo)
G!sensor_gathers_information | F(sensor_gathers_information & F(elevator_rises | train_is_crossing)),F(sensor_gathers_information & F(train_is_crossing | elevator_rises))
F((green_room | red_room) & F blue_room),G(!blue_room U (red_room | green_room)) & G((red_room | green_room) -> F blue_room)
G((brake_is_released | car_stops) -> G(motorbike_falls_down & table_has_been_moved)),G((car_stops | brake_is_released) -> F(motorbike_falls_down & table_has_been_moved))
photo_car_west_2nd_street U record_pedestrian_west_4th_avenue,!photo_car_west_2nd_street | F(photo_car_west_2nd_street & F(record_pedestrian_west_4th_avenue))
!get_help U deliver_aid_injured_hostile,G(!get_help U deliver_aid_injured_hostile)
pick_up_flag -> F get_hold_of_orange,G(pick_up_flag -> F(get_hold_of_orange))
G!bridge_closes | F(bridge_closes & F(bar_is_up & house_is_open)),!bridge_closes | F(bridge_closes & F(house_is_open & bar_is_up))
get_help U deliver_car_shelf,!get_help | F(get_help & F(deliver_car_shelf))
G move U F venture_to_waste_basket,G(move U venture_to_waste_basket)
take_orange | F move_past_trash_can,G((take_orange | move_past_trash_can) -> F(take_orange | move_past_trash_can))
GF(area_9 & photo) & GF(camp_4 & F(p_ordnance_3 & F(camp_9 & pd))),G(photo & area_9) & G(F(p_ordnance_3 & camp_4) & F(p_ordnance_3 & camp_9))
G!let_go_orange & F journey_to_flag,G(!let_go_orange) & G(journey_to_flag)
get_help U photo_car_northwest_3rd_avenue,!get_help | F(get_help & F(photo_car_northwest_3rd_avenue))
go_by_waste_bin | secure_apple,G(go_by_waste_bin | secure_apple)
F proceed_to_house -> G!let_go_apple,G(proceed_to_house -> G(!let_go_apple))
G((engine_breaks & motorbike_catches_fire) -> G(bar_is_closing | car_starts)),G((motorbike_catches_fire & engine_breaks) -> (car_starts | bar_is_closing))
F venture_house -> G touch_flag,G(venture_house -> G(touch_flag))
G!train_has_arrived | F(train_has_arrived & F(motorbike_has_stopped & semaphore_is_red)),F(train_has_arrived & F(motorbike_has_stopped & semaphore_is_red))
G!(escalator_moves & train_stops) | F(escalator_moves & train_stops & F(constructor_instantiate_objects | engine_stops)),!(escalator_moves & train_stops) | F((escalator_moves & train_stops) & F(engine_stops | constructor_instantiate_objects))
!G!(pickup_backpack & X pickup_backpack),G(pickup_backpack | X(pickup_backpack | X(pickup_backpack)))
secure_apple & G!drop_apple,G!(drop_apple & secure_apple)
G!(bar_is_down & table_is_brown) | F(bar_is_down & table_is_brown & F(constructor_creates_instances | elevator_is_blocked)),F(table_is_brown & bar_is_down & F(constructor_creates_instances | elevator_is_blocked))
G!drop_orange U drop_pear,!drop_orange U drop_pear
G!let_go | GF go_to_pear,G(!let_go) & G F go_to_pear
F(p_luggage_2 & F(pd & room_402)),G(p_luggage_2 -> F(room_402))
F travel_house | GF make_way_to_house,G((travel_house | G(make_way_to_house)) -> G(make_way_to_house))
put_in_apple_bucket -> F get_hold_orange,G(put_in_apple_bucket -> F(get_hold_orange))
F idle -> (!idle U (!idle & search_microwave)),G(idle -> !idle R search_microwave)
F(mall_5 & F(p_box_4 & F(house_1 & pd))),G(!mall_5) | F(mall_5 & F(p_box_4 & F(house_1 & pd)))
G!(motorbike_has_started | table_is_brown) | F((motorbike_has_started | table_is_brown) & F(constructor_creates_instances & sensor_captures_data)),!(table_is_brown | motorbike_has_started) | F((table_is_brown | motorbike_has_started) & F(constructor_creates_instances & sensor_captures_data))
G!(get_help & pickup_sheep) & G(get_help | pickup_sheep),G(!get_help & !pickup_sheep | get_help & !pickup_sheep | !get_help & pickup_sheep)
F(parking_lot_2 & F(p_cone_5 & F(pd & street_1))),G(!parking_lot_2 | F(parking_lot_2 & F(p_cone_5 & F(street_1 & pd))))
GF charger_3 & GF(area_3 & photo),G F (charger_3 & photo & area_3)
F((blue_room | red_room) & F yellow_room),G((blue_room | red_room) -> F(yellow_room))
G locality_7 & F(office_4 & F(p_letter_1 & F(house_1 & pd))),G((p_letter_1 & office_4) -> (locality_7 U (p_letter_1 & house_1)))
parking_lot_5 U (car_5 & photo),(parking_lot_5 & !photo) U (photo & car_5)
G!(elevator_rises | train_is_crossing) | F((elevator_rises | train_is_crossing) & F(house_is_open | motorbike_is_driven)),F((train_is_crossing | elevator_rises) & F(house_is_open | motorbike_is_driven))
G!(bar_has_to_be_repaired & car_stops) | F(bar_has_to_be_repaired & car_stops & F bridge_closes),F(bar_has_to_be_repaired & car_stops & F(bridge_closes))
move_towards_trash_can U F be_at_flag,move_towards_trash_can U be_at_flag
venture_towards_house -> secure_apple,G(venture_towards_house -> F secure_apple)
F spend_time_at_tree -> snatch_up_pear,G(spend_time_at_tree -> snatch_up_pear)
G(deliver_parking_meter_loading_dock -> XG!deliver_giraffe_loading_dock),G(deliver_parking_meter_loading_dock -> G(!deliver_giraffe_loading_dock))
G!building_2 & F(office_6 & p_letter_5),G((office_6 & p_letter_5) -> G(!building_2))
G have_apple -> F acquire_pear,G(G have_apple -> F acquire_pear)
F go_to_trash_can & F scoop_up_apple,G(go_to_trash_can -> F(scoop_up_apple))
G!(engine_starts | sensor_retrieves_data) | F((engine_starts | sensor_retrieves_data) & F(car_stops & engine_stops)),F((sensor_retrieves_data | engine_starts) & F(engine_stops & car_stops))
GF go_to_apple_trashcan & F go_to_transh_can,G(go_to_apple_trashcan) & G(go_to_transh_can)
G locality_2 & F(office_4 & F(p_document_5 & F(office_9 & pd))),G((p_document_5 & office_4) -> (locality_2 U (p_document_5 & office_9)))
G!let_go_orange | !F pick_up_anything,G(!let_go_orange & !pick_up_anything)
G(car_enters & sensor_gathers_information & table_is_old),G(sensor_gathers_information -> (car_enters & table_is_old))
(!street_4 U intersection_2) & F(house_13 & p_trash_13),G(!street_4 U (intersection_2 & p_trash_13))
GF charger_5 & GF(warehouse_1 & F(p_package_5 & F(pd & store_5))),G(p_package_5 & warehouse_1 -> F(p_package_5 & store_5 & F(charger_5)))
G(communicate_safe_victim -> F communicate_safe_rescuer) -> GF deliver_aid_injured_victim,G(G(communicate_safe_victim -> F(communicate_safe_rescuer)) -> G F(deliver_aid_injured_victim))
G(train_derails -> F(brake_is_pressed & train_has_arrived)),F(train_derails & F(brake_is_pressed & train_has_arrived))
visit_tree -> F walk_to_flag,G(visit_tree -> walk_to_flag)
G!bridge_closes | F(bridge_closes & F(sensor_retrieves_data & train_is_crossing)),F(bridge_closes & F(sensor_retrieves_data & train_is_crossing))
G!(engine_stops | semaphore_is_red) | F((engine_stops | semaphore_is_red) & F(manager_collect_claims | sensor_retrieves_data)),!(semaphore_is_red | engine_stops) | F((semaphore_is_red | engine_stops) & F(sensor_retrieves_data | manager_collect_claims))
F obtain_pear -> F go_past_flag,G(obtain_pear -> go_past_flag)
!get_help U deliver_zebra_shelf,G(get_help -> F(deliver_zebra_shelf))
hold_orange U F collect_orange,hold_orange U (G(collect_orange -> hold_orange))
G!parking_lot_8 & F street_5,G(!parking_lot_8 U street_5)
avoid_probable_gas_leak -> X((deliver_aid_safe_hostile U avoid_impending_unstable_beam) | G deliver_aid_safe_hostile),avoid_probable_gas_leak -> X (deliver_aid_safe_hostile U avoid_impending_unstable_beam) | G deliver_aid_safe_hostile
G(!(get_help & record_person_east_1st_street) -> F record_pedestrian_northwest_6th_street),G(!(get_help | record_person_east_1st_street) -> F(record_pedestrian_northwest_6th_street))
hold_apple | !F pick_up_anything,G(hold_apple | !pick_up_anything)
get_hold_of_pear U F seize_pear,get_hold_of_pear U seize_pear
F(post_office_1 & F(p_letter_3 & F(house_2 & pd))),G((post_office_1 & p_letter_3) -> F(pd & house_2))
secure_apple | G!drop_apple,G(!(drop_apple | secure_apple))
G(train_stops -> G(elevator_falls -> F train_is_crossing)),G((train_stops & elevator_falls) -> F(train_is_crossing))
G!train_has_arrived | F(train_has_arrived & F(engine_stops & sensor_gathers_information)),F(train_has_arrived & F(engine_stops & sensor_gathers_information))
park_8 U (monument_2 & photo & F(bench_5 & G bench_5)),(park_8 U (photo & monument_2)) & (X (bench_5 U !bench_5))
GF(photo & street_3),G(photo & street_3)
G!(bar_has_to_be_repaired | table_is_old) | F((bar_has_to_be_repaired | table_is_old) & F sensor_gathers_information),F((table_is_old | bar_has_to_be_repaired) & F(sensor_gathers_information))
G!park_3 & F(p_cone_2 & police_station_1 & F(intersection_2 & pd)),G((p_cone_2 & police_station_1) -> G(!park_3 U (p_cone_2 & intersection_2)))
F(store_5 & F(p_box_8 & F(house_1 & pd))),G(!store_5 | F(store_5 & F(p_box_8 & F(house_1))))
procure_apple | G!let_go_apple,G(procure_apple | G(!let_go_apple))
(!parking_lot_4 U street_5) & F(parking_lot_4 & G parking_lot_4),(!parking_lot_4) U (street_5 & parking_lot_4)
F(pd & F(park_4 & G park_4)),G(!pd & park_4)
G!sensor_gathers_information | F(sensor_gathers_information & F(motorbike_is_driven & table_has_been_moved)),F(sensor_gathers_information & F(table_has_been_moved & F(motorbike_is_driven)))
hold_on_to_pear & put_in_bin,G(put_in_bin & hold_on_to_pear)
go_visit_flag & move_towards_trash_can,G(go_visit_flag & move_towards_trash_can)
G!(brake_is_pressed & engine_stops) | F(brake_is_pressed & engine_stops & F(elevator_is_open & train_has_arrived)),F(engine_stops & brake_is_pressed & F(elevator_is_open & train_has_arrived))
park_5 U (monument_2 & photo & F(intersection_5 & G intersection_5)),(park_5 U (photo & monument_2)) & F((photo & monument_2) & G(intersection_5))
reach_house | G!drop_orange,G(!drop_orange & !reach_house)
F!pickup_handbag,G(!pickup_handbag)
G!sensor_gathers_information | F(sensor_gathers_information & F(escalator_moves & train_stops)),F(sensor_gathers_information & F(escalator_moves & F(train_stops)))
GF(locality_7 & photo) & G!park_3,G(photo & locality_7) & G(!park_3)
grip_apple | G have_in_orange,G(have_in_orange | grip_apple)
F grasp_apple -> F approach_house,G(grasp_apple -> G(approach_house))
G!drop_orange -> F venture_to_waste_basket,G(!drop_orange) & G(venture_to_waste_basket -> F(venture_to_waste_basket))
F deliver_carrot_shelf -> (!deliver_carrot_shelf U (!deliver_carrot_shelf & deliver_dining_table_loading_dock)),G(deliver_carrot_shelf -> !deliver_carrot_shelf R deliver_dining_table_loading_dock)
F shift_to_flag U pick_up_orange,G(shift_to_flag U pick_up_orange)
F(parking_lot_2 & F(p_cone_5 & F(pd & street_1))),G(parking_lot_2 & p_cone_5 -> F(street_1 & p_cone_5))
F(store_3 & F(p_package_2 & F(house_2 & pd))) & G!mall_1,G((store_3 & p_package_2) -> F(pd & F(house_2))) & G(!mall_1)
grasp_orange & G have_apple,G(grasp_orange & G(have_apple))
F going_to_house -> F grab_orange,G(going_to_house -> F(grab_orange))
G(pickup_bear -> F idle) -> GF pickup_frisbee,G(G(pickup_bear -> F(idle)) -> G F(pickup_frisbee))
F!record_debris,G(!record_debris)
F green_room,G green_room
GF(warehouse_4 & F(p_crate_3 & F(mall_3 & pd))),G(p_crate_3 & warehouse_4 -> F(p_crate_3 & mall_3))
F(p_crate_4 & F(park_1 & pd & G park_1)),F(p_crate_4 & F(park_1 & G(park_1)))
F(house_4 & F(p_stack_4 & F(street_2 & G street_2))),G(!p_stack_4) | F(p_stack_4 & F(street_2 & G(street_2)))
G stay & F stop_by_house,G(stay & stop_by_house)
G!bridge_closes | F(bridge_closes & F(brake_is_pressed & train_stops)),!bridge_closes | F(bridge_closes & F(train_stops & brake_is_pressed))
(!landmark_5 U park_5) & F(landmark_5 & photo),G(!landmark_5 U park_5) & F(photo & landmark_5)
record_motorcycle_northeast_9th_avenue -> X((record_vehicle_east_8th_street U get_help) | G record_vehicle_east_8th_street),G(record_motorcycle_northeast_9th_avenue -> (X(record_vehicle_east_8th_street U get_help) | G(record_vehicle_east_8th_street)))
F green_room & G!blue_room,G(!blue_room & F(green_room))
F travel_to_house -> take_to_trash_can,G(travel_to_house -> F take_to_trash_can)
GF go_to_pear | F advance_to_house,G(go_to_pear | advance_to_house)
go_by_waste_bin | secure_apple,G(go_by_waste_bin | secure_apple)
G!(car_enters & engine_stops) | F(car_enters & engine_stops & F bridge_closes),F(car_enters & engine_stops & F(bridge_closes))
F make_to_flag -> F track_towards_tree,G(make_to_flag -> G(track_towards_tree))
drop_orange | hold_orange,G(drop_orange | hold_orange)
F(park_7 & F(monument_4 & photo)),G(park_7 -> F(photo & monument_4))
drop_pear & G hold_on_pear,F(drop_pear & G(hold_on_pear))
F green_room,G green_room
F(store_2 & F(p_package_4 & F(house_4 & pd))),G(!pd | F(pd & p_package_4 & store_2 & F(pd & p_package_4 & house_4)))
(!park_5 U intersection_5) & F(monument_3 & photo),G((photo & monument_3) -> (!park_5 U intersection_5))
grip_apple | !let_go_orange,G(!let_go_orange & !grip_apple)
GF building_5,G building_5
!street_5 U (p_package_4 & store_1),G(!street_5 U (store_1 & p_package_4))
F(office_4 & F(p_box_2 & F(house_1 & pd))),G((office_4 & p_box_2) -> F(house_1 & p_box_2))
G!(sensor_retrieves_data | table_is_brown) | F((sensor_retrieves_data | table_is_brown) & F(escalator_is_blocked | table_is_old)),!(sensor_retrieves_data | table_is_brown) | F((sensor_retrieves_data | table_is_brown) & F(escalator_is_blocked | table_is_old))
F(red_room & F green_room),G(green_room -> X red_room)
F green_room,G green_room
venture_to_trash_can -> pick_up_orange,G(venture_to_trash_can -> F pick_up_orange)
G have_apple & F seize_orange,G(have_apple & G(seize_orange))
(!intersection_8 U street_3) & F locality_5,G(!intersection_8 U (street_3 & G(locality_5)))
take_orange | G!let_go_orange,G(take_orange | G(!let_go_orange))
GF(landmark_21 & photo),G(photo & landmark_21)
G!(brake_is_pressed & engine_stops) | F(brake_is_pressed & engine_stops & F(car_starts & sensor_captures_data)),!(engine_stops & brake_is_pressed) | F((engine_stops & brake_is_pressed) & F(car_starts & sensor_captures_data))
GF parking_lot_4 & F(car_5 & F(p_document_4 & F(car_6 & pd))),G(p_document_4 & car_5 -> F(parking_lot_4 & F(p_document_4 & car_6)))
GF charger_9 & GF(warehouse_8 & F(p_crate_2 & F(pd & store_2))),G((p_crate_2 & warehouse_8 & store_2) -> F charger_9)
G touch_flag & F grasp_apple,G(touch_flag) & G(grasp_apple)
!G!(communicate_safe_victim & X communicate_safe_victim),G(communicate_safe_victim | X(communicate_safe_victim | X communicate_safe_victim))
F(house_3 & F(p_pass_2 & F(office_2 & pd))) & (!street_5 U p_pass_2),G(!p_pass_2 | (p_pass_2 & G(!street_5 U (office_2 & p_pass_2))))
G!(brake_is_pressed | escalator_moves) | F((brake_is_pressed | escalator_moves) & F(bar_is_closing | motorbike_has_stopped)),!(escalator_moves | brake_is_pressed) | F((escalator_moves | brake_is_pressed) & F(bar_is_closing | motorbike_has_stopped))
secure_apple | venture_towards_house,G(venture_towards_house | secure_apple)
G(constructor_instantiate_objects & escalator_is_blocked & motorbike_catches_fire),G(motorbike_catches_fire -> (constructor_instantiate_objects & escalator_is_blocked))
G((semaphore_is_green | sensor_retrieves_data) -> G semaphore_is_yellow),G((semaphore_is_green | sensor_retrieves_data) -> F(semaphore_is_yellow))
G!drop_apple -> hold_orange,G(!drop_apple -> hold_orange)
G!drop_pear | F get_hold_of_orange,G(!drop_pear) | G(get_hold_of_orange)
G stay U F go_to_transh_can,G(stay U go_to_transh_can)
F(warehouse_3 & F(p_package_2 & F(house_1 & pd & photo))),F(warehouse_3 & F(pd & F(house_1 & photo)))
!room_4 U building_4,G(!room_4 U building_4)
F have_pear U F go_to_trashcan,G(F have_pear U F go_to_trashcan)
G((sensor_captures_data | train_has_been_launched) -> G(constructor_creates_instances | house_is_built)),G((constructor_creates_instances | F((sensor_captures_data | train_has_been_launched) & F(house_is_built))))
(record_cyclist_south_1st_street U get_help) | G record_cyclist_south_1st_street,G(record_cyclist_south_1st_street U get_help) | G(record_cyclist_south_1st_street)
G(semaphore_is_yellow -> G(sensor_gathers_information & train_stops)),G(semaphore_is_yellow -> F(train_stops & sensor_gathers_information))
GF(house_2 & p_trash_can_4),G(house_2 -> F(p_trash_can_4 & G(!p_trash_can_4 U house_2)))
GF grab_tree | F track_towards_tree,G(grab_tree | track_towards_tree)
GF(photo & statue_4) & GF charger_4,G(photo & statue_4) & G(charger_4)
F(plant_8 & F(p_box_5 & F(pd & store_6))),G(p_box_5 & plant_8 -> F(pd & store_6))
go_by_waste_bin -> G!drop_apple,G(go_by_waste_bin -> G(!drop_apple))
G!(engine_stops | semaphore_is_red) | F((engine_stops | semaphore_is_red) & F sensor_gathers_information),F((semaphore_is_red | engine_stops) & F(sensor_gathers_information))
!let_go_pear | F go_past_flag,G(!let_go_pear) | F(go_past_flag)
GF parking_lot_4 & F(car_5 & F(p_document_4 & F(car_6 & pd))),G((p_document_4 & car_5) -> (parking_lot_4 U (p_document_4 & car_6)))
F get_near_flag & GF go_to_apple_trashcan,G(get_near_flag -> F(go_to_apple_trashcan & F(go_to_apple_trashcan)))
snatch_up_pear | F clutch_orange,G(clutch_orange | snatch_up_pear)
GF(monument_8 & photo) & (!monument_8 U park_4),G(!park_4 -> (photo & !monument_8)) & G(park_4 -> G(photo))
F get_help -> (!get_help U (deliver_aid_injured_victim & !get_help)),G(get_help -> !deliver_aid_injured_victim R get_help)
!let_go_pear & F journey_by_house,G(!let_go_pear) & F(journey_by_house)
G!(house_is_open | motorbike_is_driven) | F((house_is_open | motorbike_is_driven) & F train_has_arrived),!(house_is_open | motorbike_is_driven) | F((house_is_open | motorbike_is_driven) & F(train_has_arrived))
get_help U communicate_injured_victim,F(get_help & F(communicate_injured_victim))
!let_go_pear | F make_contact_with_house,G(!let_go_pear | G(make_contact_with_house))
!G!(idle & X idle),G(idle | X(idle | X(idle)))
(pickup_teddy_bear U search_tie) | G pickup_teddy_bear,G(pickup_teddy_bear U search_tie) | G(pickup_teddy_bear)
F(blue_room & F red_room),G(blue_room -> (blue_room U red_room))
GF(storage_4 & F(p_crate_1 & F(office_2 & pd))),G(F(storage_4 & p_crate_1 & F(office_2)))
G!(bar_is_up | bridge_opens) | F((bar_is_up | bridge_opens) & F train_has_arrived),!(bridge_opens | bar_is_up) | F((bridge_opens | bar_is_up) & F(train_has_arrived))
F record_motorcycle_northwest_10th_street -> (!record_motorcycle_northwest_10th_street U (get_help & !record_motorcycle_northwest_10th_street)),G(record_motorcycle_northwest_10th_street -> !record_motorcycle_northwest_10th_street R get_help)
pick_up_pear | G have_apple,F(pick_up_pear) | G(have_apple)
G(get_help -> XG!avoid_active_gas_leak),G(get_help -> G(!avoid_active_gas_leak))
F make_to_flag -> snatch_up_pear,G(make_to_flag -> F(snatch_up_pear))
G!train_has_arrived | F(train_has_arrived & F(motorbike_is_driven & table_has_been_moved)),F(train_has_arrived & F(table_has_been_moved & motorbike_is_driven))
G(!(avoid_active_unstable_beam & photo_gas_leak) -> F get_help),G((!avoid_active_unstable_beam & !photo_gas_leak) -> F get_help)
G!building_2 & F(office_6 & p_letter_5),G(p_letter_5 -> G(!building_2))
G(!(change_light_south_green & photo_motorcycle_north_2nd_avenue) -> F record_person_west_7th_avenue),G(!(photo_motorcycle_north_2nd_avenue | change_light_south_green) -> F(record_person_west_7th_avenue))
G(deliver_fire_hydrant_shelf -> F deliver_motorbike_loading_dock) -> GF idle,G(G(deliver_fire_hydrant_shelf -> F(deliver_motorbike_loading_dock)) -> G F(idle))
G!drop_apple | F withhold_apple,G(!drop_apple & !withhold_apple)
!let_go_pear | G hold_on_pear,G(hold_on_pear | !let_go_pear)
hold_pear,G(hold_pear)
F capture_pear U F tax_apple,G(capture_pear -> (capture_pear U tax_apple))
F scoop_up_pear -> reach_trash_can,G(scoop_up_pear -> reach_trash_can)
!let_go_pear U F venture_flag,!let_go_pear U venture_flag
G!(elevator_is_open & train_has_arrived) | F(elevator_is_open & train_has_arrived & F(bar_is_down & train_has_arrived)),F((elevator_is_open & train_has_arrived) & F(train_has_arrived & bar_is_down))
F snatch_pear U go_visit_flag,F(snatch_pear U go_visit_flag)
F start_going_to_house & G hold_on_pear,G(start_going_to_house & G(hold_on_pear))
F travel_to_house -> take_apple,G(travel_to_house -> take_apple)
building_9 U (room_2 & F(p_bottle_3 & F(pd & room_6))),(building_9 & !p_bottle_3) U (p_bottle_3 & room_2 & F(room_6 & p_bottle_3))
F obtain_pear | G have_apple,G(obtain_pear | G(have_apple))
F(motorbike_catches_fire & train_has_been_launched),F(motorbike_catches_fire & F(train_has_been_launched))
F make_contact_with_house U F take_possession_of_bear,G(make_contact_with_house U G(take_possession_of_bear))
move_to_tree | GF go_to_waste_basket,F(move_to_tree | G(go_to_waste_basket))
F green_room & G!yellow_room,G(green_room -> !yellow_room)
G(car_stops & semaphore_is_red),G((semaphore_is_red & car_stops) -> G(semaphore_is_red & car_stops))
GF building_5,G building_5
F(pd & F parking_lot_2),G(!pd & F(parking_lot_2))
G!(bridge_closes | semaphore_is_broken) | F((bridge_closes | semaphore_is_broken) & F train_has_arrived),!(bridge_closes | semaphore_is_broken) | F((bridge_closes | semaphore_is_broken) & F(train_has_arrived))
put_in_apple_bucket & F get_orange,G(put_in_apple_bucket & get_orange)
F!pickup_toothbrush,G(!pickup_toothbrush)
GF(warehouse_4 & F(p_crate_8 & F(pd & store_8))) & GF charger_2,G(p_crate_8 & warehouse_4 & store_8 & charger_2)
G!drop_pear U F have_possession_of_apple,G(!drop_pear U have_possession_of_apple)
G(semaphore_is_yellow -> G(brake_is_released | escalator_is_blocked)),G(semaphore_is_yellow -> (brake_is_released | escalator_is_blocked))
deliver_sandwich_loading_dock -> X((search_baseball_bat U get_help) | G search_baseball_bat),G(deliver_sandwich_loading_dock -> (X(search_baseball_bat U get_help) | G(search_baseball_bat)))
procure_apple | F go_near_pear,G((go_near_pear | procure_apple) -> F(go_near_pear | procure_apple))
F(street_4 & F(p_traffic_cone_5 & F(intersection_6 & pd))),G(!pd | F(pd & street_4 & p_traffic_cone_5 & F(intersection_6)))
G(!(change_light_east_yellow & get_help) -> F record_jaywalker_east_2nd_avenue),G(!(get_help | change_light_east_yellow) -> F(record_jaywalker_east_2nd_avenue))
G!bridge_closes | F(bridge_closes & F(constructor_creates_instances | motorbike_is_driven)),F(bridge_closes & F((constructor_creates_instances | motorbike_is_driven)))
GF go_to_waste_basket | F get_to_cup,G(go_to_waste_basket | G(get_to_cup -> F(go_to_waste_basket)))
G!train_has_arrived | F(train_has_arrived & F(brake_is_released | car_stops)),F(train_has_arrived & F(car_stops | brake_is_released))
secure_apple & F reach_flag,G(secure_apple) & G(reach_flag -> F(secure_apple))
take_to_trashcan | GF grab_tree,G(F(grab_tree | take_to_trashcan))
F get_hold_of_orange | G have_apple,F(get_hold_of_orange | G(have_apple))
G!parking_lot_8 & F street_5,G(!parking_lot_8 U street_5)
F(green_room & F yellow_room),G(!yellow_room | F(green_room & F(yellow_room)))
G have_in_orange | F visit_trash_bin,G(have_in_orange | F(visit_trash_bin))
F(landmark_9 & photo & G landmark_9),F(landmark_9 & photo & G(landmark_9 & photo))
park_2 U (monument_13 & photo),(park_2 & !photo) U (photo & monument_13)
G!(bar_is_up | bridge_opens) | F((bar_is_up | bridge_opens) & F(manager_collect_claims & semaphore_is_broken)),F((bridge_opens | bar_is_up) & F(manager_collect_claims & semaphore_is_broken))
G!(bar_has_to_be_repaired & car_stops) | F(bar_has_to_be_repaired & car_stops & F sensor_gathers_information),F(bar_has_to_be_repaired & car_stops & F(sensor_gathers_information))
G!(p_cone_1 | p_cone_2),G(!(p_cone_1 & p_cone_2))
F(p_luggage_2 & F(pd & room_402)),G(p_luggage_2 -> (pd & room_402))
G touch_flag | F journey_to_tree,G(touch_flag | journey_to_tree)
G have_apple -> F proceed_to_flag,G(have_apple -> F(proceed_to_flag))
(deliver_bottle_shelf U idle) | G deliver_bottle_shelf,G(!idle -> G(deliver_bottle_shelf))
G!street_4 & F(store_7 & F(p_package_8 & F(house_2 & pd))),G((p_package_8 & store_7) -> G(!street_4 U house_2))
hold_orange U F obtain_orange,hold_orange U obtain_orange
G!train_has_arrived | F(train_has_arrived & F bridge_closes),!(train_has_arrived) | F(train_has_arrived & F(bridge_closes))
F go_to_tree U GF go_to_waste_basket,F(go_to_tree U G(go_to_waste_basket))
F venture_house U F pick_up_peach,G(venture_house -> (venture_house U pick_up_peach))
F approach_flag | G!drop_apple,F (approach_flag | G !drop_apple)
G!drop_orange | F grab_flag,G(!drop_orange) & G(grab_flag)
G!let_go_apple & F contact_flag,G(!let_go_apple) & G(contact_flag)
G!parking_lot_5 & F(car_3 & photo),G(!(photo & car_3 & parking_lot_5))
go_by_waste_bin | F go_by_waste_basket,G(go_by_waste_basket | go_by_waste_bin)
pick_up_flag | F pass_by_trash_bin,G((pass_by_trash_bin | pick_up_flag) -> F(pass_by_trash_bin | pick_up_flag))
F go_to_flag U stop_by_flag,G(go_to_flag U stop_by_flag)
F go_past_house & GF go_to_waste_basket,F(go_past_house & G(go_to_waste_basket))
F yield_pear U capture_orange,F(yield_pear U capture_orange)
F make_your_way_flag | F grasp_apple,G(make_your_way_flag | grasp_apple)
F((blue_room | red_room) & F green_room),G(green_room -> (red_room | blue_room))
GF(area_4 & photo) & GF(area_3 & photo),G(area_4 & photo & area_3 & photo)
reach_trash_can | take_pear,G(take_pear | reach_trash_can)
!G!(get_help & X get_help),G(get_help | X(get_help | X(get_help)))
G!(bar_is_down | motorbike_is_driven) | F((bar_is_down | motorbike_is_driven) & F sensor_gathers_information),F((bar_is_down | motorbike_is_driven) & F(sensor_gathers_information))
G(bar_is_down | motorbike_has_started | motorbike_is_driven),G(motorbike_has_started -> (motorbike_is_driven | bar_is_down))
GF charger_1 & F(house_4 & F(p_box_4 & F(house_9 & pd))),G F charger_1 & F (house_4 & F (p_box_4 & F (house_9 & F pd)))
F go_to_transh_can & F got_to_house,F(go_to_transh_can & F(got_to_house))
venture_towards_house -> F present_at_flag,G(venture_towards_house -> F present_at_flag)
!get_help U change_light_west_green,G(!get_help U change_light_west_green)
F proceed_to_flag | F go_by_tree,G((proceed_to_flag | go_by_tree) -> F(proceed_to_flag | go_by_tree))
G!(car_starts & semaphore_is_red) | F(car_starts & semaphore_is_red & F sensor_gathers_information),F(car_starts & semaphore_is_red & F(sensor_gathers_information))
F capture_pear U seize_apple,G(capture_pear U seize_apple)
go_visit_flag & F grab_apple,G((grab_apple & go_visit_flag) -> F(go_visit_flag))
G!drop_apple & F go_by_waste_basket,G(!drop_apple) & G(go_by_waste_basket -> F(drop_apple))
F go_to_trash_bin -> F come_home,G(go_to_trash_bin -> F(come_home))
F get_help -> (!get_help U (!get_help & photo_motorcycle_northeast_7th_street)),G(get_help -> !get_help R photo_motorcycle_northeast_7th_street)
F(table_2 & F(p_brochure_5 & F(pd & street_5))),!pd | F(pd & F(p_brochure_5 & F(street_5)))
GF(storage_4 & F(p_crate_1 & F(office_2 & pd))),G(p_crate_1 & storage_4 -> F(p_crate_1 & office_2))
F parking_lot_2 & G!pd,G(parking_lot_2 -> !pd)
pick_up_pear U F take_possession_of_bear,pick_up_pear U take_possession_of_bear
G!(motorbike_has_stopped | train_stops) | F((motorbike_has_stopped | train_stops) & F(escalator_speeds_up | house_collapses)),F((train_stops | motorbike_has_stopped) & F(escalator_speeds_up | house_collapses))
gather_orange -> F move_forward_trash_can,G(gather_orange -> G(move_forward_trash_can))
F red_room & G!green_room,G(!green_room -> !red_room)
F avoid_probable_flood -> (!avoid_probable_flood U (!avoid_probable_flood & deliver_aid_safe_victim)),G(avoid_probable_flood -> X(!avoid_probable_flood R deliver_aid_safe_victim))
F((blue_room | yellow_room) & F green_room),G(green_room -> F((blue_room | yellow_room) & !yellow_room))
F(kitchen_1 & F(p_bottle_2 & F(hall_2 & G hall_2))),G(!(kitchen_1 & p_bottle_2) | F((kitchen_1 & p_bottle_2) & G(hall_2)))
F contact_house | G!let_go_apple,G(contact_house | G(!let_go_apple))
G!drop_apple & F reach_flag,G(!drop_apple) & G(reach_flag)
!room_2 U (kitchen_1 & F(p_bottle_4 & F(pd & table_4))),G(!room_2 U (p_bottle_4 & kitchen_1 & table_4))
G(motorbike_catches_fire -> G(escalator_moves -> F bar_has_to_be_repaired)),G(motorbike_catches_fire -> (escalator_moves -> F bar_has_to_be_repaired))
secure_apple U F withhold_apple,secure_apple U withhold_apple
G!(bar_is_up & house_is_open) | F(bar_is_up & house_is_open & F(car_starts | train_derails)),F(house_is_open & bar_is_up & F(car_starts | train_derails))
F get_help -> (!get_help U (!get_help & record_debris)),G(get_help -> !get_help R record_debris)
hold_apple & G move_around,G (move_around & hold_apple)
building_9 U (room_2 & F(p_bottle_3 & F(pd & room_6))),(building_9 & !p_bottle_3) U (p_bottle_3 & room_2 & F(room_6))
G!(bridge_closes & semaphore_is_yellow) | F(bridge_closes & semaphore_is_yellow & F(escalator_moves & train_stops)),!(semaphore_is_yellow & bridge_closes) | F((semaphore_is_yellow & bridge_closes) & F(escalator_moves & train_stops))
F withhold_apple | G!drop_apple,G((!drop_apple | !withhold_apple) -> (withhold_apple | G(!drop_apple)))
F(house_is_built & table_has_been_moved),F(table_has_been_moved & F(house_is_built))
F red_room,G red_room
G have_in_orange & F start_going_to_house,G(have_in_orange & start_going_to_house)
F blue_room,G blue_room
G!(escalator_is_blocked & sensor_captures_data) | F(escalator_is_blocked & sensor_captures_data & F bridge_closes),F(escalator_is_blocked & sensor_captures_data & F(bridge_closes))
hold_orange | G!drop_orange,G(hold_orange | G(!drop_orange))
take_to_tree U F seize_orange,take_to_tree U G(seize_orange -> G(seize_orange))
!G!(photo_gas_leak & X photo_gas_leak),G(photo_gas_leak | X(photo_gas_leak | X(photo_gas_leak)))
F travel_house | G!let_go_orange,G((travel_house | !travel_house) -> (travel_house | G(!let_go_orange)))
G!drop_pear | F go_near_pear,G(!drop_pear) | G(go_near_pear)
travel_to_tree U F go_by_flag,travel_to_tree U go_by_flag
go_to_bucket | move_towards_trash_can,G(go_to_bucket | move_towards_trash_can)
G touch_flag | F contact_house,G(touch_flag | contact_house)
F pickup_sports_ball -> (!pickup_sports_ball U (pickup_giraffe & !pickup_sports_ball)),G(pickup_sports_ball -> !pickup_sports_ball R pickup_giraffe)
walk -> going_to_tree,G(walk <-> going_to_tree)
F!record_jaywalker_south_7th_street,G(!record_jaywalker_south_7th_street)
hold_apple & hold_on_to_pear,G(hold_apple & hold_on_to_pear)
G!(bar_has_to_be_repaired | car_enters) | F((bar_has_to_be_repaired | car_enters) & F(constructor_creates_instances | table_is_old)),F((car_enters | bar_has_to_be_repaired) & F((constructor_creates_instances | table_is_old)))
F(house_3 & F(p_pass_2 & F(office_2 & pd))) & (!street_5 U p_pass_2),F(house_3 & p_pass_2 & F(office_2 & G!((!p_pass_2) & street_5)))
F(store_6 & F(p_box_1 & F(house_9 & pd))) & F(intersection_5 & G intersection_5),G(!pd | F(pd & store_6 & p_box_1 & F(house_9 & p_box_1 & F(intersection_5 & G(intersection_5)))))
(!street_4 U intersection_6) & FG street_4,(!street_4 U intersection_6) & G(intersection_6 -> (street_4 & G(street_4)))
G!(constructor_instantiate_objects & elevator_rises) | F(constructor_instantiate_objects & elevator_rises & F train_has_arrived),!(constructor_instantiate_objects & elevator_rises) | F((constructor_instantiate_objects & elevator_rises) & F(train_has_arrived))
grip_apple & keep_apple,G(grip_apple & keep_apple)
G locality_5 & F(office_3 & F(p_package_5 & F(office_6 & pd))),G((p_package_5 & office_3) -> (locality_5 U (p_package_5 & office_6)))
F(p_dish_2 & parking_lot_2),F(parking_lot_2 & F(p_dish_2))
F(blue_room & F yellow_room),G(yellow_room -> F(blue_room))
record_person_south_7th_street -> X((photo_motorcycle_north_1st_avenue U change_light_east_yellow) | G photo_motorcycle_north_1st_avenue),G(record_person_south_7th_street -> X(photo_motorcycle_north_1st_avenue U change_light_east_yellow | G(photo_motorcycle_north_1st_avenue)))
take_to_trash_can & F travel_to_flag,G(take_to_trash_can) & G(travel_to_flag)
F got_to_house | G!drop_orange,F(got_to_house | G(!drop_orange))
G hold_onto_orange | GF go_to_waste_basket,G(hold_onto_orange | F(go_to_waste_basket & F(!go_to_waste_basket & F(go_to_waste_basket))))
G(get_help -> XG!record_pedestrian_northeast_10th_street),G(get_help -> G(!record_pedestrian_northeast_10th_street))
F(arch_2 & photo & F(park_8 & G park_8)),F(photo & F(park_8 & G(park_8)))
go_by_waste_bin | secure_apple,G(secure_apple | go_by_waste_bin)
GF go_to_apple_trashcan & F clutch_orange,G(go_to_apple_trashcan) & G(clutch_orange -> F(go_to_apple_trashcan))
!room_4 U building_4,G(!room_4 U building_4)
G!drop_apple | F going_to_flag,G(!drop_apple) & G(!going_to_flag)
F venture_house | G go_by_trash_can,G(venture_house | G(go_by_trash_can))
!G!(get_help & X get_help),G(get_help | X(get_help | X(get_help)))
F going_to_flag -> F touch_tree,G(going_to_flag -> F(touch_tree))
G!(engine_breaks | semaphore_is_yellow) | F((engine_breaks | semaphore_is_yellow) & F(elevator_is_open | train_derails)),F(engine_breaks | semaphore_is_yellow) & F(elevator_is_open | F(train_derails))
!let_go_orange -> approach_trash_can,G(!let_go_orange -> approach_trash_can)
!let_go_pear & F withdraw_pear,G(withdraw_pear -> !let_go_pear)
G!drop_orange -> F spend_time_at_tree,G(!drop_orange) & G(spend_time_at_tree)
G go_by_trash_can | F walk_to_flag,G(go_by_trash_can | walk_to_flag)
communicate_safe_rescuer U deliver_aid_safe_victim,G(communicate_safe_rescuer -> F(deliver_aid_safe_victim))
G(go_home -> XF avoid_nearest_debris),G(go_home -> X G(!avoid_nearest_debris))
G!street_7 & F(store_9 & F(p_package_3 & F(house_1 & pd))),G((store_9 & p_package_3) -> (G(!street_7) U house_1))
G(deliver_bed_loading_dock -> XG!search_wine_glass),G(deliver_bed_loading_dock -> G(!search_wine_glass))
G!(escalator_is_blocked & sensor_captures_data) | F(escalator_is_blocked & sensor_captures_data & F(manager_handles_requests & motorbike_falls_down)),!(sensor_captures_data & escalator_is_blocked) | F((sensor_captures_data & escalator_is_blocked) & F(manager_handles_requests & motorbike_falls_down))
parking_lot_4 U car_5,!parking_lot_4 U car_5
hold_orange & F go_to_tree,G(go_to_tree & hold_orange)
G!(house_collapses & train_is_crossing) | F(house_collapses & train_is_crossing & F(escalator_is_blocked | table_is_old)),F(train_is_crossing & house_collapses & F(escalator_is_blocked | table_is_old))
GF(locality_7 & photo) & G!park_3,G(!park_3 & (photo & locality_7))
G(communicate_injured_victim -> XG!communicate_safe_hostile),G(communicate_injured_victim -> G(!communicate_safe_hostile))
F journey_to_flag -> capture_orange,F(journey_to_flag & capture_orange)
G((house_collapses | semaphore_is_green) -> G(constructor_creates_instances | house_is_built)),G((constructor_creates_instances | G((semaphore_is_green | house_collapses) -> F(house_is_built))))
G(photo_debris -> F record_safe_rescuer) -> GF avoid_impending_debris,G(G(photo_debris -> F(record_safe_rescuer)) -> G F(avoid_impending_debris))
G hold_onto_orange | F journey_to_house,G(hold_onto_orange | journey_to_house)
F green_room,G green_room
take_to_trashcan | G!drop_orange,G(!drop_orange & !take_to_trashcan)
F(parking_lot_2 & F(p_cone_5 & F(pd & street_1))),G(!parking_lot_2 | F(parking_lot_2 & F(p_cone_5 & F(street_1 & pd))))
!let_go_pear | F journey_by_flag,F(journey_by_flag | !let_go_pear)
F change_light_west_yellow -> (!change_light_west_yellow U (!change_light_west_yellow & get_help)),G(change_light_west_yellow -> !change_light_west_yellow R get_help)
G(deliver_suitcase_shelf -> XF deliver_backpack_loading_dock),G(deliver_suitcase_shelf -> F(deliver_backpack_loading_dock))
take_orange | GF make_way_to_house,G(F(make_way_to_house | take_orange))
G((semaphore_is_yellow & train_stops) -> G(semaphore_is_green | sensor_retrieves_data)),G(semaphore_is_green | G((semaphore_is_yellow & train_stops) -> F(sensor_retrieves_data)))
G((change_light_south_yellow <-> photo_car_southeast_4th_avenue) -> (photo_car_southeast_4th_avenue <-> record_pedestrian_southeast_7th_street)),G((change_light_south_yellow & photo_car_southeast_4th_avenue) -> (photo_car_southeast_4th_avenue & record_pedestrian_southeast_7th_street))
G touch_flag | F start_going_to_tree,G(touch_flag | G(start_going_to_tree))
G(record_jaywalker_northwest_8th_street -> XG!record_cyclist_south_10th_avenue),G(record_jaywalker_northwest_8th_street -> G(!record_cyclist_south_10th_avenue))
drop_pear & move_to_trashcan,G(move_to_trashcan & drop_pear)
move_to_house & F visit_house,G(visit_house & move_to_house)
F(photo & statue_2) & (!statue_2 U park_5),G(!statue_2 U (park_5 & photo))
G((house_collapses | table_is_old) -> G(elevator_falls & escalator_speeds_up)),G((house_collapses | table_is_old) -> (elevator_falls & F(escalator_speeds_up)))
G!(elevator_is_blocked & train_stops) | F(elevator_is_blocked & train_stops & F(motorbike_is_driven & table_has_been_moved)),!(train_stops & elevator_is_blocked) | F((train_stops & elevator_is_blocked) & F(table_has_been_moved & motorbike_is_driven))
G!(car_enters & motorbike_catches_fire) | F(car_enters & motorbike_catches_fire & F(bar_is_closing & elevator_is_blocked)),F(motorbike_catches_fire & car_enters & F(bar_is_closing & elevator_is_blocked))
G((brake_is_released | sensor_captures_data) -> G(car_starts & table_is_brown)),G(table_is_brown & G((sensor_captures_data | brake_is_released) -> F(car_starts)))
record_jaywalker_south_1st_street U photo_pedestrian_north_6th_avenue,!record_jaywalker_south_1st_street | F(record_jaywalker_south_1st_street & F(photo_pedestrian_north_6th_avenue))
F change_light_north_red & F record_vehicle_south_9th_street,F(change_light_north_red & F(record_vehicle_south_9th_street))
!let_go_pear & travel_to_apple,G(travel_to_apple & !let_go_pear)
F change_light_north_green -> (!change_light_north_green U (!change_light_north_green & get_help)),G(change_light_north_green -> !change_light_north_green R get_help)
"GF charger_5 & GF("" photo"" & ""region_4 "")","G("" photo"" & ""region_4 "" -> X("" photo"" & ""region_4 "" & charger_5))"
G!(avoid_probable_unstable_beam & go_home) & G(avoid_probable_unstable_beam | go_home),G(!go_home & !avoid_probable_unstable_beam) & G(go_home | avoid_probable_unstable_beam)
GF go_to_apple_trashcan -> F make_to_flag,G(go_to_apple_trashcan -> G(make_to_flag))
G!(manager_collect_claims & semaphore_is_broken) | F(manager_collect_claims & semaphore_is_broken & F train_has_arrived),F(manager_collect_claims & semaphore_is_broken & F(train_has_arrived))
F record_cyclist_northwest_6th_street -> (!record_cyclist_northwest_6th_street U (get_help & !record_cyclist_northwest_6th_street)),G(record_cyclist_northwest_6th_street -> !record_cyclist_northwest_6th_street R get_help)
area_5 U (store_2 & F(p_package_8 & F(house_9 & pd))),(area_5 & !p_package_8) U (store_2 & p_package_8 & F(house_9 & p_package_8))
G!(constructor_creates_instances & train_has_been_launched) | F(constructor_creates_instances & train_has_been_launched & F(car_enters | motorbike_falls_down)),F((constructor_creates_instances & train_has_been_launched) & F(car_enters | motorbike_falls_down))
pick_up_orange | F scoop_up_pear,G(F(scoop_up_pear | pick_up_orange))
(!landmark_5 U park_5) & F(landmark_5 & photo),G(!landmark_5 U park_5) & F(photo)
F(arch_4 & photo) & G!park_2,F(photo & arch_4) & G!(photo & park_2)
(prop_1 <-> prop_3) & G prop_2,G prop_2 & G(prop_1 <-> prop_3)
prop_1 | F prop_2,G(prop_1 | prop_2)
prop_1 & F prop_2,G(prop_1) & F(prop_2)
F(prop_1 & F prop_2),G(prop_1 -> G(prop_2))
prop_1 & GF prop_2,prop_1 & G(prop_2)
G((prop_1 | prop_3) -> GF prop_2),G((prop_1 | prop_3) -> G(prop_2))
F(prop_1 | GF prop_2),G(prop_1 | G(prop_2))
(prop_2 -> prop_3) -> F prop_1,G((prop_2 & prop_3) -> F prop_1)
!prop_1 & (prop_2 | prop_3),G(!prop_1 & (prop_3 | prop_2))
F(prop_1 <-> prop_2) -> prop_3,F((prop_1 <-> prop_2) & F(prop_3))
prop_1 -> F prop_2,G(prop_1 -> F prop_2)
G(F prop_1 & G!prop_2),G(prop_1) & G(!prop_2)
G(prop_1 & F prop_2),G prop_1 & F prop_2
prop_3 & (!prop_1 -> prop_2),G(!prop_1 -> (prop_2 & prop_3))
F(prop_1 U prop_2),G(prop_1 U prop_2)
F prop_1 -> prop_2,F(prop_1 & prop_2)
(prop_1 | prop_3) <-> G prop_2,G(prop_2 <-> (prop_1 | prop_3))
G((prop_2 | prop_3) -> F prop_1),G((prop_2 | !prop_3) -> F prop_1)
(prop_1 -> prop_3) <-> G prop_2,G(prop_2) <-> G(prop_1 -> prop_3)
(prop_1 | prop_2 | prop_4) -> prop_3,G((prop_4 | prop_1 | prop_2) -> prop_3)
prop_3 -> (prop_1 & prop_2),G(prop_3 -> (prop_2 & prop_1))
F prop_1,G prop_1
prop_1 | G(prop_2 -> prop_3),G((prop_2 -> prop_3) | prop_1)
F prop_2 -> (prop_1 & prop_3),G(F(prop_2) -> (prop_1 & prop_3))
G((prop_2 | prop_3) -> (prop_4 U prop_1)),G((prop_3 | prop_2) -> (prop_1 U prop_4))
F(prop_1 | F prop_2),G(prop_1 | prop_2)
!prop_3 | (prop_1 <-> prop_2),G((prop_1 <-> prop_2) | !prop_3)
F(prop_1 | G prop_2),G(prop_1 | G(prop_2))
!(prop_1 | (prop_2 & prop_3)),G(!(prop_3 & (prop_2 | prop_1)))
prop_1 | prop_2,G(prop_1 | prop_2)
prop_2 & (prop_3 -> prop_1),G((prop_3 -> prop_1) & prop_2)
G prop_1 -> (!prop_3 -> prop_2),G(prop_1) -> G(!prop_3 -> prop_2)
(prop_1 & prop_3) -> G prop_2,G((prop_1 & prop_3) -> G(prop_2))
F prop_1 -> (prop_2 <-> prop_3),F(prop_1) -> G(prop_3 <-> prop_2)
prop_1 | ((prop_3 <-> prop_4) -> prop_2),G(((prop_3 <-> prop_4) -> prop_2) | prop_1)
G(!prop_1 & F prop_2),G(!prop_1) & G(prop_2)
(prop_3 U prop_2) -> prop_1,G((prop_3 U prop_2) -> F prop_1)
F prop_1 -> GF prop_2,G(prop_1 -> G(prop_2))
(!prop_2 <-> prop_3) | G prop_1,G(prop_1) | (G(!prop_2) <-> G(prop_3))
G((prop_2 & prop_3) -> GF prop_1),G((prop_2 & prop_3) -> G(prop_1))
F(prop_1 U F prop_2),G(prop_1 U G(prop_2))
prop_1 | prop_3 | (prop_2 & prop_4),F((prop_2 & prop_4) | prop_3 | prop_1)
prop_2 | (prop_1 & prop_3 & prop_4),G((prop_4 & prop_3 & prop_1) | prop_2)
G prop_2 -> (prop_1 & prop_3),G(prop_2 -> (prop_1 & prop_3))
!prop_2 U (prop_1 <-> prop_3),G(!prop_2 -> (prop_2 U (prop_1 <-> prop_3)))
G!(prop_2 -> prop_1) -> prop_3,G(G(prop_2 -> !prop_1) -> prop_3)
!prop_2 -> (prop_1 <-> prop_3),G(!prop_2 -> (prop_3 <-> prop_1))
G(F prop_1 & F prop_2),G(prop_1) & G(prop_2)
(prop_1 | prop_3) U (prop_2 & prop_4),G((prop_1 | prop_3) -> ((prop_1 | prop_3) U (prop_2 & prop_4)))
prop_1 | prop_3 | (prop_4 U prop_2),G((prop_4 U prop_2) | prop_3 | prop_1)
(prop_1 -> prop_4) <-> (prop_2 & prop_3),G((prop_3 & prop_2) <-> (prop_1 & F prop_4))
G((prop_2 & prop_3) -> prop_1),G((prop_3 & prop_2) -> F(prop_1))
prop_1 | prop_4 | (prop_2 <-> prop_3),G((prop_2 <-> prop_3) | (prop_1 | prop_4))
prop_1 | prop_2 | F prop_3,G(prop_3 | (prop_1 | prop_2))
G(!prop_1 | F prop_2),G(!prop_1) | G(prop_2)
!(prop_1 & prop_3) -> prop_2,G(!(prop_1 & prop_3) -> prop_2)
F(prop_1 & prop_2),G((prop_1 & prop_2) -> (prop_1 & prop_2))
!prop_1 | prop_2 | prop_3,G(!prop_1 | prop_2 | prop_3)
(prop_2 -> prop_4) & (prop_3 U prop_1),(prop_3 U prop_1) & G(prop_2 -> prop_4)
(prop_2 & prop_3) -> !prop_1,G((prop_3 & prop_2) -> G(!prop_1))
(prop_1 | prop_2) & G prop_3,G((prop_1 | prop_2) & prop_3)
G((prop_1 | prop_4) -> (prop_2 | prop_3)),G((prop_4 | prop_1) -> (X prop_2 | X !prop_3))
prop_4 -> ((prop_2 & prop_3) U prop_1),(prop_4 & prop_3 & prop_2) U prop_1
!prop_2 | (prop_3 U prop_1),(prop_3 U prop_1) | G(!prop_2)
(prop_2 | prop_3) -> F prop_1,G((prop_2 | prop_3) -> F prop_1)
(prop_4 -> prop_3) U (prop_1 <-> prop_2),G((prop_4 -> prop_3) U (prop_1 <-> prop_2))
(prop_3 -> prop_2) -> !prop_1,G((prop_3 & prop_2) -> G(!prop_1))
G prop_1 -> F prop_2,G(prop_1 -> F(prop_2))
prop_1 | !prop_2 | prop_3,G(!prop_2 | prop_3 | prop_1)
prop_4 <-> ((prop_1 & prop_2) -> prop_3),G((prop_1 & prop_2) -> (prop_3 <-> prop_4))
(prop_1 -> prop_2) & G prop_3,G(prop_3 & (prop_1 -> prop_2))
!(prop_2 <-> prop_3) -> prop_1,G(!(prop_2 <-> prop_3) -> prop_1)
prop_3 -> (prop_1 U prop_2),G(prop_3 -> (prop_1 U prop_2))
prop_1 & prop_2 & !prop_3,G(!prop_3 & prop_2 & prop_1)
(prop_1 <-> prop_3) | F prop_2,F(prop_2 | (prop_3 <-> prop_1))
prop_1 U F prop_2,prop_1 U prop_2
prop_1 <-> prop_2,G(prop_1 <-> prop_2)
F(prop_1 | G!prop_2),G(prop_1 | G(!prop_2))
F(prop_1 | prop_2),G(prop_1 | prop_2)
F(prop_1 | prop_3) -> prop_2,G((prop_1 | prop_3) -> F(prop_2))
(prop_3 -> prop_1) | (prop_2 & prop_4),G(((prop_4 & prop_2) | prop_3) -> prop_1)
(prop_2 & prop_3) -> ((prop_4 & prop_5) U prop_1),((prop_3 & prop_2) & (prop_4 & prop_5)) U prop_1
F prop_1 -> (prop_3 -> prop_2),G(F(prop_1 & prop_3) -> F(prop_2))
(prop_2 <-> prop_4) & (prop_1 -> prop_3),G((prop_2 <-> prop_4) & (prop_3 -> prop_1))
(prop_2 -> prop_3) & F prop_1,F prop_1 & G(prop_2 -> F prop_3)
F prop_1 -> F prop_2,G(F prop_1 <-> F prop_2)
G(!prop_1 | prop_2),G(!(prop_1 | prop_2))
G prop_1 -> (prop_3 -> prop_2),G(prop_1) -> G(prop_3 -> prop_2)
G prop_3 -> (prop_1 | prop_2),G(prop_3 -> (prop_1 | prop_2))
G((prop_2 | prop_3) -> (prop_1 & prop_4)),G((prop_2 | prop_3) -> (prop_4 & G(!prop_1)))
F(prop_1 & !F prop_2),G(prop_1 & !prop_2)
prop_1 -> G!prop_2,G(prop_1 -> G(!prop_2))
F(prop_2 & (prop_1 -> prop_3)),F((prop_1 -> (prop_3 & prop_2)))
(prop_2 <-> prop_3) & (prop_1 | prop_4),G((prop_3 <-> prop_2) & (prop_1 | prop_4))
prop_1 <-> F(prop_2 | prop_3),(F prop_3 | prop_2) <-> prop_1
prop_1 & prop_2,G(prop_1 & prop_2)
prop_4 <-> ((prop_1 & prop_2) U prop_3),G((prop_1 & prop_2) U prop_3 -> prop_4)
(prop_2 | prop_3) <-> (prop_1 & prop_4),G((prop_2 | prop_3) <-> (prop_1 & prop_4))
(prop_3 -> prop_1) | (prop_4 U prop_2),G(prop_3 -> (prop_1 | (prop_4 U prop_2)))
prop_3 <-> (prop_2 | (prop_1 & prop_4)),G(((prop_1 & prop_4) | prop_2) <-> prop_3)
G(F prop_1 | F prop_2),G(prop_1) | F(prop_2)
!prop_1 <-> (prop_2 & prop_3),G((prop_2 & prop_3) <-> !prop_1)
(prop_1 | prop_3) <-> (prop_2 U prop_4),G((prop_2 U prop_4) <-> (prop_1 | prop_3))
prop_1 | ((prop_2 & prop_3) U prop_4),G((prop_2 & prop_3) U (prop_4 | prop_1))
prop_3 & F(prop_2 -> prop_1),F(prop_2 & F(prop_1 & prop_3))
!prop_2 <-> (prop_1 | prop_3),G(!prop_2 <-> (prop_3 | prop_1))
prop_1 | GF prop_2,prop_1 | G(prop_2)
(prop_2 & !prop_3) -> prop_1,G((!prop_3 & prop_2) -> prop_1)
prop_1 -> prop_2,G(prop_1 -> prop_2)
!prop_2 & (prop_1 -> prop_3),G(prop_1 -> (prop_3 & !prop_2))
!prop_1 & (prop_2 <-> prop_3),G((prop_2 <-> prop_3) & !prop_1)
prop_2 & (prop_3 <-> (prop_1 & prop_4)),G((prop_4 & prop_1) <-> (prop_3 & prop_2))
prop_2 | (!prop_1 & prop_3),G((!prop_1 & prop_3) | prop_2)
!prop_2 | (prop_3 -> prop_1),G(prop_3 -> (prop_1 | !prop_2))
(prop_3 -> prop_2) U !prop_1,G(prop_3 -> (prop_2 U !prop_1))
F(prop_1 & GF prop_2),F(prop_1 & G(prop_2))
(!prop_1 <-> prop_3) -> F prop_2,G((!prop_1 <-> prop_3) -> F prop_2)
prop_1 | prop_2 | G prop_3,G(prop_3) | F(prop_2 | prop_1)
G!prop_1 -> F prop_2,G(!prop_1) -> G(prop_2)
!prop_1 & prop_3 & G prop_2,G(!prop_1 & prop_3 & prop_2)
(prop_3 & prop_4) -> (prop_2 -> (prop_1 & prop_5 & prop_6)),G(prop_4 & prop_3) & G(prop_2 -> F(prop_5 & prop_6 & prop_1))
(prop_4 & (prop_1 <-> prop_3)) -> prop_2,G((prop_3 <-> (prop_1 & prop_4)) -> prop_2)
F(prop_1 -> G prop_2),G(prop_2 -> G(prop_1))
prop_3 & !(prop_1 <-> prop_2),G(!(prop_1 <-> (prop_2 & prop_3)))
prop_2 & (prop_1 <-> (prop_3 -> prop_4)),G((prop_3 -> prop_4) <-> (prop_1 & prop_2))
prop_2 <-> (prop_1 & prop_3),G((prop_1 & prop_3) <-> prop_2)
!(F prop_1 | F prop_2),G(!prop_1) & G(prop_2 -> prop_2)
(prop_2 -> prop_3) -> (prop_1 <-> prop_4),G((prop_2 & prop_3) -> (prop_4 <-> prop_1))
(prop_2 & prop_3) <-> (prop_4 U prop_1),G((prop_3 & prop_2) <-> (prop_4 U prop_1))
GF prop_1 -> prop_2,G(prop_1 -> F(prop_2))
(prop_1 -> prop_2) U (prop_3 | prop_4),G(prop_1 -> (G(!prop_3 & !prop_4) & F(prop_2)))
(prop_4 <-> (prop_1 | prop_2)) -> prop_3,G((prop_2 | prop_1) <-> prop_4 -> prop_3)
(prop_1 <-> prop_2) -> (prop_4 -> prop_3),G((prop_2 <-> prop_1) -> (prop_4 -> prop_3))
(prop_1 <-> prop_2) -> (prop_3 & prop_4),G((prop_1 <-> prop_2) -> (prop_4 & prop_3))
prop_3 <-> (prop_1 | prop_2 | prop_4),G((prop_1 | prop_2 | prop_4) <-> prop_3)
(prop_3 U prop_1) -> !prop_2,G((prop_3 U prop_1) -> G(!prop_2))
!prop_3 -> (prop_1 & prop_2),G(!prop_3 -> (prop_2 & prop_1))
!(prop_2 U prop_1) -> prop_3,!(G(!prop_2) U prop_1) -> prop_3
!prop_2 <-> (prop_1 U prop_3),G(!prop_2) <-> (prop_1 U prop_3)
((prop_2 <-> prop_4) U prop_1) -> prop_3,G((prop_2 <-> prop_4) U (prop_1 & prop_3))
(prop_1 | prop_4) & (prop_2 | prop_3),G((prop_4 | prop_1) & (prop_3 | prop_2))
prop_2 & G(prop_1 <-> !prop_3),G((!prop_3) <-> (prop_1 & prop_2))
(prop_4 -> prop_1) <-> (prop_3 U prop_2),(prop_3 U prop_2) <-> (prop_4 & F prop_1)
(prop_1 & !prop_3) -> F prop_2,G((!prop_3 & prop_1) -> F prop_2)
(prop_1 & prop_2) <-> G prop_3,G(prop_3 <-> (prop_1 & prop_2))
(prop_3 -> prop_1) <-> (prop_2 | prop_4),G((prop_4 | prop_2) -> (prop_3 <-> prop_1))
(prop_2 | prop_4) -> (prop_1 | prop_3),G((prop_2 | prop_4) -> (prop_3 | prop_1))
prop_1 & !prop_2 & prop_3,G(!prop_2) & G(prop_1) & G(prop_3)
!prop_2 -> (prop_1 | prop_3),G(!prop_2 -> (prop_3 | prop_1))
G((prop_1 & prop_3) -> FG prop_2),G((prop_1 & prop_3) -> prop_2)
(prop_3 -> prop_1) -> prop_2,G((prop_3 -> F(prop_1)) -> prop_2)
G(prop_1 | prop_2) -> prop_3,G((prop_2 | prop_1) -> F(prop_3))
!(F prop_1 U F prop_2),!prop_1 U prop_2
!prop_1 | (prop_3 <-> F prop_2),G((prop_2 <-> prop_3) | G(!prop_1))
prop_1 | ((prop_3 & prop_4) -> prop_2),G((prop_4 & prop_3) -> (F(prop_2) | F(prop_1)))
(prop_1 <-> prop_2) -> G prop_3,G((prop_1 <-> prop_2) -> G(prop_3))
(prop_2 & prop_3) | G prop_1,G(G prop_1 | (prop_3 & prop_2))
F(prop_1 U G!prop_2),G(prop_1 U G(!prop_2))
(prop_3 -> prop_2) -> G prop_1,G((prop_3 -> prop_2) -> G(prop_1))
G(prop_1 | F prop_2),G(prop_1 | prop_2)
!prop_1 U (prop_3 -> prop_2),G(!prop_1 U (prop_3 -> prop_2))
(prop_1 -> !prop_3) & G prop_2,G(prop_3 -> !prop_1) & G(prop_2)
(prop_1 <-> prop_2) -> F prop_3,G((prop_1 <-> prop_2) -> F prop_3)
!prop_2 | (prop_1 & prop_3),G((prop_3 & prop_1) | !prop_2)
(prop_2 -> prop_3) | G prop_1,G(prop_1 | (prop_2 -> prop_3))
(prop_3 <-> prop_4) | (prop_2 U prop_1),G((prop_4 <-> prop_3) | (prop_2 U prop_1))
prop_2 & (prop_1 <-> prop_3),G((prop_1 <-> prop_3) & prop_2)
F(prop_1 & G!prop_2),G(prop_1 | !prop_1) & G(!prop_2)
(!prop_2 | prop_3) -> prop_1,G((!prop_2 | prop_3) -> prop_1)
prop_3 & ((prop_1 <-> prop_4) -> prop_2),G((prop_1 <-> prop_4) -> (prop_2 & prop_3))
(prop_1 U prop_3) -> (prop_4 -> prop_2),G((prop_1 U prop_3) -> (prop_4 -> prop_2))
prop_1 & prop_4 & (prop_3 U prop_2),G((prop_3 U prop_2) & prop_1 & prop_4)
F prop_1 -> G prop_2,G(prop_1 -> G(prop_2))
((prop_1 | prop_4) U prop_3) -> prop_2,G(((prop_4 | prop_1) U prop_3) -> prop_2)
(prop_1 & prop_2) -> F prop_3,G((prop_2 & prop_1) -> F(prop_3))
!(prop_1 & GF prop_2),G(!prop_1) & G F prop_2
prop_1 <-> ((prop_2 | prop_3) -> prop_4),G((F(prop_3 | prop_2) -> prop_4) <-> prop_1)
G((prop_3 U prop_2) -> FG prop_1),G((prop_2 U prop_3) -> F(prop_1))
prop_2 & prop_3 & F prop_1,F(prop_1 & (prop_3 & prop_2))
!(prop_1 & F prop_2),G(!prop_1) & F(prop_2)
G((prop_2 | prop_3) -> !F prop_1),G((prop_3 | prop_2) -> prop_1)
!(prop_1 | prop_2),G(!(prop_1 | prop_2))
(prop_3 -> prop_2) <-> (prop_1 <-> prop_4),G((prop_3 -> prop_2) <-> (prop_4 <-> prop_1))
prop_1,G prop_1
(prop_1 | prop_3) & F prop_2,G((prop_3 | prop_1) & F(prop_2))
G(!prop_1 & prop_2),G(!(prop_1 & prop_2))
F(prop_1 & !prop_2),G(prop_1 & !prop_2)
prop_2 & prop_4 & (prop_3 -> prop_1),G((prop_2 & prop_4) & (prop_3 -> prop_1))
GF prop_1 -> F prop_2,G(prop_1 -> F(prop_2))
prop_3 & G(prop_1 <-> prop_2),G((prop_1 <-> prop_2) & prop_3)
prop_1 <-> F(prop_2 & prop_3),G(F(prop_2 & prop_3) <-> prop_1)
(prop_1 <-> prop_3) -> !prop_2,G((prop_1 <-> prop_3) -> !prop_2)
!prop_1 & prop_2 & prop_3,G((prop_2 & prop_3) & !prop_1)
(prop_1 | (prop_3 & prop_4)) -> prop_2,G(((prop_3 & prop_4) | prop_1) -> prop_2)
G prop_3 -> (prop_1 <-> prop_2),G(prop_3) -> G(prop_2 <-> prop_1)
(prop_1 -> prop_2) | (prop_3 <-> prop_4),G((prop_1 -> prop_2) <-> (prop_4 <-> prop_3))
!(prop_2 | prop_3) -> prop_1,G(!(prop_3 | prop_2) -> prop_1)
(prop_2 & prop_3) <-> F prop_1,G((prop_2 & prop_3) <-> F prop_1)
(prop_1 | !prop_2) -> F prop_3,G((!prop_2 | prop_1) -> prop_3)
(prop_2 <-> prop_4) | (prop_1 & prop_3),G((prop_1 & prop_3) | (prop_4 <-> prop_2))
prop_4 & (prop_3 | (prop_1 U prop_2)),G((prop_1 U (prop_2 | prop_3)) & prop_4)
G(!prop_1 | G!prop_2),G(!prop_1) | G(!prop_2)
prop_1 | prop_3 | (prop_4 -> prop_2),G((prop_4 -> prop_2) | (prop_3) | (prop_1))
prop_3 <-> ((prop_2 -> prop_4) U prop_1),((prop_2 & prop_4) U prop_1) <-> prop_3
(!prop_3 -> prop_4) | (prop_5 -> (prop_1 | prop_2)),G(!prop_3 -> prop_4) & G(prop_3 -> (prop_5 R (!prop_1 & !prop_2)))
!(prop_1 | F prop_2),G(!prop_1 & !prop_2)
(prop_1 <-> prop_2) | G prop_3,G((prop_1 <-> prop_2) | prop_3)
!prop_1 <-> (prop_3 -> prop_2),G(!prop_1 <-> (prop_3 -> prop_2))
(prop_2 -> prop_4) & (prop_3 -> prop_1),G((prop_2 -> prop_4) & (prop_3 -> prop_1))
G(prop_2 -> prop_1) -> prop_3,G((prop_2 -> prop_1) -> prop_3)
prop_1 & prop_4 & (prop_2 <-> prop_3),G((prop_1 & prop_4) & (prop_2 <-> prop_3))
prop_1 | prop_2 | prop_3 | prop_4,G(prop_2 | prop_1 | prop_3 | prop_4)
prop_1 & ((prop_2 | prop_3) -> prop_4),G((prop_2 | prop_4) -> (prop_3 & prop_1))
prop_4 <-> (prop_2 & (prop_1 -> prop_3)),G((prop_1) -> ((prop_3) & (prop_2))) <-> (prop_4)
prop_1 | !(prop_3 -> prop_2),G(!prop_3 -> (prop_2 | prop_1))
prop_1 | F(prop_2 -> prop_3),F(prop_2 & F(prop_3)) | prop_1
prop_3 | G(prop_1 & prop_2),G((prop_1 & prop_2) -> prop_3)
!prop_1 -> (prop_2 U prop_3),G(!prop_1 -> (prop_2 U prop_3))
prop_4 | ((prop_1 <-> prop_3) U prop_2),G((prop_3 <-> prop_1) U prop_2) | prop_4
G prop_1 -> prop_2,G(prop_1 -> prop_2)
G((prop_1 & prop_2) -> !G prop_3),G((prop_2 & prop_1) -> G(prop_3))
F(prop_1 U G prop_2),G(prop_1 U prop_2)
G!prop_1 -> prop_2,G(!prop_1 -> prop_2)
(prop_1 <-> prop_3) & F prop_2,G((prop_3 <-> prop_1) & F prop_2)
(prop_2 | prop_3) <-> F prop_1,G((prop_2 | prop_3) <-> prop_1)
prop_4 & (prop_1 | (prop_3 -> prop_2)),G((prop_3 -> prop_2) | prop_1) & G(prop_4)
(prop_3 | prop_4) U (prop_1 <-> prop_2),(prop_1 | prop_2) U (prop_4 <-> prop_3)
(prop_1 <-> prop_3) -> prop_2,G((prop_1 <-> prop_3) -> prop_2)
prop_1 -> GF prop_2,G(prop_1 -> G(prop_2))
(prop_1 | prop_4) U (prop_2 -> prop_3),G((prop_1 | prop_4) -> ((prop_1 | prop_4) U (prop_2 -> prop_3)))
(prop_1 & prop_2) -> (prop_4 -> prop_3),G((prop_1 & prop_2) -> (prop_4 -> prop_3))
(!prop_1 <-> prop_3) -> prop_2,G((!prop_1 <-> prop_3) -> prop_2)
(prop_3 -> prop_1) & (prop_2 | prop_4),G(prop_3 -> (prop_1 & (prop_2 | prop_4)))
(prop_2 & prop_4) U (prop_3 -> prop_1),G((prop_4 & prop_2) -> ((prop_4 & prop_2) U (prop_3 & prop_1)))
F(prop_1 & G prop_2),G(prop_1 & G(prop_2))
(prop_2 <-> prop_3) <-> G prop_1,G(prop_1 <-> (prop_2 <-> prop_3))
prop_3 <-> !(prop_1 | prop_2),G((!(prop_2 | prop_1)) <-> prop_3)
(prop_3 <-> prop_4) -> (prop_2 U prop_1),G((prop_4 <-> prop_3) -> (prop_2 U prop_1))
prop_3 | ((prop_1 | prop_2) -> prop_4),G((prop_1 | prop_2) -> F(prop_4)) & G(!(prop_1 | prop_2) -> F(prop_3))
G(!prop_1 U F prop_2),G(!prop_1 U G(prop_2))
prop_1 & prop_3 & G prop_2,G(prop_2 & prop_1 & prop_3)
(prop_1 | prop_3) -> G prop_2,G((prop_3 | prop_1) -> G(prop_2))
!(F prop_1 & F prop_2),G(!prop_1) & G(prop_2 -> F(prop_2))
prop_3 <-> !(prop_1 & prop_2),G(!((prop_1 & prop_2) <-> prop_3))
(!prop_2 -> prop_3) U prop_1,G(!prop_2 -> (prop_3 U prop_1))
prop_2 | !(prop_1 <-> prop_3),G(!(prop_3 <-> prop_1) | prop_2)
F prop_1 -> (prop_2 | prop_3),G(prop_1 -> F(prop_2 | prop_3))
(prop_1 & prop_3) | F prop_2,G((prop_1 & prop_3) | F prop_2)
G((prop_1 | prop_3) -> !G prop_2),G((prop_1 | prop_3) -> G(!prop_2))
(prop_4 <-> (prop_1 | prop_2)) U prop_3,F((prop_1 | prop_2) <-> prop_4) U prop_3
F prop_1 -> (!prop_2 -> prop_3),G(prop_1 -> (G(!prop_2) -> F(prop_3)))
!(prop_1 & prop_2 & prop_3),G(!(prop_3 & prop_1 & prop_2))
!(prop_1 | !prop_2),G(!prop_1 | !prop_2)
(prop_1 & prop_2) <-> (prop_3 | prop_4),G((prop_1 & prop_2) <-> (prop_4 | prop_3))
(prop_1 & (prop_2 | prop_3)) -> prop_4,G((prop_2 | (prop_3 & prop_1)) -> prop_4)
F prop_1 -> G!prop_2,G(prop_1 -> G(!prop_2))
prop_1 & !prop_2,G(prop_1 & !prop_2)
(prop_1 U prop_3) -> (prop_2 | prop_4),G((prop_1 U prop_3) -> F(prop_4 | prop_2))
(prop_1 | prop_3) -> !prop_2,G((prop_3 | prop_1) -> !prop_2)
G(!prop_1 U prop_2),G(!(prop_1 U prop_2))
(prop_1 & prop_4) -> (prop_2 & prop_3),G((prop_1 & prop_4) -> (prop_3 & prop_2))
(prop_2 -> prop_1) U (prop_3 & prop_4),G(prop_2 -> (prop_1 U (prop_3 & prop_4)))
(prop_1 | (prop_2 U prop_3)) -> prop_4,G((prop_2 U prop_3) | prop_1 -> prop_4)
prop_3 <-> F(prop_2 -> prop_1),F(prop_2 & F(prop_1)) <-> prop_3
G(prop_2 <-> prop_3) -> prop_1,G((prop_2 <-> prop_3) -> prop_1)
prop_1 | G(prop_2 <-> prop_3),G((prop_2 <-> prop_3) | prop_1)
prop_3 -> ((prop_1 & prop_5) U (prop_2 & prop_4)),(prop_3) U ((prop_1) & (prop_5) & ((prop_2) & (prop_4)))
(prop_1 <-> prop_2) <-> F prop_3,G(F prop_3 <-> (prop_1 <-> prop_2))
(!prop_2 <-> prop_3) U prop_1,(!prop_2 <-> prop_3) U F prop_1
prop_3 | (prop_2 & (prop_4 -> prop_1)),G((prop_4 -> (prop_1 & prop_2)) | prop_3)
prop_4 | (prop_1 & (prop_2 | prop_3)),G((prop_3 | prop_2) & prop_1 | prop_4)
(prop_1 -> prop_3) <-> F prop_2,G((F prop_2 <-> prop_1) -> F prop_3)
!(prop_3 -> prop_1) -> prop_2,G((!prop_3 -> prop_1) -> prop_2)
prop_3 & (prop_1 <-> (prop_2 U prop_4)),G((prop_2 U prop_4) -> (prop_1 & prop_3))
(prop_2 U prop_4) -> (prop_1 <-> prop_3),G((prop_2 U prop_4) -> (prop_3 <-> prop_1))
prop_1 & G!prop_2,G(prop_1 & !prop_2)
prop_1 & prop_2 & prop_3 & prop_4,G((prop_3 & prop_4) & (prop_2 & prop_1))
(prop_3 & prop_4) -> (prop_1 | prop_2),G((prop_4 & prop_3) -> F(prop_1 | prop_2))
prop_1 & (prop_2 | prop_3),G((prop_3 | prop_2) & prop_1)
F prop_3 & (!prop_2 U prop_1),F prop_3 & (prop_2 R prop_1)
prop_2 & ((prop_1 -> prop_4) U prop_3),G((prop_1 & prop_4) U (prop_3 & prop_2))
prop_4 | (prop_2 <-> (prop_1 & prop_3)),G((prop_1 & prop_3) <-> (prop_2 | prop_4))
prop_2 | !(prop_1 & prop_3),G(!(prop_3 & prop_1) | prop_2)
(prop_2 <-> prop_4) U (prop_1 & prop_3),(!prop_3 | !prop_1) U (prop_3 & prop_1) & G((!prop_3 | !prop_1) -> ((prop_4 & prop_2) | (!prop_4 & !prop_2)))
prop_1 & prop_2 & prop_3,G(prop_1 & prop_3 & prop_2)
prop_1 | prop_2 | !prop_3,G(!prop_3 | prop_1 | prop_2)
(prop_3 & (prop_1 -> prop_2)) -> prop_4,G((prop_1 -> (prop_2 & prop_3)) -> prop_4)
(prop_4 -> prop_1) & (prop_2 <-> prop_3),G((prop_4 -> prop_1) & (prop_2 <-> prop_3))
prop_1 & G(prop_2 | prop_3),G(prop_3 | (prop_2 & prop_1))
(prop_1 | !prop_2) U prop_3,G((!prop_2 | prop_1) U prop_3)
(prop_2 & prop_4) -> (prop_1 U prop_3),G((prop_4 & prop_2) -> (prop_1 U prop_3))
!(prop_1 | (prop_3 U prop_2)),!(prop_3 U (prop_2 | prop_1))
prop_2 | (prop_1 & prop_3),G((prop_3 & prop_1) | prop_2)
!(prop_1 -> prop_2) U prop_3,G(!(prop_1 -> prop_2) U prop_3)
(prop_3 | prop_4) -> (prop_1 -> prop_2),G((prop_3 | prop_4) -> (prop_1 -> prop_2))
(F prop_1 -> prop_2) -> prop_3,G(F(prop_1 & prop_2) -> F(prop_3))
!(prop_1 & prop_2),G(!(prop_1 & prop_2))
(prop_1 -> prop_3) & G(prop_2 & prop_4),G(prop_1 -> F(prop_3)) & G(prop_2 -> G(prop_4))
(prop_1 & !prop_2) -> G prop_3,G((!prop_2 & prop_1) -> G(prop_3))
prop_3 & ((prop_2 -> prop_4) -> prop_1),G(prop_2 -> (prop_4 -> (prop_1 & prop_3)))
(prop_3 & (prop_1 U prop_4)) -> prop_2,G((prop_1 U (prop_4 & prop_3)) -> prop_2)
F(prop_1 | !F prop_2),G(prop_1 | !prop_2)
prop_1 | (prop_3 <-> (prop_2 -> prop_4)),G((prop_2 -> prop_4) <-> prop_3) | prop_1
!(prop_1 & !prop_2),G(!prop_1 & !prop_2)
(!prop_2 -> prop_3) <-> G prop_1,G(prop_1 <-> (!prop_2 -> prop_3))
prop_3 <-> (prop_2 & (prop_1 <-> prop_4)),G((prop_1 <-> (prop_4 & prop_2)) -> prop_3)
G(prop_1 U F prop_2),G(prop_1) U G(prop_2)
((prop_1 -> prop_4) U prop_3) -> prop_2,G((prop_1 & prop_4) U (prop_3 & prop_2))
!prop_3 -> (prop_2 -> prop_1),G(!prop_3 -> (prop_2 -> prop_1))
((prop_3 & prop_5) -> (prop_6 U prop_1)) & (prop_4 U !prop_2),G((prop_3 & prop_5) -> ((prop_6 U prop_1) & (prop_4 U !prop_2)))
prop_2 & prop_4 & (prop_1 | prop_3),G((prop_3 | prop_1) & prop_4 & prop_2)
prop_2 | ((prop_1 -> prop_3) U prop_4),G(prop_1 -> (prop_3 U prop_4) | prop_2)
F(prop_1 U GF prop_2),G(prop_1 U prop_2)
prop_3 & (prop_1 | prop_2 | prop_4),G((prop_1 | prop_2 | prop_4) & prop_3)
(prop_1 | prop_3) -> (prop_2 <-> prop_4),G((prop_3 | prop_1) -> (prop_4 <-> prop_2))
G(F prop_1 | G!prop_2),G(prop_1) | G(!prop_2)
(!prop_1 -> prop_3) & F prop_2,G(!prop_1 -> prop_3) & F(prop_2)
!(F prop_1 & GF prop_2),G(!prop_1) & G F prop_2
G((prop_2 & prop_3) -> !F prop_1),G((prop_2 & prop_3) -> !prop_1)
(prop_1 -> prop_2) U (prop_4 -> prop_3),G(prop_1 -> (prop_2 U (prop_4 & F(prop_3))))
G(F prop_1 U G prop_2),prop_1 U G prop_2
